序号,来源图纸,类别,构件名称,规格,编号,轴位,区域,宽度/m,高度/m,左右接,X坐标,Y坐标,图层
1,X-HLP3-AR-B3-LAY-04-001,单扇防火门,单扇平开防火门_带观察窗 - FM乙1123-664855-4F,3500x2300(左) DCC-F,DCC-F,A/B轴,南区,3.50,2.30,左,13500.0,3300.0,A-DOOR
2,X-HLP3-AR-B3-LAY-04-001,扶栏,顶部扶栏类型 - 顶部扶栏_内部_-566161-4F,3500x2300(左) DCC-F,DCC-F,A轴,南区,3.50,2.30,左,0.0,0.0,A-FLOR-HRAL
3,X-HLP3-AR-B3-LAY-04-001,扶栏,顶部扶栏类型 - 顶部扶栏_内部_-V8-4F,3500x2300(左) DCC-F,DCC-F,A轴,南区,3.50,2.30,左,0.0,0.0,A-FLOR-HRAL
4,X-HLP3-AR-B3-LAY-04-001,扶栏,顶部扶栏类型 - 顶部扶栏_内部_-566401-4F,3500x2300(左) DCC-F,DCC-F,A轴,南区,3.50,2.30,左,0.0,0.0,A-FLOR-HRAL
5,X-HLP3-AR-B3-LAY-04-001,扶栏,顶部扶栏类型 - 顶部扶栏_内部_-V9-4F,3500x2300(左) DCC-F,DCC-F,A轴,南区,3.50,2.30,左,0.0,0.0,A-FLOR-HRAL
6,X-HLP3-AR-B3-LAY-04-001,双扇防火门,双扇平开防火门_带观察窗 - FM甲1523_3H_-993714-4F,2365*965,,E/F轴,南区,2.37,0.96,,23650.0,30350.0,A-DOOR
7,X-HLP3-AR-B3-LAY-04-001,卷帘门,墙外卷帘门 - FJLM4830_3H常开_-1003825-4F,1800x1000,,E/F轴,南区,1.80,1.00,,38400.0,30350.0,A-DOOR
8,X-HLP3-AR-B3-LAY-04-001,爬梯,钢爬梯 - 标准-751291-4F,3500x2300(左) DCC-F,DCC-F,A轴,南区,3.50,2.30,左,14300.0,840.0,Q-SPCQ
9,X-HLP3-AR-B3-LAY-04-001,卷帘门,墙外卷帘门 - FJLM4830_3H_-847428-4F,3500x2300(左) DCC-F,DCC-F,A轴,南区,3.50,2.30,左,3850.0,-250.0,A-DOOR
10,X-HLP3-AR-B3-LAY-04-001,扶栏,顶部扶栏类型 - 顶部扶栏_内部_-906893-4F,3500x2300(左) DCC-F,DCC-F,A轴,南区,3.50,2.30,左,0.0,0.0,A-FLOR-HRAL
11,X-HLP3-AR-B3-LAY-04-001,扶栏,顶部扶栏类型 - 顶部扶栏_内部_-V10-4F,3500x2300(左) DCC-F,DCC-F,A轴,南区,3.50,2.30,左,0.0,0.0,A-FLOR-HRAL
12,X-HLP3-AR-B3-LAY-04-001,扶栏,顶部扶栏类型 - 顶部扶栏_内部_-907162-4F,3500x2300(左) DCC-F,DCC-F,A轴,南区,3.50,2.30,左,0.0,0.0,A-FLOR-HRAL
13,X-HLP3-AR-B3-LAY-04-001,扶栏,顶部扶栏类型 - 顶部扶栏_内部_-V11-4F,3500x2300(左) DCC-F,DCC-F,A轴,南区,3.50,2.30,左,0.0,0.0,A-FLOR-HRAL
14,X-HLP3-AR-B3-LAY-04-001,楼板洞口,楼板洞口 - 楼板洞口-翻边100mm-951297-4F,3500x2300(左) DCC-F,DCC-F,A轴,南区,3.50,2.30,左,41950.0,400.0,A-GENM
15,X-HLP3-AR-B3-LAY-04-001,楼板洞口,楼板洞口 - 楼板洞口-翻边100mm-1003749-4F,3500x2300(左) DCC-F,DCC-F,A/B轴,南区,3.50,2.30,左,38850.0,2950.0,A-GENM
16,X-HLP3-AR-B3-LAY-04-001,挡烟垂壁,挡烟垂壁1 - 挡烟垂壁-1009375-4F,2365*965 DCC,DCC,C/D轴,南区,2.37,0.96,,21600.0,18345.98,M-EQPM
17,X-HLP3-AR-B3-LAY-04-001,挡烟垂壁,挡烟垂壁1 - 挡烟垂壁-1170658-4F,3500x2300(左) DCC-F*2,DCC-F*2,A轴,南区,3.50,2.30,左,21600.0,600.0,M-EQPM
18,X-HLP3-AR-B3-LAY-04-001,楼板洞口,楼板洞口 - 楼板洞口-无翻边-1077638-4F,1800x1000,,D/E轴,南区,1.80,1.00,,45800.0,25750.0,A-GENM
19,X-HLP3-AR-B3-LAY-04-001,双扇防火门,双扇平开防火门_带观察窗 - FM甲1523_3H_-993714-4F,2365*965,,E/F轴,南区,2.37,0.96,,27750.0,30350.0,A-DOOR
20,X-HLP3-AR-B3-LAY-04-001,单扇防火门,单扇平开防火门_带观察窗 - FM乙1123-1076157-4F,3500x2300(左) DCC-F,DCC-F,A/B轴,南区,3.50,2.30,左,44100.0,3300.0,A-DOOR
21,X-HLP3-AR-B3-LAY-04-001,楼板洞口,楼板洞口 - 楼板洞口-无翻边-1077639-4F,1800x1000,,D/E轴,南区,1.80,1.00,,48200.0,25750.0,A-GENM
22,X-HLP3-AR-B3-LAY-04-001,扶栏,顶部扶栏类型 - 顶部扶栏_内部_-1124414-4F,3500x2300(左) DCC-F,DCC-F,A轴,南区,3.50,2.30,左,0.0,0.0,A-FLOR-HRAL
23,X-HLP3-AR-B3-LAY-04-001,扶栏,顶部扶栏类型 - 顶部扶栏_内部_-V12-4F,3500x2300(左) DCC-F,DCC-F,A轴,南区,3.50,2.30,左,0.0,0.0,A-FLOR-HRAL
24,X-HLP3-AR-B3-LAY-04-001,楼板洞口,楼板洞口 - 楼板洞口-无翻边-1161634-4F,3500x2300(左) DCC-F,DCC-F,A轴,南区,3.50,2.30,左,14850.0,400.0,A-GENM
25,X-HLP3-AR-B3-LAY-04-001,墙洞口,矩形墙洞-A - 矩形墙洞-A-1161879-4F,3500x2300(左) DCC-F,DCC-F,A/B轴,南区,3.50,2.30,左,35000.0,1925.0,A-GENM
26,X-HLP3-AR-B3-LAY-04-001,双扇防火门,双扇平开防火门_带观察窗 - FM甲1523-1158586-4F,3500x2300(左) DCC-F,DCC-F,A/B轴,南区,3.50,2.30,左,41350.0,3300.0,A-DOOR
27,X-HLP3-AR-B3-LAY-04-001,双扇防火门,双扇平开防火门_带观察窗 - FM甲1523-1158586-4F,3500x2300(左) DCC-F,DCC-F,A/B轴,南区,3.50,2.30,左,37825.0,3300.0,A-DOOR
28,X-HLP3-AR-B3-LAY-04-001,楼板洞口,楼板洞口 - 楼板洞口-无翻边-1161699-4F,3500x2300(左) DCC-F,DCC-F,A轴,南区,3.50,2.30,左,35100.0,400.0,A-GENM
29,X-HLP3-AR-B3-LAY-04-001,墙洞口,矩形墙洞-A - 矩形墙洞-A-1162272-4F,3500x2300(左) DCC-F,DCC-F,A/B轴,南区,3.50,2.30,左,15550.0,2175.0,A-GENM
30,X-HLP3-AR-B3-LAY-04-001,幕墙竖梃/结构构件,LC1 - 4100A - LC3-1219560-4F,1800x1000,,C/D轴,南区,1.80,1.00,,50646.59,18650.0,A-GLAZ
31,X-HLP3-AR-B3-LAY-04-001,幕墙竖梃/结构构件,LC1- 4100C - LC4-1215896-4F,2365*765 DCC,DCC,B/C轴,南区,2.37,0.77,,-253.41,8850.0,A-GLAZ
32,X-HLP3-AR-B3-LAY-04-001,墙洞口,矩形墙洞-A - 矩形墙洞-A-1207370-4F,1800x1000,,D/E轴,南区,1.80,1.00,,46925.0,25650.0,A-GENM
33,X-HLP3-AR-B3-LAY-04-001,闸机,闸机-不带门 - 闸机-不带门-1250305-4F,1800x1000,,D/E轴,南区,1.80,1.00,,43043.03,28635.61,Q-SPCQ
34,X-HLP3-AR-B3-LAY-04-001,闸机,闸机-不带门 - 闸机-不带门-1250305-4F,1800x1000,,D/E轴,南区,1.80,1.00,,41443.03,28635.61,Q-SPCQ
35,X-HLP3-AR-B3-LAY-04-001,闸机,闸机-不带门 - 闸机-不带门-1250305-4F,1800x1000,,D/E轴,南区,1.80,1.00,,39843.03,28635.61,Q-SPCQ
36,X-HLP3-AR-B3-LAY-04-001,闸机,闸机-不带门 - 闸机-不带门-1250305-4F,1800x1000,,D/E轴,南区,1.80,1.00,,37443.03,28635.61,Q-SPCQ
37,X-HLP3-AR-B3-LAY-04-001,闸机,行人出入闸机_002 - 类型 1-1243603-4F,,,D/E轴,南区,,,,34807.46,28745.18,Q-SPCQ
38,X-HLP3-AR-B3-LAY-04-001,闸机,行人出入闸机_002 - 类型 1-1242597-4F,,,E/F轴,南区,,,,34807.46,30354.78,Q-SPCQ
39,X-HLP3-AR-B3-LAY-04-001,闸机,闸机-不带门 - 闸机-不带门-1250305-4F,1800x1000,,D/E轴,南区,1.80,1.00,,39043.25,28635.61,Q-SPCQ
40,X-HLP3-AR-B3-LAY-04-001,门,B3-3_dwg_X-HL-INT-E1-LAY-04$0$DOR-1800-469820-4F,2850x2300(右) DCC-D,DCC-D,E/F轴,南区,2.85,2.30,右,41250.0,34550.0,B3-3_dwg
41,X-HLP3-AR-B3-LAY-04-001,门,B3-2_dwg_X-HL-INT-E1-LAY-03$0$Cores and stairs-3F$0$DOR-2000-463768-4F,2365*965 DCC,DCC,E/F轴,南区,2.37,0.96,,6675.0,34350.0,B3-2_dwg
42,X-HLP3-AR-B3-LAY-04-001,门,B3-2_dwg_X-HL-INT-E1-LAY-03$0$Cores and stairs-3F$0$DOR-2000-463768-4F,3600X500 DCC,DCC,E/F轴,南区,3.60,0.50,,11050.0,35250.0,B3-2_dwg
43,X-HLP3-AR-B3-LAY-04-001,楼梯,下楼梯路径 - 顺砌剖面-937235-4F,3500x2300(左) DCC-F,DCC-F,A/B轴,南区,3.50,2.30,左,45555.59,1389.08,A-DETL-GENF
44,X-HLP3-AR-B3-LAY-04-001,楼梯,下楼梯路径 - 顺砌剖面-937235-4F,3500x2300(左) DCC-F,DCC-F,A/B轴,南区,3.50,2.30,左,11744.41,2209.6,A-DETL-GENF
45,X-HLP3-AR-B3-LAY-04-001,钢梁,钢_梁_工形 - M_连接-刚性-填充-39271-4F,2365*965 DCC,DCC,E/F轴,南区,2.37,0.96,,2400.0,30325.0,0
46,X-HLP3-AR-B3-LAY-04-001,钢梁,钢_梁_工形 - M_连接-刚性-填充-V1-4F,2365*965 DCC,DCC,E/F轴,南区,2.37,0.96,,2650.0,30325.0,0
47,X-HLP3-AR-B3-LAY-04-001,钢柱,钢_柱_方管 - RHS900X900X32-341526-4F,900x900 3500x2300(左) DCC-F,DCC-F,A轴,南区,0.90,0.90,左,450.0,450.0,0
48,X-HLP3-AR-B3-LAY-04-001,钢柱,钢_柱_方管 - RHS900X900X32-341526-4F,900x900 2365*965 DCC,DCC,D/E轴,南区,0.90,0.90,,450.0,23250.0,0
49,X-HLP3-AR-B3-LAY-04-001,钢柱,钢_柱_方管 - RHS900X900X32-341526-4F,900x900 2365*765 DCC,DCC,A轴,南区,0.90,0.90,,7200.0,450.0,0
50,X-HLP3-AR-B3-LAY-04-001,钢柱,钢_柱_方管 - RHS600X600X22-349043-4F,600x600 3500x2300(左) DCC-F,DCC-F,A/B轴,南区,0.60,0.60,左,7050.0,3500.0,0
51,X-HLP3-AR-B3-LAY-04-001,钢柱,钢_柱_方管 - RHS900X900X32-341526-4F,900x900 3600X500,,D/E轴,南区,0.90,0.90,,7200.0,23250.0,0
52,X-HLP3-AR-B3-LAY-04-001,钢柱,钢_柱_方管 - RHS900X900X32-341526-4F,900x900 3500x2300(左) DCC-F,DCC-F,A轴,南区,0.90,0.90,左,14400.0,450.0,0
53,X-HLP3-AR-B3-LAY-04-001,钢柱,钢_柱_方管 - RHS600X600X22-349043-4F,600x600 3500x2300(左) DCC-F,DCC-F,A/B轴,南区,0.60,0.60,左,14550.0,3500.0,0
54,X-HLP3-AR-B3-LAY-04-001,钢柱,钢_柱_方管 - RHS900X900X32-341526-4F,900x900 3600X500,,D/E轴,南区,0.90,0.90,,14400.0,23250.0,0
55,X-HLP3-AR-B3-LAY-04-001,钢柱,钢_柱_方管 - RHS900X900X32-V2-4F,900x900 3500x2300(左) DCC-F*2,DCC-F*2,A轴,南区,0.90,0.90,左,21600.0,450.0,0
56,X-HLP3-AR-B3-LAY-04-001,钢柱,钢_柱_方管 - RHS900X900X32-V3-4F,900x900 2365*965,,D/E轴,南区,0.90,0.90,,21600.0,23250.0,0
57,X-HLP3-AR-B3-LAY-04-001,钢柱,钢_柱_方管 - RHS900X900X32-341526-4F,900x900 3500x2300(左) DCC-F,DCC-F,A轴,南区,0.90,0.90,左,28800.0,450.0,0
58,X-HLP3-AR-B3-LAY-04-001,钢柱,钢_柱_方管 - RHS900X900X32-341526-4F,900x900 2365*965,,D/E轴,南区,0.90,0.90,,28800.0,23250.0,0
59,X-HLP3-AR-B3-LAY-04-001,钢柱,钢_柱_方管 - RHS900X900X32-341526-4F,900x900 3500x2300(左) DCC-F,DCC-F,A轴,南区,0.90,0.90,左,36000.0,450.0,0
60,X-HLP3-AR-B3-LAY-04-001,钢柱,钢_柱_方管 - RHS900X900X32-341526-4F,900x900 1800x1000,,D/E轴,南区,0.90,0.90,,36000.0,23250.0,0
61,X-HLP3-AR-B3-LAY-04-001,钢柱,钢_柱_方管 - RHS900X900X32-341526-4F,900x900 3500x2300(左) DCC-F,DCC-F,A轴,南区,0.90,0.90,左,43200.0,450.0,0
62,X-HLP3-AR-B3-LAY-04-001,钢柱,钢_柱_方管 - RHS600X600X22-349043-4F,600x600 3500x2300(左) DCC-F,DCC-F,A/B轴,南区,0.60,0.60,左,43050.0,3500.0,0
63,X-HLP3-AR-B3-LAY-04-001,钢柱,钢_柱_方管 - RHS900X900X32-341526-4F,900x900 1800x1000,,D/E轴,南区,0.90,0.90,,43200.0,23250.0,0
64,X-HLP3-AR-B3-LAY-04-001,钢柱,钢_柱_方管 - RHS900X900X32-341526-4F,900x900 3500x2300(左) DCC-F,DCC-F,A轴,南区,0.90,0.90,左,49950.0,450.0,0
65,X-HLP3-AR-B3-LAY-04-001,钢柱,钢_柱_方管 - RHS600X600X22-349043-4F,600x600 3500x2300(左) DCC-F,DCC-F,A/B轴,南区,0.60,0.60,左,50100.0,3500.0,0
66,X-HLP3-AR-B3-LAY-04-001,钢柱,钢_柱_方管 - RHS900X900X32-341526-4F,900x900 1800x1000,,D/E轴,南区,0.90,0.90,,49950.0,23250.0,0
67,X-HLP3-AR-B3-LAY-04-001,钢梁,钢_梁_工形 - BW250_9_250_14_250_14-343339-4F,3500x2300(左) DCC-F,DCC-F,A/B轴,南区,3.50,2.30,左,44795.21,2050.0,0
68,X-HLP3-AR-B3-LAY-04-001,混凝土柱,砼_柱_矩形 - 1800X1800 2-344166-4F,1800x1800 2365*965 DCC,DCC,D/E轴,南区,1.80,1.80,,450.0,23250.0,0
69,X-HLP3-AR-B3-LAY-04-001,混凝土柱,砼_柱_矩形 - 1800X1800 2-V4-4F,1800x1800 1800x1000,,D/E轴,南区,1.80,1.80,,49950.0,23250.0,0
70,X-HLP3-AR-B3-LAY-04-001,混凝土柱,砼_柱_矩形 - 1800X1800 2-351773-4F,1800x1800 3500x2300(左) DCC-F,DCC-F,A轴,南区,1.80,1.80,左,450.0,450.0,0
71,X-HLP3-AR-B3-LAY-04-001,混凝土柱,砼_柱_矩形 - 1800X1800 2-V5-4F,1800x1800 2365*765 DCC,DCC,A轴,南区,1.80,1.80,,7200.0,450.0,0
72,X-HLP3-AR-B3-LAY-04-001,混凝土柱,砼_柱_矩形 - 1800X1800 2-V6-4F,1800x1800 3500x2300(左) DCC-F,DCC-F,A轴,南区,1.80,1.80,左,14400.0,450.0,0
73,X-HLP3-AR-B3-LAY-04-001,混凝土柱,砼_柱_矩形 - 1800X1800 2-V6-4F,1800x1800 3500x2300(左) DCC-F*2,DCC-F*2,A轴,南区,1.80,1.80,左,21600.0,450.0,0
74,X-HLP3-AR-B3-LAY-04-001,混凝土柱,砼_柱_矩形 - 1800X1800 2-V6-4F,1800x1800 3500x2300(左) DCC-F,DCC-F,A轴,南区,1.80,1.80,左,28800.0,450.0,0
75,X-HLP3-AR-B3-LAY-04-001,混凝土柱,砼_柱_矩形 - 1800X1800 2-V6-4F,1800x1800 3500x2300(左) DCC-F,DCC-F,A轴,南区,1.80,1.80,左,43200.0,450.0,0
76,X-HLP3-AR-B3-LAY-04-001,混凝土柱,砼_柱_矩形 - 1800X1800 2-V7-4F,1800x1800 3500x2300(左) DCC-F,DCC-F,A轴,南区,1.80,1.80,左,49950.0,450.0,0
77,X-HLP3-AR-B3-LAY-04-001,混凝土柱,砼_柱_矩形 - 1800X1800 2-V6-4F,1800x1800 3500x2300(左) DCC-F,DCC-F,A轴,南区,1.80,1.80,左,36000.0,450.0,0
78,X-HLP3-AR-F3-LAY-01-001,其他,AR-F3-00-STA-001_HLP2_rvt-1-LAY-1F-1_500-A,3500x2300(左) DCC-F,DCC-F,A轴,南区,3.50,2.30,左,-0.0,0.0,0
79,X-HLP3-AR-F3-LAY-01-001,双扇防火门,双扇平开防火门_带观察窗 - FM乙1323-4643283-LAY-1F-1_500-A,,,F/G轴,南区,,,,290450.0,39400.0,A-DOOR
80,X-HLP3-AR-F3-LAY-01-001,双扇防火门,双扇平开防火门_带观察窗 - FM乙1323-4643293-LAY-1F-1_500-A,,,S/T轴,北中区,,,,290450.0,118600.0,A-DOOR
81,X-HLP3-AR-F3-LAY-01-001,双扇防火门,双扇平开防火门_带观察窗 - FM甲1523-4642620-LAY-1F-1_500-A,3500x2300(左) DCC-F,DCC-F,X/Y轴,北区,3.50,2.30,左,246800.0,156000.0,A-DOOR
82,X-HLP3-AR-F3-LAY-01-001,单扇防火门,单扇平开防火门_带观察窗 - FM甲1123-4703327-LAY-1F-1_500-A,2850x2300(右) DCC-D,DCC-D,R/S轴,北中区,2.85,2.30,右,236075.0,115725.0,A-DOOR
83,X-HLP3-AR-F3-LAY-01-001,门,双扇平开门-角度可调 - FM甲1523_160__-4715204-LAY-1F-1_500-A,2850x2300(右) DCC-D,DCC-D,R/S轴,北中区,2.85,2.30,右,16025.0,115725.0,A-DOOR
84,X-HLP3-AR-F3-LAY-01-001,门,双扇平开门-角度可调 - FM甲2530_160___常开_-4636565-LAY-1F-1_500-A,2850x1800(右) DCC-C*2,DCC-C*2,R/S轴,北中区,2.85,1.80,右,67075.0,115725.0,A-DOOR
85,X-HLP3-AR-F3-LAY-01-001,单扇防火门,单扇平开防火门_带观察窗 - FM甲1123-4703358-LAY-1F-1_500-A,2850x2300(右) DCC-E*2,DCC-E*2,F/G轴,南区,2.85,2.30,右,125675.0,43925.0,A-DOOR
86,X-HLP3-AR-F3-LAY-01-001,双扇防火门,双扇平开防火门_带观察窗 - FM甲1524-4642886-LAY-1F-1_500-A,2850x1800(左) DCC-C*2,DCC-C*2,F/G轴,南区,2.85,1.80,左,127600.0,42675.0,A-DOOR
87,X-HLP3-AR-F3-LAY-01-001,双扇防火门,双扇平开防火门_带观察窗 - FM甲2030-4642932-LAY-1F-1_500-A,2000*2300(左) DCC-B,DCC-B,R/S轴,北中区,2.00,2.30,左,185250.0,115725.0,A-DOOR
88,X-HLP3-AR-F3-LAY-01-001,单扇防火门,单扇平开防火门_带观察窗 - FM甲1123-4703329-LAY-1F-1_500-A,2850x2300(右) DCC-D*2,DCC-D*2,R/S轴,北中区,2.85,2.30,右,183275.0,114475.0,A-DOOR
89,X-HLP3-AR-F3-LAY-01-001,单扇防火门,单扇平开防火门_带观察窗 - FM乙1123-4703400-LAY-1F-1_500-A,2850x1800(右) DCC-C*2,DCC-C*2,R/S轴,北中区,2.85,1.80,右,125675.0,114475.0,A-DOOR
90,X-HLP3-AR-F3-LAY-01-001,单扇防火门,单扇平开防火门_带观察窗 - FM甲1123-4703329-LAY-1F-1_500-A,2850x2600(右) DCC-E,DCC-E,R/S轴,北中区,2.85,2.60,右,127600.0,115725.0,A-DOOR
91,X-HLP3-AR-F3-LAY-01-001,单扇防火门,单扇平开防火门_带观察窗 - FM甲1123-4703329-LAY-1F-1_500-A,2850x2300(左) DCC-D,DCC-D,F/G轴,南区,2.85,2.30,左,236050.0,42675.0,A-DOOR
92,X-HLP3-AR-F3-LAY-01-001,单扇防火门,单扇平开防火门_带观察窗 - FM甲1123-4703329-LAY-1F-1_500-A,2000*2300(左) DCC-B,DCC-B,F/G轴,南区,2.00,2.30,左,185150.0,42675.0,A-DOOR
93,X-HLP3-AR-F3-LAY-01-001,单扇防火门,单扇平开防火门_带观察窗 - FM甲1123-4703327-LAY-1F-1_500-A,2850x2300(右) DCC-D*2,DCC-D*2,F/G轴,南区,2.85,2.30,右,183275.0,43925.0,A-DOOR
94,X-HLP3-AR-F3-LAY-01-001,双扇防火门,双扇平开防火门_带观察窗 - FM甲1223-4642740-LAY-1F-1_500-A,2000*2300(右) DCC-B,DCC-B,R/S轴,北中区,2.00,2.30,右,61075.0,110475.0,A-DOOR
95,X-HLP3-AR-F3-LAY-01-001,双扇防火门,双扇平开防火门_带观察窗 - FM甲1223-4642740-LAY-1F-1_500-A,2000*2300(右) DCC-B,DCC-B,Q/R轴,北中区,2.00,2.30,右,61075.0,108675.0,A-DOOR
96,X-HLP3-AR-F3-LAY-01-001,单扇防火门,单扇平开防火门_带观察窗 - FM甲1123-4703327-LAY-1F-1_500-A,2850x2300(右) DCC-D,DCC-D,R/S轴,北中区,2.85,2.30,右,236075.0,113000.0,A-DOOR
97,X-HLP3-AR-F3-LAY-01-001,门,电梯门_客梯 - 5T货梯-4221831-LAY-1F-1_500-A,,,C/D轴,南区,,,,283700.0,16800.0,A-DOOR
98,X-HLP3-AR-F3-LAY-01-001,门,电梯门_客梯 - 2T洁净货梯-4055745-LAY-1F-1_500-A,2365x765 DCC,DCC,G/H轴,南中区,2.37,0.77,,228025.0,46500.0,A-DOOR
99,X-HLP3-AR-F3-LAY-01-001,门,电梯门_客梯 - 2T洁净货梯-4055743-LAY-1F-1_500-A,2000*2300(左) DCC-B,DCC-B,G/H轴,南中区,2.00,2.30,左,61075.0,45150.0,A-DOOR
100,X-HLP3-AR-F3-LAY-01-001,门,电梯门_客梯 - 2T洁净货梯-4055745-LAY-1F-1_500-A,2000x2300(右) DCC-B*2,DCC-B*2,G/H轴,南中区,2.00,2.30,右,12025.0,46500.0,A-DOOR
101,X-HLP3-AR-F3-LAY-01-001,门,电梯门_客梯 - 20T货梯-4055739-LAY-1F-1_500-A,,,A/B轴,南区,,,,283700.0,4050.0,A-DOOR
102,X-HLP3-AR-F3-LAY-01-001,门,电梯门_客梯 - 2T洁净货梯-4055745-LAY-1F-1_500-A,2000*2300(左) DCC-B,DCC-B,R/S轴,北中区,2.00,2.30,左,187725.0,113250.0,A-DOOR
103,X-HLP3-AR-F3-LAY-01-001,门,电梯门_客梯 - 2T洁净货梯-4055745-LAY-1F-1_500-A,2000*2300(右) DCC-D*2,DCC-D*2,R/S轴,北中区,2.00,2.30,右,61075.0,113250.0,A-DOOR
104,X-HLP3-AR-F3-LAY-01-001,双扇防火门,双扇平开防火门_带观察窗 - FM甲1523-4642620-LAY-1F-1_500-A,3500x2300(左) DCC-F,DCC-F,X/Y轴,北区,3.50,2.30,左,244275.0,156000.0,A-DOOR
105,X-HLP3-AR-F3-LAY-01-001,单扇防火门,单扇平开防火门_带观察窗 - FM甲1123-4703327-LAY-1F-1_500-A,2850x2300(左) DCC-D,DCC-D,F/G轴,南区,2.85,2.30,左,233675.0,43925.0,A-DOOR
106,X-HLP3-AR-F3-LAY-01-001,双扇防火门,双扇平开防火门_带观察窗 - FM甲1523-4642620-LAY-1F-1_500-A,2850x2600(右) DCC-E*2,DCC-E*2,Q/R轴,北中区,2.85,2.60,右,16025.0,107475.0,A-DOOR
107,X-HLP3-AR-F3-LAY-01-001,双扇防火门,双扇平开防火门_带观察窗 - FM甲1223-4642740-LAY-1F-1_500-A,2000*2300(左) DCC-B,DCC-B,R/S轴,北中区,2.00,2.30,左,187725.0,110700.0,A-DOOR
108,X-HLP3-AR-F3-LAY-01-001,双扇防火门,双扇平开防火门_带观察窗 - FM甲1223-4642740-LAY-1F-1_500-A,2000*2300(左) DCC,DCC,R/S轴,北中区,2.00,2.30,左,187725.0,109300.0,A-DOOR
109,X-HLP3-AR-F3-LAY-01-001,双扇防火门,双扇平开防火门_带观察窗 - FM甲1223-4643343-LAY-1F-1_500-A,2000*2300(左) DCC-B,DCC-B,R/S轴,北中区,2.00,2.30,左,185250.0,111400.0,A-DOOR
110,X-HLP3-AR-F3-LAY-01-001,单扇防火门,单扇平开防火门_带观察窗 - FM甲1123-4703329-LAY-1F-1_500-A,2850x2300(右) DCC-D,DCC-D,R/S轴,北中区,2.85,2.30,右,233675.0,114475.0,A-DOOR
111,X-HLP3-AR-F3-LAY-01-001,双扇防火门,双扇平开防火门_带观察窗 - FM乙1523-4643247-LAY-1F-1_500-A,,,A轴,南区,,,,251400.0,1154.6,A-DOOR
112,X-HLP3-AR-F3-LAY-01-001,单扇防火门,单扇平开防火门_带观察窗 - FM甲1123-4703327-LAY-1F-1_500-A,2850x2300(右) DCC-D,DCC-D,R/S轴,北中区,2.85,2.30,右,18325.0,114475.0,A-DOOR
113,X-HLP3-AR-F3-LAY-01-001,单扇防火门,单扇平开防火门_带观察窗 - FM甲1123-4703329-LAY-1F-1_500-A,2850x2300(右) DCC-D*2,DCC-D*2,F/G轴,南区,2.85,2.30,右,16075.0,42675.0,A-DOOR
114,X-HLP3-AR-F3-LAY-01-001,双扇防火门,双扇平开防火门_带观察窗 - FM甲1830-4643417-LAY-1F-1_500-A,2850x1800(右) DCC-C*2,DCC-C*2,G/H轴,南中区,2.85,1.80,右,16000.0,50925.0,A-DOOR
115,X-HLP3-AR-F3-LAY-01-001,双扇防火门,双扇平开防火门_带观察窗 - FM甲2530_常开_-4643323-LAY-1F-1_500-A,2000x2600(右) DCC-B,DCC-B,Q/R轴,北中区,2.00,2.60,右,67075.0,107475.0,A-DOOR
116,X-HLP3-AR-F3-LAY-01-001,单扇防火门,单扇平开防火门_带观察窗 - FM甲1123-4703358-LAY-1F-1_500-A,2850x1800(右) DCC-C*2,DCC-C*2,R/S轴,北中区,2.85,1.80,右,68725.0,114475.0,A-DOOR
117,X-HLP3-AR-F3-LAY-01-001,双扇防火门,双扇平开防火门_带观察窗 - FM甲2530_常开_-4642904-LAY-1F-1_500-A,2850x2300(右) DCC-D*2,DCC-D*2,F/G轴,南区,2.85,2.30,右,66950.0,42675.0,A-DOOR
118,X-HLP3-AR-F3-LAY-01-001,单扇防火门,单扇平开防火门_带观察窗 - FM甲1123-4703327-LAY-1F-1_500-A,2850x2300(右) DCC-D*2,DCC-D*2,F/G轴,南区,2.85,2.30,右,68725.0,44150.0,A-DOOR
119,X-HLP3-AR-F3-LAY-01-001,门,电梯门_客梯 - 20T货梯-4055739-LAY-1F-1_500-A,,,B/C轴,南区,,,,283700.0,10850.0,A-DOOR
120,X-HLP3-AR-F3-LAY-01-001,双扇防火门,双扇平开防火门_带观察窗 - FM甲1523-4642620-LAY-1F-1_500-A,,,M/N轴,北中区,,,,273600.0,84250.0,A-DOOR
121,X-HLP3-AR-F3-LAY-01-001,双扇防火门,双扇平开防火门_带观察窗 - FM甲2430-4643545-LAY-1F-1_500-A,,,T/U轴,北中区,,,,31050.0,126300.0,A-DOOR
122,X-HLP3-AR-F3-LAY-01-001,双扇防火门,双扇平开防火门_带观察窗 - FM乙1423-4643265-LAY-1F-1_500-A,,,A/B轴,南区,,,,251400.0,2900.0,A-DOOR
123,X-HLP3-AR-F3-LAY-01-001,卷帘门,电梯卷帘门 - FJLM5340_2H_-3900285-LAY-1F-1_500-A,,,A/B轴,南区,,,,283700.0,3950.0,A-DOOR
124,X-HLP3-AR-F3-LAY-01-001,卷帘门,电梯卷帘门 - FJLM6040_2H_-3900241-LAY-1F-1_500-A,,,B/C轴,南区,,,,283700.0,10800.0,A-DOOR
125,X-HLP3-AR-F3-LAY-01-001,门,双扇平开外门_带观察窗 - GM2430_A_-3863862-LAY-1F-1_500-A,2365*965 DCC,DCC,E/F轴,南区,2.37,0.96,,75.0,32400.0,A-DOOR
126,X-HLP3-AR-F3-LAY-01-001,门,双扇平开外门_带观察窗 - GM3433_A_-4070944-LAY-1F-1_500-A,2850x2300(右) DCC-D,DCC-D,F/G轴,南区,2.85,2.30,右,75.0,40100.0,A-DOOR
127,X-HLP3-AR-F3-LAY-01-001,门,双扇平开外门_带观察窗 - GM2430_A_-3857367-LAY-1F-1_500-A,3500x2300(左) DCC-F,DCC-F,A轴,南区,3.50,2.30,左,127500.0,75.0,A-DOOR
128,X-HLP3-AR-F3-LAY-01-001,门,双扇平开外门_带观察窗 - GM2430_A_-3857367-LAY-1F-1_500-A,3500x2300(右) DCC-F,DCC-F,A轴,南区,3.50,2.30,右,185200.0,75.0,A-DOOR
129,X-HLP3-AR-F3-LAY-01-001,门,单扇平开门1 - CCB1221-3602038-LAY-1F-1_500-A,,,D/E轴,南区,,,,292950.0,23225.0,A-DOOR
130,X-HLP3-AR-F3-LAY-01-001,门,门-上方带亮子 - GM1530_B_-4887992-LAY-1F-1_500-A,,,F/G轴,南区,,,,292700.0,37675.0,A-DOOR
131,X-HLP3-AR-F3-LAY-01-001,门,门-上方带亮子 - GM1530_C_-4888096-LAY-1F-1_500-A,,,S/T轴,北中区,,,,292725.0,120250.0,A-DOOR
132,X-HLP3-AR-F3-LAY-01-001,门,单扇平开门1 - CCB1221-3601981-LAY-1F-1_500-A,,,T/U轴,北中区,,,,292950.0,124025.0,A-DOOR
133,X-HLP3-AR-F3-LAY-01-001,门,双扇平开外门_带观察窗 - GM3030_A_-3863802-LAY-1F-1_500-A,,,X/Y轴,北区,,,,266375.0,158325.0,A-DOOR
134,X-HLP3-AR-F3-LAY-01-001,门,门-上方带亮子 - TFM乙1430_A_-4887965-LAY-1F-1_500-A,DCC-F,DCC-F,X/Y轴,北区,,,,249100.0,158300.0,A-DOOR
135,X-HLP3-AR-F3-LAY-01-001,门,门-上方带亮子 - TFM乙1430_A_-V1-LAY-1F-1_500-A,3500x2300(左) DCC-F,DCC-F,X/Y轴,北区,3.50,2.30,左,247600.0,158300.0,A-DOOR
136,X-HLP3-AR-F3-LAY-01-001,门,双扇平开外门_带观察窗 - FM甲3030_A_-4207277-LAY-1F-1_500-A,3500x2300(左) DCC-F,DCC-F,X/Y轴,北区,3.50,2.30,左,190800.0,158300.0,A-DOOR
137,X-HLP3-AR-F3-LAY-01-001,门,双扇平开外门_带观察窗 - FM甲2530_A_-3867144-LAY-1F-1_500-A,3500x2300(左) DCC-F,DCC-F,X/Y轴,北区,3.50,2.30,左,184850.0,158325.0,A-DOOR
138,X-HLP3-AR-F3-LAY-01-001,门,双扇平开外门_带观察窗 - FM甲2530_A_-V2-LAY-1F-1_500-A,3500x2300(左) DCC-F,DCC-F,X/Y轴,北区,3.50,2.30,左,181750.0,158325.0,A-DOOR
139,X-HLP3-AR-F3-LAY-01-001,门,双扇平开外门_带观察窗 - GM2430_A_-3857367-LAY-1F-1_500-A,3500x2300(左) DCC-F,DCC-F,X/Y轴,北区,3.50,2.30,左,66800.0,158325.0,A-DOOR
140,X-HLP3-AR-F3-LAY-01-001,门,双扇平开外门_带观察窗 - GM1530_A_-3866548-LAY-1F-1_500-A,3500x2300(左) DCC-F,DCC-F,X/Y轴,北区,3.50,2.30,左,70750.0,158325.0,A-DOOR
141,X-HLP3-AR-F3-LAY-01-001,门,双扇平开外门_带观察窗 - FM甲3030_A_-4207425-LAY-1F-1_500-A,3500x2300(左) DCC-F,DCC-F,X/Y轴,北区,3.50,2.30,左,118800.0,158300.0,A-DOOR
142,X-HLP3-AR-F3-LAY-01-001,门,双扇平开外门_带观察窗 - FM甲2430_A_-4207431-LAY-1F-1_500-A,3500x2300(左) DCC-F,DCC-F,X/Y轴,北区,3.50,2.30,左,127500.0,158300.0,A-DOOR
143,X-HLP3-AR-F3-LAY-01-001,门,门-上方带亮子 - GM1530_C_-4887983-LAY-1F-1_500-A,,,F/G轴,南区,,,,292725.0,41100.0,A-DOOR
144,X-HLP3-AR-F3-LAY-01-001,门,双扇平开外门_带观察窗 - GM3433_A_-4070944-LAY-1F-1_500-A,2850x2600(右) DCC-E*2,DCC-E*2,S/T轴,北中区,2.85,2.60,右,75.0,118300.0,A-DOOR
145,X-HLP3-AR-F3-LAY-01-001,卷帘门,墙外卷帘门1 - JLM5058-4446907-LAY-1F-1_500-A,,,R/S轴,北中区,,,,292725.0,111600.0,A-DOOR
146,X-HLP3-AR-F3-LAY-01-001,门,双扇平开外门_带观察窗 - GM3030_A_-3983928-LAY-1F-1_500-A,,,L/M轴,北中区,,,,292725.0,76200.0,A-DOOR
147,X-HLP3-AR-F3-LAY-01-001,门,双扇平开外门_带观察窗 - GM1530_A_-4207283-LAY-1F-1_500-A,3500x2300(左) DCC-F,DCC-F,X/Y轴,北区,3.50,2.30,左,63000.0,158300.0,A-DOOR
148,X-HLP3-AR-F3-LAY-01-001,门,双扇平开外门_带观察窗 - GM1530_A_-4118818-LAY-1F-1_500-A,3500x2300(左) DCC-F,DCC-F,X/Y轴,北区,3.50,2.30,左,124200.0,158300.0,A-DOOR
149,X-HLP3-AR-F3-LAY-01-001,门,双扇平开外门_带观察窗 - GM1530_A_-4335688-LAY-1F-1_500-A,,,E/F轴,南区,,,,292725.0,34175.0,A-DOOR
150,X-HLP3-AR-F3-LAY-01-001,扶栏,顶部扶栏类型 - 顶部扶栏_内部_-1409581-LAY-1F-1_500-A,3500x2300(左) DCC-F,DCC-F,A轴,南区,3.50,2.30,左,-0.0,0.0,A-FLOR-HRAL
151,X-HLP3-AR-F3-LAY-01-001,扶栏,顶部扶栏类型 - 顶部扶栏_内部_-V3-LAY-1F-1_500-A,3500x2300(左) DCC-F,DCC-F,A轴,南区,3.50,2.30,左,-0.0,0.0,A-FLOR-HRAL
152,X-HLP3-AR-F3-LAY-01-001,双扇防火门,双扇平开防火门_带观察窗 - GM1530-4643723-LAY-1F-1_500-A,3500x2300(左) DCC-F,DCC-F,X/Y轴,北区,3.50,2.30,左,179700.0,154800.0,A-DOOR
153,X-HLP3-AR-F3-LAY-01-001,双扇防火门,双扇平开防火门_带观察窗 - GM2530-4643313-LAY-1F-1_500-A,3500x2300(左) DCC-F,DCC-F,W/X轴,北区,3.50,2.30,左,181650.0,151500.0,A-DOOR
154,X-HLP3-AR-F3-LAY-01-001,其他,参数化集水井 - 标准-1519605-LAY-1F-1_500-A,,,M/N轴,北中区,,,,124200.0,81000.0,L-SITE
155,X-HLP3-AR-F3-LAY-01-001,其他,参数化集水井 - 标准-1519605-LAY-1F-1_500-A,2850x2300(左) DCC,DCC,Q/R轴,北中区,2.85,2.30,左,221400.0,102600.0,L-SITE
156,X-HLP3-AR-F3-LAY-01-001,其他,参数化集水井 - 标准-V4-LAY-1F-1_500-A,2850x1800(左) DCC-C*2,DCC-C*2,R/S轴,北中区,2.85,1.80,左,120575.0,112825.0,L-SITE
157,X-HLP3-AR-F3-LAY-01-001,扶栏,顶部扶栏类型 - 顶部扶栏_内部_-1556161-LAY-1F-1_500-A,3500x2300(左) DCC-F,DCC-F,A轴,南区,3.50,2.30,左,-0.0,0.0,A-FLOR-HRAL
158,X-HLP3-AR-F3-LAY-01-001,扶栏,顶部扶栏类型 - 顶部扶栏_内部_-V5-LAY-1F-1_500-A,3500x2300(左) DCC-F,DCC-F,A轴,南区,3.50,2.30,左,-0.0,0.0,A-FLOR-HRAL
159,X-HLP3-AR-F3-LAY-01-001,扶栏,顶部扶栏类型 - 顶部扶栏_内部_-1556177-LAY-1F-1_500-A,3500x2300(左) DCC-F,DCC-F,A轴,南区,3.50,2.30,左,-0.0,0.0,A-FLOR-HRAL
160,X-HLP3-AR-F3-LAY-01-001,扶栏,顶部扶栏类型 - 顶部扶栏_内部_-V6-LAY-1F-1_500-A,3500x2300(左) DCC-F,DCC-F,A轴,南区,3.50,2.30,左,-0.0,0.0,A-FLOR-HRAL
161,X-HLP3-AR-F3-LAY-01-001,扶栏,顶部扶栏类型 - 顶部扶栏_内部_-1556447-LAY-1F-1_500-A,3500x2300(左) DCC-F,DCC-F,A轴,南区,3.50,2.30,左,-0.0,0.0,A-FLOR-HRAL
162,X-HLP3-AR-F3-LAY-01-001,扶栏,顶部扶栏类型 - 顶部扶栏_内部_-V7-LAY-1F-1_500-A,3500x2300(左) DCC-F,DCC-F,A轴,南区,3.50,2.30,左,-0.0,0.0,A-FLOR-HRAL
163,X-HLP3-AR-F3-LAY-01-001,扶栏,顶部扶栏类型 - 顶部扶栏_内部_-1556571-LAY-1F-1_500-A,3500x2300(左) DCC-F,DCC-F,A轴,南区,3.50,2.30,左,-0.0,0.0,A-FLOR-HRAL
164,X-HLP3-AR-F3-LAY-01-001,扶栏,顶部扶栏类型 - 顶部扶栏_内部_-V8-LAY-1F-1_500-A,3500x2300(左) DCC-F,DCC-F,A轴,南区,3.50,2.30,左,-0.0,0.0,A-FLOR-HRAL
165,X-HLP3-AR-F3-LAY-01-001,双扇防火门,双扇平开防火门_带观察窗 - FM甲1527-4643437-LAY-1F-1_500-A,,,S/T轴,北中区,,,,248550.0,121900.0,A-DOOR
166,X-HLP3-AR-F3-LAY-01-001,双扇防火门,双扇平开防火门_带观察窗 - FM甲1523-4642750-LAY-1F-1_500-A,2850x1800(右) DCC-C,DCC-C,R/S轴,北中区,2.85,1.80,右,223200.0,113100.0,A-DOOR
167,X-HLP3-AR-F3-LAY-01-001,双扇防火门,双扇平开防火门_带观察窗 - FM甲1523-4643333-LAY-1F-1_500-A,2850x2300(右) DCC-D,DCC-D,R/S轴,北中区,2.85,2.30,右,16025.0,113000.0,A-DOOR
168,X-HLP3-AR-F3-LAY-01-001,双扇防火门,双扇平开防火门_带观察窗 - FM甲2530-4642914-LAY-1F-1_500-A,2850x2300(右) DCC-D*2,DCC-D*2,F/G轴,南区,2.85,2.30,右,90000.0,42675.0,A-DOOR
169,X-HLP3-AR-F3-LAY-01-001,双扇防火门,双扇平开防火门_带观察窗 - FM甲2530-4642914-LAY-1F-1_500-A,2850x2300(右) DCC-D*2,DCC-D*2,G/H轴,南中区,2.85,2.30,右,93900.0,45250.0,A-DOOR
170,X-HLP3-AR-F3-LAY-01-001,单扇防火门,单扇平开防火门_带观察窗 - FM甲1123-4703430-LAY-1F-1_500-A,2850x1800(右) DCC-C*2,DCC-C*2,R/S轴,北中区,2.85,1.80,右,71925.0,113725.0,A-DOOR
171,X-HLP3-AR-F3-LAY-01-001,单扇防火门,单扇平开防火门_带观察窗 - FM甲1123-4703356-LAY-1F-1_500-A,2850x1800(右) DCC-C*2,DCC-C*2,R/S轴,北中区,2.85,1.80,右,73650.0,115725.0,A-DOOR
172,X-HLP3-AR-F3-LAY-01-001,其他,机动车-大型货车 - LH-A-机动车-大型货车-1174524-LAY-1F-1_500-A,,,D/E轴,南区,,,,301950.0,24304.29,A-GENM
173,X-HLP3-AR-F3-LAY-01-001,其他,机动车-大型货车 - LH-A-机动车-大型货车-1174524-LAY-1F-1_500-A,,,G/H轴,南中区,,,,301850.0,48000.0,A-GENM
174,X-HLP3-AR-F3-LAY-01-001,其他,机动车-大型货车 - LH-A-机动车-大型货车-1174524-LAY-1F-1_500-A,,,H/J轴,南中区,,,,301850.0,53500.0,A-GENM
175,X-HLP3-AR-F3-LAY-01-001,其他,机动车-大型货车 - LH-A-机动车-大型货车-1174524-LAY-1F-1_500-A,,,J/K轴,南中区,,,,301850.0,59000.0,A-GENM
176,X-HLP3-AR-F3-LAY-01-001,其他,机动车-大型货车 - LH-A-机动车-大型货车-1174524-LAY-1F-1_500-A,,,J/K轴,南中区,,,,301850.0,64500.0,A-GENM
177,X-HLP3-AR-F3-LAY-01-001,其他,机动车-大型货车 - LH-A-机动车-大型货车-1174524-LAY-1F-1_500-A,,,K/L轴,南中区,,,,301850.0,70000.0,A-GENM
178,X-HLP3-AR-F3-LAY-01-001,其他,机动车-大型货车 - LH-A-机动车-大型货车-1174524-LAY-1F-1_500-A,,,L/M轴,北中区,,,,301850.0,75500.0,A-GENM
179,X-HLP3-AR-F3-LAY-01-001,其他,机动车-大型货车 - LH-A-机动车-大型货车-1174524-LAY-1F-1_500-A,,,N/P轴,北中区,,,,301850.0,90300.0,A-GENM
180,X-HLP3-AR-F3-LAY-01-001,其他,机动车-大型货车 - LH-A-机动车-大型货车-1174524-LAY-1F-1_500-A,,,N/P轴,北中区,,,,301850.0,93800.0,A-GENM
181,X-HLP3-AR-F3-LAY-01-001,其他,机动车-大型货车 - LH-A-机动车-大型货车-1174524-LAY-1F-1_500-A,,,P/Q轴,北中区,,,,301850.0,97300.0,A-GENM
182,X-HLP3-AR-F3-LAY-01-001,其他,机动车-大型货车 - LH-A-机动车-大型货车-1174524-LAY-1F-1_500-A,,,P/Q轴,北中区,,,,301850.0,100800.0,A-GENM
183,X-HLP3-AR-F3-LAY-01-001,其他,机动车-大型货车 - LH-A-机动车-大型货车-1174524-LAY-1F-1_500-A,,,Q/R轴,北中区,,,,301850.0,104300.0,A-GENM
184,X-HLP3-AR-F3-LAY-01-001,其他,机动车-大型货车 - LH-A-机动车-大型货车-1174524-LAY-1F-1_500-A,,,T/U轴,北中区,,,,301850.0,124000.0,A-GENM
185,X-HLP3-AR-F3-LAY-01-001,其他,机动车-大型货车 - LH-A-机动车-大型货车-1174524-LAY-1F-1_500-A,,,T/U轴,北中区,,,,301850.0,127500.0,A-GENM
186,X-HLP3-AR-F3-LAY-01-001,其他,机动车-大型货车 - LH-A-机动车-大型货车-1174524-LAY-1F-1_500-A,,,U/V轴,北中区,,,,301850.0,131000.0,A-GENM
187,X-HLP3-AR-F3-LAY-01-001,其他,机动车-大型货车 - LH-A-机动车-大型货车-1174524-LAY-1F-1_500-A,,,U/V轴,北中区,,,,301850.0,134500.0,A-GENM
188,X-HLP3-AR-F3-LAY-01-001,其他,机动车-大型货车 - LH-A-机动车-大型货车-1174524-LAY-1F-1_500-A,,,U/V轴,北中区,,,,301850.0,138000.0,A-GENM
189,X-HLP3-AR-F3-LAY-01-001,其他,机动车-大型货车 - LH-A-机动车-大型货车-1174524-LAY-1F-1_500-A,,,W/X轴,北区,,,,301850.0,147049.99,A-GENM
190,X-HLP3-AR-F3-LAY-01-001,其他,机动车-大型货车 - LH-A-机动车-大型货车-1174524-LAY-1F-1_500-A,,,D/E轴,南区,,,,301950.0,28104.29,A-GENM
191,X-HLP3-AR-F3-LAY-01-001,其他,机动车-大型货车 - LH-A-机动车-大型货车-1174524-LAY-1F-1_500-A,,,Y轴,北区,,,,286684.26,162925.61,A-GENM
192,X-HLP3-AR-F3-LAY-01-001,其他,机动车-大型货车 - LH-A-机动车-大型货车-1174524-LAY-1F-1_500-A,,,Y轴,北区,,,,258766.87,162925.61,A-GENM
193,X-HLP3-AR-F3-LAY-01-001,其他,机动车-大型货车 - LH-A-机动车-大型货车-1174524-LAY-1F-1_500-A,,,E/F轴,南区,,,,301950.0,33904.29,A-GENM
194,X-HLP3-AR-F3-LAY-01-001,其他,混凝土雨棚1 - 混凝土雨棚-300mm-2000 2-4361591-LAY-1F-1_500-A,MD 1200x2200 DCC-F*2,DCC-F*2,A轴,南区,1.20,2.20,,201600.0,-650.0,A-GENM
195,X-HLP3-AR-F3-LAY-01-001,其他,混凝土雨棚1 - 混凝土雨棚-300mm-2000 2-V9-LAY-1F-1_500-A,3500x2300(右) DCC-F,DCC-F,A轴,南区,3.50,2.30,右,223200.0,-650.0,A-GENM
196,X-HLP3-AR-F3-LAY-01-001,其他,混凝土雨棚1 - 混凝土雨棚-300mm-2000 2-4366884-LAY-1F-1_500-A,3500x2300(右) DCC-F*2,DCC-F*2,A轴,南区,3.50,2.30,右,238800.0,-650.0,A-GENM
197,X-HLP3-AR-F3-LAY-01-001,其他,混凝土雨棚1 - 混凝土雨棚-300mm-2000 2-4858537-LAY-1F-1_500-A,3500x2300(左) DCC-F,DCC-F,X/Y轴,北区,3.50,2.30,左,65350.0,159050.0,A-GENM
198,X-HLP3-AR-F3-LAY-01-001,其他,混凝土雨棚1 - 混凝土雨棚-300mm-2000 2-4373710-LAY-1F-1_500-A,,,L/M轴,北中区,,,,293100.0,73412.5,A-GENM
199,X-HLP3-AR-F3-LAY-01-001,其他,混凝土雨棚1 - 混凝土雨棚-300mm-2000 2-4311647-LAY-1F-1_500-A,3500x2300(左) DCC-F,DCC-F,X/Y轴,北区,3.50,2.30,左,188725.0,159050.0,A-GENM
200,X-HLP3-AR-F3-LAY-01-001,其他,混凝土雨棚1 - 混凝土雨棚-300mm-2000 2-4311648-LAY-1F-1_500-A,3500x2300(右) DCC-F,DCC-F,A轴,南区,3.50,2.30,右,182700.0,-650.0,A-GENM
201,X-HLP3-AR-F3-LAY-01-001,单扇防火门,单扇平开防火门_带观察窗 - FM甲1123-4703398-LAY-1F-1_500-A,2850x2300(右) DCC-D*2,DCC-D*2,G/H轴,南中区,2.85,2.30,右,71925.0,44750.0,A-DOOR
202,X-HLP3-AR-F3-LAY-01-001,单扇防火门,单扇平开防火门_带观察窗 - FM甲1123-4703356-LAY-1F-1_500-A,2850x2300(右) DCC-D*2,DCC-D*2,F/G轴,南区,2.85,2.30,右,73650.0,42675.0,A-DOOR
203,X-HLP3-AR-F3-LAY-01-001,单扇防火门,单扇平开防火门_带观察窗 - FM甲1123-4703325-LAY-1F-1_500-A,3500x2300(左) DCC-F,DCC-F,X/Y轴,北区,3.50,2.30,左,238250.0,153500.0,A-DOOR
204,X-HLP3-AR-F3-LAY-01-001,楼板洞口,楼板洞口 - 楼板洞口-无翻边-3490095-LAY-1F-1_500-A,2365x765 DCC,DCC,Q/R轴,北中区,2.37,0.77,,283300.0,108300.0,A-GENM
205,X-HLP3-AR-F3-LAY-01-001,单扇防火门,单扇平开防火门_带观察窗 - FM甲1123-4703329-LAY-1F-1_500-A,2850x2300(右) DCC-D*2,DCC-D*2,F/G轴,南区,2.85,2.30,右,18325.0,43925.0,A-DOOR
206,X-HLP3-AR-F3-LAY-01-001,其他,刮泥垫子 - 刮泥垫子-2013459-LAY-1F-1_500-A,3500x2300(右) DCC-F*2,DCC-F*2,A/B轴,南区,3.50,2.30,右,242500.0,1675.0,I-FURN
207,X-HLP3-AR-F3-LAY-01-001,其他,刮泥垫子 - 刮泥垫子-2013321-LAY-1F-1_500-A,3500x2300(左) DCC-F,DCC-F,A/B轴,南区,3.50,2.30,左,66600.0,1675.0,I-FURN
208,X-HLP3-AR-F3-LAY-01-001,其他,刮泥垫子 - 刮泥垫子-4579668-LAY-1F-1_500-A,2850x2300(右) DCC-D,DCC-D,F/G轴,南区,2.85,2.30,右,1925.0,40237.5,I-FURN
209,X-HLP3-AR-F3-LAY-01-001,其他,刮泥垫子 - 刮泥垫子-4847756-LAY-1F-1_500-A,2850x2600(右) DCC-E*2,DCC-E*2,S/T轴,北中区,2.85,2.60,右,1950.0,118162.5,I-FURN
210,X-HLP3-AR-F3-LAY-01-001,其他,刮泥垫子 - 刮泥垫子-2013324-LAY-1F-1_500-A,3500x2300(左) DCC-F,DCC-F,X/Y轴,北区,3.50,2.30,左,66850.0,156800.0,I-FURN
211,X-HLP3-AR-F3-LAY-01-001,其他,刮泥垫子 - 刮泥垫子-2013325-LAY-1F-1_500-A,3500x2300(左) DCC-F,DCC-F,X/Y轴,北区,3.50,2.30,左,242500.0,156800.0,I-FURN
212,X-HLP3-AR-F3-LAY-01-001,楼板洞口,楼板洞口-A - H-翻边100mm-3498615-LAY-1F-1_500-A,3500x2300(左) DCC-F,DCC-F,X/Y轴,北区,3.50,2.30,左,238200.0,156800.0,A-GENM
213,X-HLP3-AR-F3-LAY-01-001,楼板洞口,楼板洞口-A - EL-100X100mm翻边-3498480-LAY-1F-1_500-A,100x100 3500x2300(左) DCC-F,DCC-F,X/Y轴,北区,0.10,0.10,左,238200.0,154200.0,A-GENM
214,X-HLP3-AR-F3-LAY-01-001,其他,参数化集水井 - 标准-1519605-LAY-1F-1_500-A,2400x1300(右) DCC,DCC,M/N轴,北中区,2.40,1.30,右,203400.0,81000.0,L-SITE
215,X-HLP3-AR-F3-LAY-01-001,其他,参数化集水井 - 标准-1519605-LAY-1F-1_500-A,,,M/N轴,北中区,,,,160200.0,81000.0,L-SITE
216,X-HLP3-AR-F3-LAY-01-001,其他,参数化集水井 - 标准-1519605-LAY-1F-1_500-A,2850x2300(左) DCC,DCC,Q/R轴,北中区,2.85,2.30,左,154800.0,106600.0,L-SITE
217,X-HLP3-AR-F3-LAY-01-001,其他,参数化集水井 - 标准-V32-LAY-1F-1_500-A,MD 1200x2200 DCC-F,DCC-F,X/Y轴,北区,1.20,2.20,,199920.0,156600.0,L-SITE
218,X-HLP3-AR-F3-LAY-01-001,双扇防火门,双扇平开防火门_带观察窗 - FM甲1223-4642970-LAY-1F-1_500-A,2850x2300(右) DCC-D,DCC-D,R/S轴,北中区,2.85,2.30,右,240700.0,110700.0,A-DOOR
219,X-HLP3-AR-F3-LAY-01-001,双扇防火门,双扇平开防火门_带观察窗 - FM甲1227-4642988-LAY-1F-1_500-A,2850x2300(右) DCC-D,DCC-D,R/S轴,北中区,2.85,2.30,右,240700.0,112300.0,A-DOOR
220,X-HLP3-AR-F3-LAY-01-001,双扇防火门,双扇平开防火门_带观察窗 - FM甲1223-4642970-LAY-1F-1_500-A,2850x2300(右) DCC-D,DCC-D,G/H轴,南中区,2.85,2.30,右,240700.0,46100.0,A-DOOR
221,X-HLP3-AR-F3-LAY-01-001,双扇防火门,双扇平开防火门_带观察窗 - FM甲1223-4642970-LAY-1F-1_500-A,2850x2300(右) DCC-D,DCC-D,G/H轴,南中区,2.85,2.30,右,240700.0,47700.0,A-DOOR
222,X-HLP3-AR-F3-LAY-01-001,扶栏,顶部扶栏类型 - 顶部扶栏_内部_-2223631-LAY-1F-1_500-A,3500x2300(左) DCC-F,DCC-F,A轴,南区,3.50,2.30,左,-0.0,0.0,A-FLOR-HRAL
223,X-HLP3-AR-F3-LAY-01-001,扶栏,顶部扶栏类型 - 顶部扶栏_内部_-V33-LAY-1F-1_500-A,3500x2300(左) DCC-F,DCC-F,A轴,南区,3.50,2.30,左,-0.0,0.0,A-FLOR-HRAL
224,X-HLP3-AR-F3-LAY-01-001,楼板洞口,楼板洞口 - 楼板洞口-无翻边-3490108-LAY-1F-1_500-A,2850x2600(右) DCC-E*2,DCC-E*2,R/S轴,北中区,2.85,2.60,右,216625.0,114875.0,A-GENM
225,X-HLP3-AR-F3-LAY-01-001,管道/管件,圆形地漏 - 热轧钢管-2093104-LAY-1F-1_500-A,MD 1200x2200 DCC-F,DCC-F,X/Y轴,北区,1.20,2.20,,169200.0,154931.03,P-PIPE
226,X-HLP3-AR-F3-LAY-01-001,扶栏,顶部扶栏类型 - 顶部扶栏_内部_-2272625-LAY-1F-1_500-A,3500x2300(左) DCC-F,DCC-F,A轴,南区,3.50,2.30,左,-0.0,0.0,A-FLOR-HRAL
227,X-HLP3-AR-F3-LAY-01-001,扶栏,顶部扶栏类型 - 顶部扶栏_内部_-V34-LAY-1F-1_500-A,3500x2300(左) DCC-F,DCC-F,A轴,南区,3.50,2.30,左,-0.0,0.0,A-FLOR-HRAL
228,X-HLP3-AR-F3-LAY-01-001,双扇防火门,双扇平开防火门_带观察窗 - FM乙1523-4643247-LAY-1F-1_500-A,,,A/B轴,南区,,,,253550.0,3700.0,A-DOOR
229,X-HLP3-AR-F3-LAY-01-001,单扇防火门,单扇平开防火门_带观察窗 - GM1123-4719313-LAY-1F-1_500-A,,,A/B轴,南区,,,,260050.0,3700.0,A-DOOR
230,X-HLP3-AR-F3-LAY-01-001,管道/管件,圆形地漏_固定_ - 热轧钢管-2270721-LAY-1F-1_500-A,2400x1300(右) DCC,DCC,H/J轴,南中区,2.40,1.30,右,239999.93,52049.98,P-PIPE
231,X-HLP3-AR-F3-LAY-01-001,管道/管件,圆形地漏_固定_ - 热轧钢管-V35-LAY-1F-1_500-A,2850x2300(右) DCC,DCC,G/H轴,南中区,2.85,2.30,右,202849.58,51350.5,P-PIPE
232,X-HLP3-AR-F3-LAY-01-001,管道/管件,圆形地漏_固定_ - 热轧钢管-V35-LAY-1F-1_500-A,2400x1300(右) DCC,DCC,L/M轴,北中区,2.40,1.30,右,202849.58,78150.5,P-PIPE
233,X-HLP3-AR-F3-LAY-01-001,管道/管件,圆形地漏_固定_ - 热轧钢管-V35-LAY-1F-1_500-A,2400x1300(右) DCC,DCC,L/M轴,北中区,2.40,1.30,右,239999.93,77999.98,P-PIPE
234,X-HLP3-AR-F3-LAY-01-001,管道/管件,圆形地漏_固定_ - 热轧钢管-V35-LAY-1F-1_500-A,2400x1300(右) DCC,DCC,F/G轴,南区,2.40,1.30,右,222200.0,44350.33,P-PIPE
235,X-HLP3-AR-F3-LAY-01-001,其他,水沟 - 水沟-4564383-LAY-1F-1_500-A,3500x2300(右) DCC-F*2,DCC-F*2,A/B轴,南区,3.50,2.30,右,191524.53,3124.94,S-BEAM-HDLN
236,X-HLP3-AR-F3-LAY-01-001,其他,水沟 - 水沟-V36-LAY-1F-1_500-A,3500x2300(右) DCC-F,DCC-F,A/B轴,南区,3.50,2.30,右,187299.53,3124.94,S-BEAM-HDLN
237,X-HLP3-AR-F3-LAY-01-001,管道/管件,圆形地漏1 - DN100-2464936-LAY-1F-1_500-A,3500x2300(右) DCC-F*2,DCC-F*2,A/B轴,南区,3.50,2.30,右,191525.47,1699.87,P-PIPE
238,X-HLP3-AR-F3-LAY-01-001,管道/管件,圆形地漏1 - DN100-2464936-LAY-1F-1_500-A,3500x2300(右) DCC-F,DCC-F,A/B轴,南区,3.50,2.30,右,187300.94,1699.87,P-PIPE
239,X-HLP3-AR-F3-LAY-01-001,其他,水沟 - 水沟-2507537-LAY-1F-1_500-A,3500x2300(左) DCC-F,DCC-F,W/X轴,北区,3.50,2.30,左,123875.0,151875.0,S-BEAM-HDLN
240,X-HLP3-AR-F3-LAY-01-001,其他,水沟 - 水沟-2507731-LAY-1F-1_500-A,3500x2300(左) DCC-F,DCC-F,X/Y轴,北区,3.50,2.30,左,122500.0,154390.5,S-BEAM-HDLN
241,X-HLP3-AR-F3-LAY-01-001,其他,水沟 - 水沟-V37-LAY-1F-1_500-A,3500x2300(左) DCC-F,DCC-F,X/Y轴,北区,3.50,2.30,左,125250.0,154390.5,S-BEAM-HDLN
242,X-HLP3-AR-F3-LAY-01-001,其他,水沟 - 水沟-2507857-LAY-1F-1_500-A,3500x2300(左) DCC-F,DCC-F,W/X轴,北区,3.50,2.30,左,176580.0,151900.0,S-BEAM-HDLN
243,X-HLP3-AR-F3-LAY-01-001,其他,水沟 - 水沟-3410875-LAY-1F-1_500-A,3500x2300(左) DCC-F,DCC-F,X/Y轴,北区,3.50,2.30,左,173650.0,154900.04,S-BEAM-HDLN
244,X-HLP3-AR-F3-LAY-01-001,其他,水沟 - 水沟-V38-LAY-1F-1_500-A,3500x2300(左) DCC-F,DCC-F,X/Y轴,北区,3.50,2.30,左,176580.0,157900.08,S-BEAM-HDLN
245,X-HLP3-AR-F3-LAY-01-001,管道/管件,圆形地漏1 - DN100-2464936-LAY-1F-1_500-A,3500x2300(左) DCC-F,DCC-F,W/X轴,北区,3.50,2.30,左,179100.0,151950.0,P-PIPE
246,X-HLP3-AR-F3-LAY-01-001,管道/管件,圆形地漏1 - DN100-2464936-LAY-1F-1_500-A,3500x2300(左) DCC-F,DCC-F,X/Y轴,北区,3.50,2.30,左,179000.0,157950.0,P-PIPE
247,X-HLP3-AR-F3-LAY-01-001,楼板洞口,楼板洞口 - 楼板洞口-无翻边-3490107-LAY-1F-1_500-A,2850x1800(左) DCC-C,DCC-C,F/G轴,南区,2.85,1.80,左,209425.0,42875.0,A-GENM
248,X-HLP3-AR-F3-LAY-01-001,楼板洞口,楼板洞口 - 楼板洞口-无翻边-3490089-LAY-1F-1_500-A,2850x1800(右) DCC-C*2,DCC-C*2,F/G轴,南区,2.85,1.80,右,79825.0,42775.0,A-GENM
249,X-HLP3-AR-F3-LAY-01-001,楼板洞口,楼板洞口 - 楼板洞口-无翻边-3490105-LAY-1F-1_500-A,2850x1800(右) DCC-C*2,DCC-C*2,R/S轴,北中区,2.85,1.80,右,202225.0,114875.0,A-GENM
250,X-HLP3-AR-F3-LAY-01-001,楼板洞口,楼板洞口 - 楼板洞口-无翻边-V39-LAY-1F-1_500-A,2850x1800(右) DCC-C,DCC-C,R/S轴,北中区,2.85,1.80,右,209425.0,114875.0,A-GENM
251,X-HLP3-AR-F3-LAY-01-001,楼板洞口,楼板洞口 - 楼板洞口-翻边100mm-3490106-LAY-1F-1_500-A,2850x1800(右) DCC-C,DCC-C,R/S轴,北中区,2.85,1.80,右,223825.0,114875.0,A-GENM
252,X-HLP3-AR-F3-LAY-01-001,其他,混凝土雨棚1 - 混凝土雨棚-300mm-2000 2-4311649-LAY-1F-1_500-A,,,X/Y轴,北区,,,,257412.5,159050.0,A-GENM
253,X-HLP3-AR-F3-LAY-01-001,门,双扇平开外门_带观察窗 - GM3030_A_-4238983-LAY-1F-1_500-A,,,A轴,南区,,,,278400.3,75.0,A-DOOR
254,X-HLP3-AR-F3-LAY-01-001,卷帘门,墙外卷帘门1 - JLM6050-4446901-LAY-1F-1_500-A,,,A轴,南区,,,,268800.0,75.0,A-DOOR
255,X-HLP3-AR-F3-LAY-01-001,窗,百叶窗-带贴面 - BYC9630A-4863995-LAY-1F-1_500-A,,,A轴,南区,,,,278388.94,-225.0,A-GLAZ
256,X-HLP3-AR-F3-LAY-01-001,其他,混凝土雨棚1 - 混凝土雨棚-500x5500-4380737-LAY-1F-1_500-A,500x5500 2850x1800(左) DCC-C*2,DCC-C*2,M/N轴,北中区,0.50,5.50,左,-300.0,82800.0,A-GENM
257,X-HLP3-AR-F3-LAY-01-001,其他,机动车-大型货车 - LH-A-机动车-大型货车-1174524-LAY-1F-1_500-A,3500x2300(左) DCC-F,DCC-F,Y轴,北区,3.50,2.30,左,210196.85,162925.61,A-GENM
258,X-HLP3-AR-F3-LAY-01-001,其他,机动车-大型货车 - LH-A-机动车-大型货车-1174524-LAY-1F-1_500-A,3500x2300(左) DCC-F,DCC-F,Y轴,北区,3.50,2.30,左,158696.85,162925.61,A-GENM
259,X-HLP3-AR-F3-LAY-01-001,其他,混凝土雨棚1 - 混凝土雨棚-300mm-2000 2-4859310-LAY-1F-1_500-A,2850x2600(右) DCC-E*2,DCC-E*2,S/T轴,北中区,2.85,2.60,右,-300.0,118300.0,A-GENM
260,X-HLP3-AR-F3-LAY-01-001,楼板洞口,楼板洞口 - 楼板洞口-无翻边-V39-LAY-1F-1_500-A,2850x1800(右) DCC-C*2,DCC-C*2,R/S轴,北中区,2.85,1.80,右,195025.0,114875.0,A-GENM
261,X-HLP3-AR-F3-LAY-01-001,楼板洞口,楼板洞口 - 楼板洞口-无翻边-V40-LAY-1F-1_500-A,2850x1800(右) DCC-C*2,DCC-C*2,R/S轴,北中区,2.85,1.80,右,151825.0,114575.0,A-GENM
262,X-HLP3-AR-F3-LAY-01-001,扶栏,顶部扶栏类型 - 顶部扶栏_内部_-2640410-LAY-1F-1_500-A,3500x2300(左) DCC-F,DCC-F,A轴,南区,3.50,2.30,左,-0.0,0.0,A-FLOR-HRAL
263,X-HLP3-AR-F3-LAY-01-001,扶栏,顶部扶栏类型 - 顶部扶栏_内部_-V41-LAY-1F-1_500-A,3500x2300(左) DCC-F,DCC-F,A轴,南区,3.50,2.30,左,-0.0,0.0,A-FLOR-HRAL
264,X-HLP3-AR-F3-LAY-01-001,双扇防火门,双扇平开防火门_带观察窗 - FM甲1523-4642620-LAY-1F-1_500-A,,,F/G轴,南区,,,,273600.0,41100.0,A-DOOR
265,X-HLP3-AR-F3-LAY-01-001,单扇防火门,单扇平开防火门_带观察窗 - FDM1123-4718567-LAY-1F-1_500-A,2365x765 DCC,DCC,Q/R轴,北中区,2.37,0.77,,283200.0,106850.0,A-DOOR
266,X-HLP3-AR-F3-LAY-01-001,管道/管件,U型排水沟_有盖板_L型 - 标准-2762191-LAY-1F-1_500-A,2400x1300(右) DCC,DCC,M/N轴,北中区,2.40,1.30,右,202209.74,87100.0,L-SITE
267,X-HLP3-AR-F3-LAY-01-001,管道/管件,U型排水沟_有盖板_L型 - 标准-2762191-LAY-1F-1_500-A,,,M/N轴,北中区,,,,159009.74,87100.0,L-SITE
268,X-HLP3-AR-F3-LAY-01-001,其他,钢格栅盖板 - 钢格栅盖板-2788219-LAY-1F-1_500-A,2850x1800(右) DCC-C*2,DCC-C*2,F/G轴,南区,2.85,1.80,右,79350.0,39800.0,I-FURN
269,X-HLP3-AR-F3-LAY-01-001,其他,钢格栅盖板 - 钢格栅盖板-2788219-LAY-1F-1_500-A,2850x1800(右) DCC-C*2,DCC-C*2,F/G轴,南区,2.85,1.80,右,151350.0,39800.0,I-FURN
270,X-HLP3-AR-F3-LAY-01-001,其他,钢格栅盖板 - 钢格栅盖板-V42-LAY-1F-1_500-A,2850x1800(右) DCC-C,DCC-C,R/S轴,北中区,2.85,1.80,右,79350.0,115825.0,I-FURN
271,X-HLP3-AR-F3-LAY-01-001,其他,钢格栅盖板 - 钢格栅盖板-V43-LAY-1F-1_500-A,2850x1800(右) DCC-C*2,DCC-C*2,R/S轴,北中区,2.85,1.80,右,151350.0,115819.3,I-FURN
272,X-HLP3-AR-F3-LAY-01-001,其他,钢格栅盖板 - 钢格栅盖板-V43-LAY-1F-1_500-A,2850x1800(右) DCC-C,DCC-C,R/S轴,北中区,2.85,1.80,右,223350.0,115819.3,I-FURN
273,X-HLP3-AR-F3-LAY-01-001,楼板洞口,楼板洞口 - 楼板洞口-翻边100mm-3490111-LAY-1F-1_500-A,3500x2300(左) DCC-F,DCC-F,W/X轴,北区,3.50,2.30,左,68700.0,149500.0,A-GENM
274,X-HLP3-AR-F3-LAY-01-001,单扇防火门,单扇平开防火门_带观察窗 - FM甲0821-4703376-LAY-1F-1_500-A,3500x2300(左) DCC-F,DCC-F,X/Y轴,北区,3.50,2.30,左,71100.0,156300.0,A-DOOR
275,X-HLP3-AR-F3-LAY-01-001,门,双扇平开门-角度可调 - FM甲2427_160__-4689979-LAY-1F-1_500-A,2365x1165 DCC,DCC,D/E轴,南区,2.37,1.17,,268800.0,26400.0,A-DOOR
276,X-HLP3-AR-F3-LAY-01-001,门,双扇平开门-角度可调 - FM甲2427_160__-4689979-LAY-1F-1_500-A,2365x1165（右） DCC,DCC,G/H轴,南中区,2.37,1.17,右,268800.0,46300.0,A-DOOR
277,X-HLP3-AR-F3-LAY-01-001,门,双扇平开门-角度可调 - FM甲2427_160__-4689979-LAY-1F-1_500-A,2365x1165（右） DCC,DCC,H/J轴,南中区,2.37,1.17,右,264500.0,54000.0,A-DOOR
278,X-HLP3-AR-F3-LAY-01-001,门,双扇平开门-角度可调 - FM甲2427_160__-4689979-LAY-1F-1_500-A,,,K/L轴,南中区,,,,268800.0,69200.0,A-DOOR
279,X-HLP3-AR-F3-LAY-01-001,门,双扇平开门-角度可调 - FM甲2427_160__-4689979-LAY-1F-1_500-A,,,L/M轴,北中区,,,,268800.0,77400.0,A-DOOR
280,X-HLP3-AR-F3-LAY-01-001,门,双扇平开门-角度可调 - FM甲2427_160__-4689979-LAY-1F-1_500-A,,,M/N轴,北中区,,,,264500.0,84100.0,A-DOOR
281,X-HLP3-AR-F3-LAY-01-001,门,双扇平开门-角度可调 - FM甲2427_160__-4689979-LAY-1F-1_500-A,2365x765 DCC,DCC,Q/R轴,北中区,2.37,0.77,,264500.0,105000.0,A-DOOR
282,X-HLP3-AR-F3-LAY-01-001,单扇防火门,单扇平开防火门_带观察窗 - FM甲1123-4703534-LAY-1F-1_500-A,,,T/U轴,北中区,,,,264500.0,123750.0,A-DOOR
283,X-HLP3-AR-F3-LAY-01-001,门,双扇平开门-角度可调 - FM甲2427_160__-4689979-LAY-1F-1_500-A,,,U/V轴,北中区,,,,264500.0,134400.0,A-DOOR
284,X-HLP3-AR-F3-LAY-01-001,门,双扇平开门-角度可调 - FM甲2427_160__-4689979-LAY-1F-1_500-A,,,V/W轴,北区,,,,264500.0,140000.0,A-DOOR
285,X-HLP3-AR-F3-LAY-01-001,单扇防火门,单扇平开防火门_带观察窗 - FM甲1123-4703391-LAY-1F-1_500-A,,,T/U轴,北中区,,,,268800.0,125750.0,A-DOOR
286,X-HLP3-AR-F3-LAY-01-001,单扇防火门,单扇平开防火门_带观察窗 - FM甲1123-4703391-LAY-1F-1_500-A,,,W/X轴,北区,,,,264500.0,149850.0,A-DOOR
287,X-HLP3-AR-F3-LAY-01-001,双扇防火门,双扇平开防火门_带观察窗 - FM甲2530_常开_-4643323-LAY-1F-1_500-A,2000x2600(右) DCC-J*2,DCC-J*2,G/H轴,南中区,2.00,2.60,右,66950.0,47000.0,A-DOOR
288,X-HLP3-AR-F3-LAY-01-001,双扇防火门,双扇平开防火门_带观察窗 - FM甲1223-4642740-LAY-1F-1_500-A,2000*2300(右) DCC-B,DCC-B,G/H轴,南中区,2.00,2.30,右,65100.0,48975.0,A-DOOR
289,X-HLP3-AR-F3-LAY-01-001,双扇防火门,双扇平开防火门_带观察窗 - FM甲2030-4642932-LAY-1F-1_500-A,2000*2300(左) DCC-B,DCC-B,F/G轴,南区,2.00,2.30,左,59600.0,42675.0,A-DOOR
290,X-HLP3-AR-F3-LAY-01-001,双扇防火门,双扇平开防火门_带观察窗 - FM甲1223-4644483-LAY-1F-1_500-A,2850x1800(左) DCC-C*2,DCC-C*2,R/S轴,北中区,2.85,1.80,左,132100.0,110700.0,A-DOOR
291,X-HLP3-AR-F3-LAY-01-001,双扇防火门,双扇平开防火门_带观察窗 - FM甲1223-4644483-LAY-1F-1_500-A,2850x1800(左) DCC-C*2,DCC-C*2,R/S轴,北中区,2.85,1.80,左,132100.0,112300.0,A-DOOR
292,X-HLP3-AR-F3-LAY-01-001,双扇防火门,双扇平开防火门_带观察窗 - FM甲1527-4643651-LAY-1F-1_500-A,,,A/B轴,南区,,,,251300.0,5350.0,A-DOOR
293,X-HLP3-AR-F3-LAY-01-001,双扇防火门,双扇平开防火门_带观察窗 - FM甲2030-4642942-LAY-1F-1_500-A,2850x2300(右) DCC-D*2,DCC-D*2,R/S轴,北中区,2.85,2.30,右,59625.0,115725.0,A-DOOR
294,X-HLP3-AR-F3-LAY-01-001,双扇防火门,双扇平开防火门_带观察窗 - FM甲2430-4642638-LAY-1F-1_500-A,2850x2300(右) DCC-D,DCC-D,S/T轴,北中区,2.85,2.30,右,31050.0,122100.0,A-DOOR
295,X-HLP3-AR-F3-LAY-01-001,双扇防火门,双扇平开防火门_带观察窗 - FM甲1530-4643303-LAY-1F-1_500-A,2850x1800(右) DCC-C*2,DCC-C*2,T/U轴,北中区,2.85,1.80,右,72900.0,123900.0,A-DOOR
296,X-HLP3-AR-F3-LAY-01-001,双扇防火门,双扇平开防火门_带观察窗 - FM甲2430-4642638-LAY-1F-1_500-A,,,S/T轴,北中区,,,,190200.0,122100.0,A-DOOR
297,X-HLP3-AR-F3-LAY-01-001,单扇防火门,单扇平开防火门_带观察窗 - FM甲1123-4703396-LAY-1F-1_500-A,3500x2300(左) DCC-F,DCC-F,W/X轴,北区,3.50,2.30,左,238750.0,150900.0,A-DOOR
298,X-HLP3-AR-F3-LAY-01-001,单扇防火门,单扇平开防火门_带观察窗 - FM甲1123-4703325-LAY-1F-1_500-A,3500x2300(左) DCC-F,DCC-F,W/X轴,北区,3.50,2.30,左,240700.0,151750.0,A-DOOR
299,X-HLP3-AR-F3-LAY-01-001,双扇防火门,双扇平开防火门_带观察窗 - FM甲3433-4643127-LAY-1F-1_500-A,2850x2300(右) DCC-D,DCC-D,F/G轴,南区,2.85,2.30,右,111600.0,42675.0,A-DOOR
300,X-HLP3-AR-F3-LAY-01-001,双扇防火门,双扇平开防火门_带观察窗 - FM甲2430-4642638-LAY-1F-1_500-A,2850x1800(右) DCC-C*2,DCC-C*2,G/H轴,南中区,2.85,1.80,右,136500.0,47600.0,A-DOOR
301,X-HLP3-AR-F3-LAY-01-001,门,180_平开门 - FM甲2430-4709491-LAY-1F-1_500-A,2850x1800(左) DCC-C*2,DCC-C*2,F/G轴,南区,2.85,1.80,左,134325.0,42675.0,A-DOOR
302,X-HLP3-AR-F3-LAY-01-001,双扇防火门,双扇平开防火门_带观察窗 - FM甲3030-4643016-LAY-1F-1_500-A,2850x1800(右) DCC-C*2,DCC-C*2,E/F轴,南区,2.85,1.80,右,82000.0,36300.0,A-DOOR
303,X-HLP3-AR-F3-LAY-01-001,门,单扇平开门1 - FDM0821-4566175-LAY-1F-1_500-A,,,Q/R轴,北中区,,,,291200.0,102900.0,A-DOOR
304,X-HLP3-AR-F3-LAY-01-001,双扇防火门,双扇平开防火门_带观察窗 - KBM1824-4644501-LAY-1F-1_500-A,,,C/D轴,南区,,,,119300.0,16150.0,A-DOOR
305,X-HLP3-AR-F3-LAY-01-001,双扇防火门,双扇平开防火门_带观察窗 - KBM1824-4644501-LAY-1F-1_500-A,,,C/D轴,南区,,,,122100.0,16150.0,A-DOOR
306,X-HLP3-AR-F3-LAY-01-001,单扇防火门,单扇平开防火门_带观察窗 - KBM1123-4703352-LAY-1F-1_500-A,,,B/C轴,南区,,,,121350.0,14150.0,A-DOOR
307,X-HLP3-AR-F3-LAY-01-001,双扇防火门,双扇平开防火门_带观察窗 - FM甲1824-4642820-LAY-1F-1_500-A,,,C/D轴,南区,,,,125800.0,16150.0,A-DOOR
308,X-HLP3-AR-F3-LAY-01-001,单扇防火门,单扇平开防火门_带观察窗 - KBM1123-4703538-LAY-1F-1_500-A,3500x2300(右) DCC-F,DCC-F,A/B轴,南区,3.50,2.30,右,205600.0,6050.0,A-DOOR
309,X-HLP3-AR-F3-LAY-01-001,单扇防火门,单扇平开防火门_带观察窗 - KBM1123-4703538-LAY-1F-1_500-A,3500x2300(右) DCC-F,DCC-F,A/B轴,南区,3.50,2.30,右,208800.0,6050.0,A-DOOR
310,X-HLP3-AR-F3-LAY-01-001,单扇防火门,单扇平开防火门_带观察窗 - KBM1123-4703538-LAY-1F-1_500-A,3500x2300(右) DCC-F,DCC-F,A/B轴,南区,3.50,2.30,右,216000.0,6050.0,A-DOOR
311,X-HLP3-AR-F3-LAY-01-001,单扇防火门,单扇平开防火门_带观察窗 - KBM1123-4703538-LAY-1F-1_500-A,3500x2300(右) DCC-F,DCC-F,A/B轴,南区,3.50,2.30,右,219200.0,6050.0,A-DOOR
312,X-HLP3-AR-F3-LAY-01-001,单扇防火门,单扇平开防火门_带观察窗 - KBM1123-V44-LAY-1F-1_500-A,3500x2300(右) DCC-F,DCC-F,A/B轴,南区,3.50,2.30,右,217750.0,4900.0,A-DOOR
313,X-HLP3-AR-F3-LAY-01-001,单扇防火门,单扇平开防火门_带观察窗 - KBM1123-4703378-LAY-1F-1_500-A,3500x2300(右) DCC-F,DCC-F,A/B轴,南区,3.50,2.30,右,207550.0,4900.0,A-DOOR
314,X-HLP3-AR-F3-LAY-01-001,双扇防火门,双扇平开防火门_带观察窗 - FM甲3840-4644557-LAY-1F-1_500-A,2365x1165,,C/D轴,南区,2.37,1.17,,266650.0,20250.0,A-DOOR
315,X-HLP3-AR-F3-LAY-01-001,双扇防火门,双扇平开防火门_带观察窗 - FM甲1530-4643177-LAY-1F-1_500-A,,,A/B轴,南区,,,,256550.0,6700.0,A-DOOR
316,X-HLP3-AR-F3-LAY-01-001,卷帘门,墙外卷帘门1 - JLM4040-4606898-LAY-1F-1_500-A,2365x1165（右） DCC,DCC,F/G轴,南区,2.37,1.17,右,259200.0,42700.0,A-DOOR
317,X-HLP3-AR-F3-LAY-01-001,门,双扇平开门-角度可调 - FM甲2427_160__-4689997-LAY-1F-1_500-A,,,N/P轴,北中区,,,,268800.0,89400.0,A-DOOR
318,X-HLP3-AR-F3-LAY-01-001,门,双扇平开门-角度可调 - FM甲2427_160__-4689997-LAY-1F-1_500-A,,,P/Q轴,北中区,,,,268800.0,96300.0,A-DOOR
319,X-HLP3-AR-F3-LAY-01-001,门,双扇平开门-角度可调 - FM甲2427_160__-4689997-LAY-1F-1_500-A,2365x765 DCC,DCC,R/S轴,北中区,2.37,0.77,,268800.0,112860.0,A-DOOR
320,X-HLP3-AR-F3-LAY-01-001,门,双扇平开门-角度可调 - FM甲2427_160__-4689997-LAY-1F-1_500-A,,,V/W轴,北区,,,,268800.0,138100.0,A-DOOR
321,X-HLP3-AR-F3-LAY-01-001,双扇防火门,双扇平开防火门_带观察窗 - FM甲2530-4642858-LAY-1F-1_500-A,2850x2600(右) DCC-E,DCC-E,R/S轴,北中区,2.85,2.60,右,134475.0,115725.0,A-DOOR
322,X-HLP3-AR-F3-LAY-01-001,双扇防火门,双扇平开防火门_带观察窗 - FM甲2530-4644473-LAY-1F-1_500-A,2850x2600(右) DCC-E,DCC-E,R/S轴,北中区,2.85,2.60,右,134475.0,113200.0,A-DOOR
323,X-HLP3-AR-F3-LAY-01-001,双扇防火门,双扇平开防火门_带观察窗 - FM甲1524-4643427-LAY-1F-1_500-A,2850x1800(右) DCC-C*2,DCC-C*2,G/H轴,南中区,2.85,1.80,右,127600.0,45300.0,A-DOOR
324,X-HLP3-AR-F3-LAY-01-001,双扇防火门,双扇平开防火门_带观察窗 - FM甲3030-4643016-LAY-1F-1_500-A,2850x2300(右) DCC-D,DCC-D,S/T轴,北中区,2.85,2.30,右,244275.0,118800.0,A-DOOR
325,X-HLP3-AR-F3-LAY-01-001,双扇防火门,双扇平开防火门_带观察窗 - FM甲2530-4644473-LAY-1F-1_500-A,2850x1800(左) DCC-C*2,DCC-C*2,R/S轴,北中区,2.85,1.80,左,108300.0,111600.0,A-DOOR
326,X-HLP3-AR-F3-LAY-01-001,双扇防火门,双扇平开防火门_带观察窗 - FM甲3030-4644577-LAY-1F-1_500-A,2850x1800(右) DCC-D,DCC-D,R/S轴,北中区,2.85,1.80,右,100800.0,111600.0,A-DOOR
327,X-HLP3-AR-F3-LAY-01-001,双扇防火门,双扇平开防火门_带观察窗 - FM甲3030-4643167-LAY-1F-1_500-A,2850x2300(右) DCC-D*2,DCC-D*2,R/S轴,北中区,2.85,2.30,右,104400.0,115725.0,A-DOOR
328,X-HLP3-AR-F3-LAY-01-001,双扇防火门,双扇平开防火门_带观察窗 - FM甲2530-4644473-LAY-1F-1_500-A,2850x1800(左) DCC-C*2,DCC-C*2,R/S轴,北中区,2.85,1.80,左,136800.0,110275.0,A-DOOR
329,X-HLP3-AR-F3-LAY-01-001,双扇防火门,双扇平开防火门_带观察窗 - FM甲2530-4642848-LAY-1F-1_500-A,2850x1800(左) DCC-C*2,DCC-C*2,F/G轴,南区,2.85,1.80,左,55350.0,42675.0,A-DOOR
330,X-HLP3-AR-F3-LAY-01-001,双扇防火门,双扇平开防火门_带观察窗 - FM甲2530-4644473-LAY-1F-1_500-A,,,N/P轴,北中区,,,,108300.0,88250.0,A-DOOR
331,X-HLP3-AR-F3-LAY-01-001,双扇防火门,双扇平开防火门_带观察窗 - FM甲2530-4643137-LAY-1F-1_500-A,2365x1165（左） DCC,DCC,G/H轴,南中区,2.37,1.17,左,242625.0,45400.0,A-DOOR
332,X-HLP3-AR-F3-LAY-01-001,双扇防火门,双扇平开防火门_带观察窗 - FM甲2530-4643137-LAY-1F-1_500-A,2365x1165（左） DCC,DCC,F/G轴,南区,2.37,1.17,左,242625.0,42675.0,A-DOOR
333,X-HLP3-AR-F3-LAY-01-001,双扇防火门,双扇平开防火门_带观察窗 - FM甲1527-4643437-LAY-1F-1_500-A,2000*2300(左) DCC-B,DCC-B,G/H轴,南中区,2.00,2.30,左,192825.0,46800.0,A-DOOR
334,X-HLP3-AR-F3-LAY-01-001,双扇防火门,双扇平开防火门_带观察窗 - FM甲1223-4642656-LAY-1F-1_500-A,2000*2300(左) DCC-B,DCC-B,G/H轴,南中区,2.00,2.30,左,190800.0,45900.0,A-DOOR
335,X-HLP3-AR-F3-LAY-01-001,双扇防火门,双扇平开防火门_带观察窗 - FM甲3433-4643147-LAY-1F-1_500-A,2850x2300(右) DCC-D,DCC-D,F/G轴,南区,2.85,2.30,右,198000.0,42675.0,A-DOOR
336,X-HLP3-AR-F3-LAY-01-001,双扇防火门,双扇平开防火门_带观察窗 - FM甲2530-4642848-LAY-1F-1_500-A,2850x2300(右) DCC-D*2,DCC-D*2,S/T轴,北中区,2.85,2.30,右,170650.0,122100.0,A-DOOR
337,X-HLP3-AR-F3-LAY-01-001,双扇防火门,双扇平开防火门_带观察窗 - FM甲2030-V45-LAY-1F-1_500-A,2850x2300(右) DCC-D*2,DCC-D*2,G/H轴,南中区,2.85,2.30,右,226175.0,48350.0,A-DOOR
338,X-HLP3-AR-F3-LAY-01-001,双扇防火门,双扇平开防火门_带观察窗 - FM甲2530-4642848-LAY-1F-1_500-A,2850x1800(右) DCC-C*2,DCC-C*2,E/F轴,南区,2.85,1.80,右,78900.0,34050.0,A-DOOR
339,X-HLP3-AR-F3-LAY-01-001,门,双扇平开外门_带观察窗 - GM2430_A_-3863862-LAY-1F-1_500-A,,,C/D轴,南区,,,,75.0,18000.0,A-DOOR
340,X-HLP3-AR-F3-LAY-01-001,单扇防火门,单扇平开防火门_带观察窗 - FM甲1123-4703358-LAY-1F-1_500-A,2850x1800(右) DCC-C*2,DCC-C*2,R/S轴,北中区,2.85,1.80,右,74150.0,112700.0,A-DOOR
341,X-HLP3-AR-F3-LAY-01-001,门,双扇平开门-角度可调 - FM甲2530_160__-4636547-LAY-1F-1_500-A,,,P/Q轴,北中区,,,,68725.0,98650.0,A-DOOR
342,X-HLP3-AR-F3-LAY-01-001,单扇防火门,单扇平开防火门_带观察窗 - FM甲1123-4703358-LAY-1F-1_500-A,,,K/L轴,南中区,,,,68725.0,68400.0,A-DOOR
343,X-HLP3-AR-F3-LAY-01-001,双扇防火门,双扇平开防火门_带观察窗 - FM甲2530-4643207-LAY-1F-1_500-A,2850x1800(右) DCC-C*2,DCC-C*2,R/S轴,北中区,2.85,1.80,右,220350.0,115725.0,A-DOOR
344,X-HLP3-AR-F3-LAY-01-001,双扇防火门,双扇平开防火门_带观察窗 - FM甲2530-4643753-LAY-1F-1_500-A,2850x2600(左) DCC-E*2,DCC-E*2,R/S轴,北中区,2.85,2.60,左,220350.0,111650.0,A-DOOR
345,X-HLP3-AR-F3-LAY-01-001,双扇防火门,双扇平开防火门_带观察窗 - FM甲1223-4642740-LAY-1F-1_500-A,2850x2300(右) DCC,DCC,G/H轴,南中区,2.85,2.30,右,57075.0,48575.0,A-DOOR
346,X-HLP3-AR-F3-LAY-01-001,单扇防火门,单扇平开防火门_带观察窗 - FM甲1123-4703329-LAY-1F-1_500-A,2000x2300(右) DCC-B,DCC-B,P/Q轴,北中区,2.00,2.30,右,240700.0,99450.0,A-DOOR
347,X-HLP3-AR-F3-LAY-01-001,双扇防火门,双扇平开防火门_带观察窗 - FM甲2530-4644539-LAY-1F-1_500-A,,,T/U轴,北中区,,,,170650.0,126000.0,A-DOOR
348,X-HLP3-AR-F3-LAY-01-001,单扇防火门,单扇平开防火门_带观察窗 - FM甲1123-4703327-LAY-1F-1_500-A,2850x2300(右) DCC-D*2,DCC-D*2,R/S轴,北中区,2.85,2.30,右,177875.0,115725.0,A-DOOR
349,X-HLP3-AR-F3-LAY-01-001,单扇防火门,单扇平开防火门_带观察窗 - FM甲1123-4703389-LAY-1F-1_500-A,2850x2300(左) DCC,DCC,Q/R轴,北中区,2.85,2.30,左,177875.0,107475.0,A-DOOR
350,X-HLP3-AR-F3-LAY-01-001,双扇防火门,双扇平开防火门_带观察窗 - FM甲1223-4642830-LAY-1F-1_500-A,2850x2300(右) DCC-D*2,DCC-D*2,R/S轴,北中区,2.85,2.30,右,176400.0,113775.0,A-DOOR
351,X-HLP3-AR-F3-LAY-01-001,单扇防火门,单扇平开防火门_带观察窗 - FM甲1123-4703327-LAY-1F-1_500-A,2000x2300(右) DCC-B,DCC-B,Q/R轴,北中区,2.00,2.30,右,236075.0,107475.0,A-DOOR
352,X-HLP3-AR-F3-LAY-01-001,双扇防火门,双扇平开防火门_带观察窗 - FM甲2530_常开_-4643217-LAY-1F-1_500-A,2850x2300(右) DCC-D,DCC-D,R/S轴,北中区,2.85,2.30,右,242450.0,115725.0,A-DOOR
353,X-HLP3-AR-F3-LAY-01-001,双扇防火门,双扇平开防火门_带观察窗 - FM甲2530_常开_-4643217-LAY-1F-1_500-A,2850x2300(右) DCC-D,DCC-D,R/S轴,北中区,2.85,2.30,右,242450.0,113000.0,A-DOOR
354,X-HLP3-AR-F3-LAY-01-001,双扇防火门,双扇平开防火门_带观察窗 - FM甲1523-4642620-LAY-1F-1_500-A,,,S/T轴,北中区,,,,273600.0,120250.0,A-DOOR
355,X-HLP3-AR-F3-LAY-01-001,双扇防火门,双扇平开防火门_带观察窗 - FM甲1223-4643343-LAY-1F-1_500-A,2000*2300(右) DCC-D*2,DCC-D*2,R/S轴,北中区,2.00,2.30,右,59200.0,111400.0,A-DOOR
356,X-HLP3-AR-F3-LAY-01-001,双扇防火门,双扇平开防火门_带观察窗 - FM甲2530-4642858-LAY-1F-1_500-A,2850x2600(右) DCC-E*2,DCC-E*2,Q/R轴,北中区,2.85,2.60,右,104400.0,107475.0,A-DOOR
357,X-HLP3-AR-F3-LAY-01-001,双扇防火门,双扇平开防火门_带观察窗 - FM甲1530-4643061-LAY-1F-1_500-A,2850x2300(右) DCC-D,DCC-D,S/T轴,北中区,2.85,2.30,右,33000.0,123550.0,A-DOOR
358,X-HLP3-AR-F3-LAY-01-001,双扇防火门,双扇平开防火门_带观察窗 - FM甲3030-4643016-LAY-1F-1_500-A,,,E/F轴,南区,,,,228000.0,36300.0,A-DOOR
359,X-HLP3-AR-F3-LAY-01-001,双扇防火门,双扇平开防火门_带观察窗 - FM甲3030-4644617-LAY-1F-1_500-A,,,E/F轴,南区,,,,228000.0,32400.0,A-DOOR
360,X-HLP3-AR-F3-LAY-01-001,双扇防火门,双扇平开防火门_带观察窗 - FM甲1223-4642970-LAY-1F-1_500-A,,,E/F轴,南区,,,,225800.0,34650.0,A-DOOR
361,X-HLP3-AR-F3-LAY-01-001,单扇防火门,单扇平开防火门_带观察窗 - FM甲1123-4703550-LAY-1F-1_500-A,3500x2300(左) DCC-F,DCC-F,A/B轴,南区,3.50,2.30,左,70850.0,7500.0,A-DOOR
362,X-HLP3-AR-F3-LAY-01-001,单扇防火门,单扇平开防火门_带观察窗 - FM甲1123-4703325-LAY-1F-1_500-A,3500x2300(左) DCC-F,DCC-F,A/B轴,南区,3.50,2.30,左,68100.0,6350.0,A-DOOR
363,X-HLP3-AR-F3-LAY-01-001,门,双扇平开外门_带观察窗 - FM甲3030_A_-4207277-LAY-1F-1_500-A,3500x2300(左) DCC-F,DCC-F,X/Y轴,北区,3.50,2.30,左,54000.0,158300.0,A-DOOR
364,X-HLP3-AR-F3-LAY-01-001,单扇防火门,单扇平开防火门_带观察窗 - FM甲1123-4703327-LAY-1F-1_500-A,,,S/T轴,北中区,,,,173100.0,123550.0,A-DOOR
365,X-HLP3-AR-F3-LAY-01-001,单扇防火门,单扇平开防火门_带观察窗 - FM甲1123-4703327-LAY-1F-1_500-A,,,T/U轴,北中区,,,,237600.0,127450.0,A-DOOR
366,X-HLP3-AR-F3-LAY-01-001,双扇防火门,双扇平开防火门_带观察窗 - FM甲1223-4642868-LAY-1F-1_500-A,,,T/U轴,北中区,,,,240700.0,128450.0,A-DOOR
367,X-HLP3-AR-F3-LAY-01-001,双扇防火门,双扇平开防火门_带观察窗 - FM甲2530-4642848-LAY-1F-1_500-A,2850x2300(右) DCC-D*2,DCC-D*2,R/S轴,北中区,2.85,2.30,右,25200.0,115725.0,A-DOOR
368,X-HLP3-AR-F3-LAY-01-001,双扇防火门,双扇平开防火门_带观察窗 - FM甲1530-4644773-LAY-1F-1_500-A,2850x1800(右) DCC-C,DCC-C,T/U轴,北中区,2.85,1.80,右,78900.0,123900.0,A-DOOR
369,X-HLP3-AR-F3-LAY-01-001,双扇防火门,双扇平开防火门_带观察窗 - FM甲2430-4642638-LAY-1F-1_500-A,2000*2300(右) DCC-B*2,DCC-B*2,S/T轴,北中区,2.00,2.30,右,75800.0,122100.0,A-DOOR
370,X-HLP3-AR-F3-LAY-01-001,双扇防火门,双扇平开防火门_带观察窗 - FM甲2430-4642638-LAY-1F-1_500-A,,,T/U轴,北中区,,,,75800.0,126000.0,A-DOOR
371,X-HLP3-AR-F3-LAY-01-001,双扇防火门,双扇平开防火门_带观察窗 - FM甲2530-4644539-LAY-1F-1_500-A,2850x1800(右) DCC-D*2,DCC-D*2,R/S轴,北中区,2.85,1.80,右,28500.0,111600.0,A-DOOR
372,X-HLP3-AR-F3-LAY-01-001,双扇防火门,双扇平开防火门_带观察窗 - FM甲1523-4644315-LAY-1F-1_500-A,,,V/W轴,北区,,,,268800.0,142250.0,A-DOOR
373,X-HLP3-AR-F3-LAY-01-001,其他,钢格栅盖板 - 钢格栅盖板-2788219-LAY-1F-1_500-A,2850x1800(左) DCC-C,DCC-C,F/G轴,南区,2.85,1.80,左,223350.0,39800.0,I-FURN
374,X-HLP3-AR-F3-LAY-01-001,门,双扇平开门-角度可调 - FM甲2427_160__-4689997-LAY-1F-1_500-A,2365x765,,Q/R轴,北中区,2.37,0.77,,268800.0,105000.0,A-DOOR
375,X-HLP3-AR-F3-LAY-01-001,双扇防火门,双扇平开防火门_带观察窗 - FM甲1523-4642620-LAY-1F-1_500-A,,,E/F轴,南区,,,,230700.0,34250.0,A-DOOR
376,X-HLP3-AR-F3-LAY-01-001,双扇防火门,双扇平开防火门_带观察窗 - FM甲1523-4642620-LAY-1F-1_500-A,,,C/D轴,南区,,,,189300.0,18000.0,A-DOOR
377,X-HLP3-AR-F3-LAY-01-001,单扇防火门,单扇平开防火门_带观察窗 - FM甲1123-4703327-LAY-1F-1_500-A,,,B/C轴,南区,,,,188450.0,14700.0,A-DOOR
378,X-HLP3-AR-F3-LAY-01-001,双扇防火门,双扇平开防火门_带观察窗 - FM甲1523-4642620-LAY-1F-1_500-A,,,C/D轴,南区,,,,186900.0,18000.0,A-DOOR
379,X-HLP3-AR-F3-LAY-01-001,单扇防火门,单扇平开防火门_带观察窗 - FM甲1123-4703424-LAY-1F-1_500-A,,,C/D轴,南区,,,,188450.0,21300.0,A-DOOR
380,X-HLP3-AR-F3-LAY-01-001,单扇防火门,单扇平开防火门_带观察窗 - FM甲1123-4703329-LAY-1F-1_500-A,3500x2300(右) DCC-F*2,DCC-F*2,A/B轴,南区,3.50,2.30,右,192200.0,5800.0,A-DOOR
381,X-HLP3-AR-F3-LAY-01-001,单扇防火门,单扇平开防火门_带观察窗 - FM甲1123-4703329-LAY-1F-1_500-A,3500x2300(右) DCC-F,DCC-F,A/B轴,南区,3.50,2.30,右,186900.0,5800.0,A-DOOR
382,X-HLP3-AR-F3-LAY-01-001,单扇防火门,单扇平开防火门_带观察窗 - FM甲1123-4703329-LAY-1F-1_500-A,3500x2300(右) DCC-F,DCC-F,A/B轴,南区,3.50,2.30,右,189750.0,7200.0,A-DOOR
383,X-HLP3-AR-F3-LAY-01-001,双扇防火门,双扇平开防火门_带观察窗 - FM甲3433-4643089-LAY-1F-1_500-A,2365x1165（左） DCC,DCC,F/G轴,南区,2.37,1.17,左,244275.0,39600.0,A-DOOR
384,X-HLP3-AR-F3-LAY-01-001,门,双扇平开外门_带观察窗 - GM2430_A_-3863862-LAY-1F-1_500-A,3500x2300(左) DCC-F,DCC-F,X/Y轴,北区,3.50,2.30,左,74400.0,158325.0,A-DOOR
385,X-HLP3-AR-F3-LAY-01-001,门,双扇平开外门_带观察窗 - GM2430_A_-3857367-LAY-1F-1_500-A,MD 1200x2200 DCC-F*2,DCC-F*2,A轴,南区,1.20,2.20,,26400.0,75.0,A-DOOR
386,X-HLP3-AR-F3-LAY-01-001,其他,坡道 - 坡道-1838461-LAY-1F-1_500-A,,,A轴,南区,,,,252675.0,-650.0,Q-SPCQ
387,X-HLP3-AR-F3-LAY-01-001,其他,坡道 - 坡道-4366943-LAY-1F-1_500-A,3500x2300(右) DCC-F*2,DCC-F*2,A轴,南区,3.50,2.30,右,238900.0,-650.0,Q-SPCQ
388,X-HLP3-AR-F3-LAY-01-001,其他,坡道 - 坡道-3379089-LAY-1F-1_500-A,MD 1200x2200 DCC-F*2,DCC-F*2,A轴,南区,1.20,2.20,,201596.25,-650.0,Q-SPCQ
389,X-HLP3-AR-F3-LAY-01-001,其他,坡道 - 坡道-4271278-LAY-1F-1_500-A,3500x2300(右) DCC-F,DCC-F,A轴,南区,3.50,2.30,右,187100.0,-650.0,Q-SPCQ
390,X-HLP3-AR-F3-LAY-01-001,其他,坡道 - 坡道-1838439-LAY-1F-1_500-A,3500x2300(左) DCC-F,DCC-F,A轴,南区,3.50,2.30,左,127500.0,-650.0,Q-SPCQ
391,X-HLP3-AR-F3-LAY-01-001,其他,坡道 - 坡道-V46-LAY-1F-1_500-A,MD 1200x2200 DCC-F*2,DCC-F*2,A轴,南区,1.20,2.20,,113400.0,-650.0,Q-SPCQ
392,X-HLP3-AR-F3-LAY-01-001,其他,坡道 - 坡道-V47-LAY-1F-1_500-A,3500x2300(左) DCC-F*2,DCC-F*2,A轴,南区,3.50,2.30,左,54000.0,-650.0,Q-SPCQ
393,X-HLP3-AR-F3-LAY-01-001,其他,坡道 - 坡道-1838466-LAY-1F-1_500-A,100X100 DCC,DCC,A轴,南区,0.10,0.10,,39600.0,-650.0,Q-SPCQ
394,X-HLP3-AR-F3-LAY-01-001,其他,坡道 - 坡道-V48-LAY-1F-1_500-A,3500x2300(左) DCC-F,DCC-F,A轴,南区,3.50,2.30,左,32400.0,-650.0,Q-SPCQ
395,X-HLP3-AR-F3-LAY-01-001,其他,坡道 - 坡道-2737593-LAY-1F-1_500-A,,,F/G轴,南区,,,,293100.0,39562.5,Q-SPCQ
396,X-HLP3-AR-F3-LAY-01-001,其他,坡道 - 坡道-2590515-LAY-1F-1_500-A,,,M/N轴,北中区,,,,293100.0,83050.0,Q-SPCQ
397,X-HLP3-AR-F3-LAY-01-001,其他,坡道 - 坡道-3685624-LAY-1F-1_500-A,,,R/S轴,北中区,,,,293100.0,115050.0,Q-SPCQ
398,X-HLP3-AR-F3-LAY-01-001,其他,坡道 - 坡道-3869296-LAY-1F-1_500-A,,,X/Y轴,北区,,,,268837.5,159050.0,Q-SPCQ
399,X-HLP3-AR-F3-LAY-01-001,其他,坡道 - 坡道-3867636-LAY-1F-1_500-A,3500x2300(左) DCC-F,DCC-F,X/Y轴,北区,3.50,2.30,左,242487.5,159050.0,Q-SPCQ
400,X-HLP3-AR-F3-LAY-01-001,其他,坡道 - 坡道-3845775-LAY-1F-1_500-A,3500x2300(左) DCC-F,DCC-F,X/Y轴,北区,3.50,2.30,左,188725.0,159050.0,Q-SPCQ
401,X-HLP3-AR-F3-LAY-01-001,其他,坡道 - 坡道-3866904-LAY-1F-1_500-A,3500x2300(左) DCC-F,DCC-F,X/Y轴,北区,3.50,2.30,左,135525.0,159050.0,Q-SPCQ
402,X-HLP3-AR-F3-LAY-01-001,其他,坡道 - 坡道-1838475-LAY-1F-1_500-A,3500x2300(左) DCC-F,DCC-F,X/Y轴,北区,3.50,2.30,左,118800.0,159050.0,Q-SPCQ
403,X-HLP3-AR-F3-LAY-01-001,其他,坡道 - 坡道-V49-LAY-1F-1_500-A,3500x2300(左) DCC-F,DCC-F,X/Y轴,北区,3.50,2.30,左,84600.0,159050.0,Q-SPCQ
404,X-HLP3-AR-F3-LAY-01-001,其他,坡道 - 坡道-4969352-LAY-1F-1_500-A,3500x2300(左) DCC-F,DCC-F,X/Y轴,北区,3.50,2.30,左,68925.0,159050.0,Q-SPCQ
405,X-HLP3-AR-F3-LAY-01-001,其他,坡道 - 坡道-V50-LAY-1F-1_500-A,3500x2300(左) DCC-F*2,DCC-F*2,X/Y轴,北区,3.50,2.30,左,39600.0,159050.0,Q-SPCQ
406,X-HLP3-AR-F3-LAY-01-001,其他,坡道 - 坡道-V51-LAY-1F-1_500-A,,,C/D轴,南区,,,,-300.0,18000.0,Q-SPCQ
407,X-HLP3-AR-F3-LAY-01-001,其他,坡道 - 坡道-V50-LAY-1F-1_500-A,3500x2300(左) DCC-F,DCC-F,A轴,南区,3.50,2.30,左,97200.0,-650.0,Q-SPCQ
408,X-HLP3-AR-F3-LAY-01-001,其他,坡道 - 坡道-4579702-LAY-1F-1_500-A,2850x2300(右) DCC-D,DCC-D,E/F轴,南区,2.85,2.30,右,-300.0,36350.0,Q-SPCQ
409,X-HLP3-AR-F3-LAY-01-001,其他,坡道 - 坡道-V52-LAY-1F-1_500-A,3500x2300(左) DCC-F,DCC-F,A轴,南区,3.50,2.30,左,3600.0,-650.0,Q-SPCQ
410,X-HLP3-AR-F3-LAY-01-001,其他,坡道 - 坡道-V53-LAY-1F-1_500-A,2850x2600(右) DCC-E*2,DCC-E*2,S/T轴,北中区,2.85,2.60,右,-300.0,118300.0,Q-SPCQ
411,X-HLP3-AR-F3-LAY-01-001,其他,坡道 - 坡道-4114578-LAY-1F-1_500-A,,,L/M轴,北中区,,,,293100.0,76162.5,Q-SPCQ
412,X-HLP3-AR-F3-LAY-01-001,其他,坡道 - 坡道-3976117-LAY-1F-1_500-A,,,A轴,南区,,,,278400.3,-650.0,Q-SPCQ
413,X-HLP3-AR-F3-LAY-01-001,其他,坡道 - 坡道-V54-LAY-1F-1_500-A,3500x2300(左) DCC-F,DCC-F,A轴,南区,3.50,2.30,左,16200.0,-650.0,Q-SPCQ
414,X-HLP3-AR-F3-LAY-01-001,其他,坡道 - 坡道-3379094-LAY-1F-1_500-A,3500x2300(右) DCC-F,DCC-F,A轴,南区,3.50,2.30,右,223200.0,-650.0,Q-SPCQ
415,X-HLP3-AR-F3-LAY-01-001,其他,坡道 - 坡道-V55-LAY-1F-1_500-A,2850x2300(右) DCC-D,DCC-D,G/H轴,南中区,2.85,2.30,右,-300.0,46800.0,Q-SPCQ
416,X-HLP3-AR-F3-LAY-01-001,其他,坡道 - 坡道-V56-LAY-1F-1_500-A,3500x2300(左) DCC-F,DCC-F,X/Y轴,北区,3.50,2.30,左,54000.0,159050.0,Q-SPCQ
417,X-HLP3-AR-F3-LAY-01-001,其他,坡道 - 坡道-4360907-LAY-1F-1_500-A,3500x2300(右) DCC-F,DCC-F,A轴,南区,3.50,2.30,右,149275.0,-650.0,Q-SPCQ
418,X-HLP3-AR-F3-LAY-01-001,其他,坡道 - 坡道-V57-LAY-1F-1_500-A,3500x2300(右) DCC-F,DCC-F,A轴,南区,3.50,2.30,右,176400.0,-600.0,Q-SPCQ
419,X-HLP3-AR-F3-LAY-01-001,单扇防火门,单扇平开防火门_带观察窗 - GM1123-4751561-LAY-1F-1_500-A,2365x1165（右）,,B/C轴,南区,2.37,1.17,右,264500.0,11150.0,A-DOOR
420,X-HLP3-AR-F3-LAY-01-001,其他,参数化集水井 - 标准-V58-LAY-1F-1_500-A,3500x2300(左) DCC-F*2,DCC-F*2,X/Y轴,北区,3.50,2.30,左,142550.0,156600.0,L-SITE
421,X-HLP3-AR-F3-LAY-01-001,门,双扇平开外门_带观察窗 - FM甲3030_A_-4207425-LAY-1F-1_500-A,3500x2300(左) DCC-F,DCC-F,X/Y轴,北区,3.50,2.30,左,133200.0,158300.0,A-DOOR
422,X-HLP3-AR-F3-LAY-01-001,双扇防火门,双扇平开防火门_带观察窗 - FM甲1223-4644325-LAY-1F-1_500-A,2365x1165（右） DCC,DCC,B/C轴,南区,2.37,1.17,右,264500.0,12900.0,A-DOOR
423,X-HLP3-AR-F3-LAY-01-001,单扇防火门,单扇平开防火门_带观察窗 - FM甲1123-4703356-LAY-1F-1_500-A,,,A/B轴,南区,,,,252750.0,6700.0,A-DOOR
424,X-HLP3-AR-F3-LAY-01-001,双扇防火门,双扇平开防火门_带观察窗 - FM甲2530-4642998-LAY-1F-1_500-A,2365x1165（右） DCC,DCC,C/D轴,南区,2.37,1.17,右,264500.0,17250.0,A-DOOR
425,X-HLP3-AR-F3-LAY-01-001,楼板洞口,楼板洞口-A - H-翻边100mm-4335543-LAY-1F-1_500-A,2365x1165（右） DCC,DCC,C/D轴,南区,2.37,1.17,右,260950.0,18800.0,A-GENM
426,X-HLP3-AR-F3-LAY-01-001,楼板洞口,楼板洞口-A - H-无翻边-3498219-LAY-1F-1_500-A,,,W/X轴,北区,,,,252100.0,151800.0,A-GENM
427,X-HLP3-AR-F3-LAY-01-001,楼板洞口,楼板洞口-A - WW-翻边100mm-3490096-LAY-1F-1_500-A,2850x2300(右) DCC-D,DCC-D,R/S轴,北中区,2.85,2.30,右,108625.0,114575.0,A-GENM
428,X-HLP3-AR-F3-LAY-01-001,双扇防火门,双扇平开防火门_带观察窗 - FM甲1530-4643303-LAY-1F-1_500-A,,,T/U轴,北中区,,,,168300.0,124050.0,A-DOOR
429,X-HLP3-AR-F3-LAY-01-001,双扇防火门,双扇平开防火门_带观察窗 - FM甲2430-4642638-LAY-1F-1_500-A,,,T/U轴,北中区,,,,194100.0,124300.0,A-DOOR
430,X-HLP3-AR-F3-LAY-01-001,楼板洞口,楼板洞口-A - WW-无翻边-3490099-LAY-1F-1_500-A,2850x1800(右) DCC-C,DCC-C,R/S轴,北中区,2.85,1.80,右,79825.0,114575.0,A-GENM
431,X-HLP3-AR-F3-LAY-01-001,楼板洞口,楼板洞口-A - H-无翻边-3490098-LAY-1F-1_500-A,2400x1300(右) DCC,DCC,H/J轴,南中区,2.40,1.30,右,245275.0,57600.0,A-GENM
432,X-HLP3-AR-F3-LAY-01-001,单扇防火门,单扇平开防火门_带观察窗 - FM甲1123-4703329-LAY-1F-1_500-A,,,C/D轴,南区,,,,124350.0,18050.0,A-DOOR
433,X-HLP3-AR-F3-LAY-01-001,楼板洞口,楼板洞口-A - LI-翻边100mm-3491880-LAY-1F-1_500-A,2850x2300(右),,S/T轴,北中区,2.85,2.30,右,244800.0,123100.0,A-GENM
434,X-HLP3-AR-F3-LAY-01-001,单扇防火门,单扇平开防火门_带观察窗 - FM甲1123-4703329-LAY-1F-1_500-A,2000*2300(左) DCC-B,DCC-B,G/H轴,南中区,2.00,2.30,左,185150.0,46800.0,A-DOOR
435,X-HLP3-AR-F3-LAY-01-001,双扇防火门,双扇平开防火门_带观察窗 - FM甲1830-4643417-LAY-1F-1_500-A,2850x1800(右) DCC-C*2,DCC-C*2,G/H轴,南中区,2.85,1.80,右,13875.0,48550.0,A-DOOR
436,X-HLP3-AR-F3-LAY-01-001,双扇防火门,双扇平开防火门_带观察窗 - FM甲3030-4643016-LAY-1F-1_500-A,2850x2300(右) DCC-D*2,DCC-D*2,F/G轴,南区,2.85,2.30,右,176825.0,42675.0,A-DOOR
437,X-HLP3-AR-F3-LAY-01-001,双扇防火门,双扇平开防火门_带观察窗 - FM甲3030-4643016-LAY-1F-1_500-A,2850x1800(右) DCC-C*2,DCC-C*2,G/H轴,南中区,2.85,1.80,右,176825.0,46800.0,A-DOOR
438,X-HLP3-AR-F3-LAY-01-001,楼板洞口,楼板洞口-A - WW-翻边100mm-V59-LAY-1F-1_500-A,2850x2600(右) DCC-E*2,DCC-E*2,F/G轴,南区,2.85,2.60,右,144625.0,42875.0,A-GENM
439,X-HLP3-AR-F3-LAY-01-001,楼板洞口,楼板洞口-A - WW-翻边100mm-V60-LAY-1F-1_500-A,2850x1800(左) DCC-C*2,DCC-C*2,F/G轴,南区,2.85,1.80,左,137425.0,42875.0,A-GENM
440,X-HLP3-AR-F3-LAY-01-001,楼板洞口,楼板洞口-A - WW-翻边100mm-V60-LAY-1F-1_500-A,2850x2600(右) DCC-E,DCC-E,F/G轴,南区,2.85,2.60,右,166225.0,42875.0,A-GENM
441,X-HLP3-AR-F3-LAY-01-001,楼板洞口,楼板洞口-A - WW-翻边100mm-V60-LAY-1F-1_500-A,2850x1800(右) DCC-C*2,DCC-C*2,F/G轴,南区,2.85,1.80,右,151825.0,42875.0,A-GENM
442,X-HLP3-AR-F3-LAY-01-001,双扇防火门,双扇平开防火门_带观察窗 - FM甲2530-4642848-LAY-1F-1_500-A,2850x1800(右) DCC-C*2,DCC-C*2,G/H轴,南中区,2.85,1.80,右,90000.0,46800.0,A-DOOR
443,X-HLP3-AR-F3-LAY-01-001,双扇防火门,双扇平开防火门_带观察窗 - FM甲1527-4643743-LAY-1F-1_500-A,,,S/T轴,北中区,,,,250650.0,121900.0,A-DOOR
444,X-HLP3-AR-F3-LAY-01-001,楼板洞口,楼板洞口-A - LI-翻边100mm-4308657-LAY-1F-1_500-A,3500x2300(右) DCC-F*2,DCC-F*2,A/B轴,南区,3.50,2.30,右,247700.0,4000.0,A-GENM
445,X-HLP3-AR-F3-LAY-01-001,管道/管件,圆形地漏_固定_ - 热轧钢管-V35-LAY-1F-1_500-A,2400x1300(右) DCC,DCC,G/H轴,南中区,2.40,1.30,右,209330.1,45649.53,P-PIPE
446,X-HLP3-AR-F3-LAY-01-001,管道/管件,圆形地漏_固定_ - 热轧钢管-V35-LAY-1F-1_500-A,2400x1300(右) DCC,DCC,G/H轴,南中区,2.40,1.30,右,210831.1,45649.53,P-PIPE
447,X-HLP3-AR-F3-LAY-01-001,管道/管件,圆形地漏_固定_ - 热轧钢管-V35-LAY-1F-1_500-A,2400x1300(右) DCC,DCC,G/H轴,南中区,2.40,1.30,右,214131.1,45649.53,P-PIPE
448,X-HLP3-AR-F3-LAY-01-001,双扇防火门,双扇平开防火门_带观察窗 - FM甲3030-4643016-LAY-1F-1_500-A,,,E/F轴,南区,,,,82000.0,32400.0,A-DOOR
449,X-HLP3-AR-F3-LAY-01-001,双扇防火门,双扇平开防火门_带观察窗 - FM甲1223-4642868-LAY-1F-1_500-A,2850x1800(右) DCC-C,DCC-C,E/F轴,南区,2.85,1.80,右,84200.0,34800.0,A-DOOR
450,X-HLP3-AR-F3-LAY-01-001,双扇防火门,双扇平开防火门_带观察窗 - FM甲1223-4642740-LAY-1F-1_500-A,2000*2300(右) DCC-B,DCC-B,Q/R轴,北中区,2.00,2.30,右,59200.0,107475.0,A-DOOR
451,X-HLP3-AR-F3-LAY-01-001,门,双扇平开门-角度可调 - FM甲2530_160__-4636575-LAY-1F-1_500-A,2000*2300(右) DCC-B,DCC-B,Q/R轴,北中区,2.00,2.30,右,65100.0,102950.0,A-DOOR
452,X-HLP3-AR-F3-LAY-01-001,双扇防火门,双扇平开防火门_带观察窗 - FM甲2530-4642848-LAY-1F-1_500-A,2850x2300(右) DCC-D*2,DCC-D*2,G/H轴,南中区,2.85,2.30,右,53800.0,46800.0,A-DOOR
453,X-HLP3-AR-F3-LAY-01-001,单扇防火门,单扇平开防火门_带观察窗 - GM1123-4719311-LAY-1F-1_500-A,,,A/B轴,南区,,,,258350.0,3700.0,A-DOOR
454,X-HLP3-AR-F3-LAY-01-001,楼板洞口,楼板洞口 - 楼板洞口-无翻边-3546764-LAY-1F-1_500-A,3500x2300(左) DCC-F,DCC-F,X/Y轴,北区,3.50,2.30,左,68700.0,156400.0,A-GENM
455,X-HLP3-AR-F3-LAY-01-001,楼板洞口,楼板洞口 - 楼板洞口-翻边100mm-3547164-LAY-1F-1_500-A,3500x2300(左) DCC-F,DCC-F,W/X轴,北区,3.50,2.30,左,69400.0,152000.0,A-GENM
456,X-HLP3-AR-F3-LAY-01-001,扶栏,顶部扶栏类型 - 顶部扶栏_内部_-3559602-LAY-1F-1_500-A,3500x2300(左) DCC-F,DCC-F,A轴,南区,3.50,2.30,左,-0.0,0.0,A-FLOR-HRAL
457,X-HLP3-AR-F3-LAY-01-001,扶栏,顶部扶栏类型 - 顶部扶栏_内部_-V61-LAY-1F-1_500-A,3500x2300(左) DCC-F,DCC-F,A轴,南区,3.50,2.30,左,-0.0,0.0,A-FLOR-HRAL
458,X-HLP3-AR-F3-LAY-01-001,门,单扇平开门1 - FDM0821-4566173-LAY-1F-1_500-A,,,P/Q轴,北中区,,,,283200.0,98400.0,A-DOOR
459,X-HLP3-AR-F3-LAY-01-001,楼板洞口,楼板洞口-A - WW-翻边100mm-3560376-LAY-1F-1_500-A,,,D/E轴,南区,,,,288100.0,29525.0,A-GENM
460,X-HLP3-AR-F3-LAY-01-001,扶栏,顶部扶栏类型 - 顶部扶栏_内部_-3560455-LAY-1F-1_500-A,3500x2300(左) DCC-F,DCC-F,A轴,南区,3.50,2.30,左,-0.0,0.0,A-FLOR-HRAL
461,X-HLP3-AR-F3-LAY-01-001,扶栏,顶部扶栏类型 - 顶部扶栏_内部_-V62-LAY-1F-1_500-A,3500x2300(左) DCC-F,DCC-F,A轴,南区,3.50,2.30,左,-0.0,0.0,A-FLOR-HRAL
462,X-HLP3-AR-F3-LAY-01-001,门,泄爆门 - TXBM1530_A_-2590355-LAY-1F-1_500-A,3500x2300(左) DCC-F,DCC-F,A轴,南区,3.50,2.30,左,16200.0,-600.0,A-DOOR
463,X-HLP3-AR-F3-LAY-01-001,门,泄爆门 - TXBM2430-3584254-LAY-1F-1_500-A,3500x2300(左) DCC-F,DCC-F,A轴,南区,3.50,2.30,左,3600.0,-600.0,A-DOOR
464,X-HLP3-AR-F3-LAY-01-001,门,泄爆门 - TFDXBM1530_A_-4566431-LAY-1F-1_500-A,3500x2300(左) DCC-F,DCC-F,A轴,南区,3.50,2.30,左,32400.0,-600.0,A-DOOR
465,X-HLP3-AR-F3-LAY-01-001,门,泄爆门 - TXBM1530_A_-2590355-LAY-1F-1_500-A,100X100 DCC,DCC,A轴,南区,0.10,0.10,,39600.0,-600.0,A-DOOR
466,X-HLP3-AR-F3-LAY-01-001,门,双扇平开外门_带观察窗 - GM1530_A_-4350218-LAY-1F-1_500-A,3500x2300(左) DCC-F,DCC-F,A轴,南区,3.50,2.30,左,46250.0,75.0,A-DOOR
467,X-HLP3-AR-F3-LAY-01-001,门,双扇平开门-防盗门 - TFDM2430_A_-4118873-LAY-1F-1_500-A,3500x2300(左) DCC-F*2,DCC-F*2,A轴,南区,3.50,2.30,左,54000.0,125.0,A-DOOR
468,X-HLP3-AR-F3-LAY-01-001,门,双扇平开外门_带观察窗 - GM1530_A_-4118818-LAY-1F-1_500-A,3500x2300(左) DCC-F,DCC-F,A轴,南区,3.50,2.30,左,62000.0,100.0,A-DOOR
469,X-HLP3-AR-F3-LAY-01-001,门,双扇平开外门_带观察窗 - GM2430_A_-3863862-LAY-1F-1_500-A,3500x2300(左) DCC-F,DCC-F,A轴,南区,3.50,2.30,左,66650.0,75.0,A-DOOR
470,X-HLP3-AR-F3-LAY-01-001,其他,穿孔铝板 - 穿孔铝板-4387038-LAY-1F-1_500-A,2365*765 DCC,DCC,A轴,南区,2.37,0.77,,20225.0,-600.0,A-GENM
471,X-HLP3-AR-F3-LAY-01-001,其他,穿孔铝板 - 穿孔铝板-4348228-LAY-1F-1_500-A,3500x2300(左) DCC-F,DCC-F,A轴,南区,3.50,2.30,左,92475.0,-600.0,A-GENM
472,X-HLP3-AR-F3-LAY-01-001,其他,穿孔铝板 - 穿孔铝板-4348266-LAY-1F-1_500-A,3500x2300(左) DCC-F,DCC-F,A轴,南区,3.50,2.30,左,124725.0,-600.0,A-GENM
473,X-HLP3-AR-F3-LAY-01-001,门,泄爆门 - TXBM1530_A_-2590355-LAY-1F-1_500-A,3500x2300(左) DCC-F,DCC-F,A轴,南区,3.50,2.30,左,70200.0,-600.0,A-DOOR
474,X-HLP3-AR-F3-LAY-01-001,门,泄爆门 - TXBM1530_A_-2590355-LAY-1F-1_500-A,3500x2300(左) DCC-F,DCC-F,A轴,南区,3.50,2.30,左,75600.0,-600.0,A-DOOR
475,X-HLP3-AR-F3-LAY-01-001,门,泄爆门 - TXBM1530_A_-2590355-LAY-1F-1_500-A,3500x2300(左) DCC-F*2,DCC-F*2,A轴,南区,3.50,2.30,左,82800.0,-600.0,A-DOOR
476,X-HLP3-AR-F3-LAY-01-001,门,泄爆门 - TXBM1530_A_-2590355-LAY-1F-1_500-A,3500x2300(左) DCC-F,DCC-F,A轴,南区,3.50,2.30,左,88200.0,-600.0,A-DOOR
477,X-HLP3-AR-F3-LAY-01-001,门,泄爆门 - TXBM1530_A_-2590355-LAY-1F-1_500-A,3500x2300(左) DCC-F,DCC-F,A轴,南区,3.50,2.30,左,97200.0,-600.0,A-DOOR
478,X-HLP3-AR-F3-LAY-01-001,门,泄爆门 - TXBM2430-V63-LAY-1F-1_500-A,MD 1200x2200 DCC-F*2,DCC-F*2,A轴,南区,1.20,2.20,,113400.0,-600.0,A-DOOR
479,X-HLP3-AR-F3-LAY-01-001,其他,穿孔铝板 - 穿孔铝板-4348228-LAY-1F-1_500-A,3500x2300(右) DCC-F*2,DCC-F*2,A轴,南区,3.50,2.30,右,193275.0,-600.0,A-GENM
480,X-HLP3-AR-F3-LAY-01-001,其他,穿孔铝板 - 穿孔铝板-4348209-LAY-1F-1_500-A,3500x2300(右) DCC-F,DCC-F,A轴,南区,3.50,2.30,右,212275.0,-600.0,A-GENM
481,X-HLP3-AR-F3-LAY-01-001,其他,穿孔铝板 - 穿孔铝板-4348228-LAY-1F-1_500-A,3500x2300(右) DCC-F,DCC-F,A轴,南区,3.50,2.30,右,231275.0,-600.0,A-GENM
482,X-HLP3-AR-F3-LAY-01-001,门,双扇平开外门_带观察窗 - GM3030_A_-3863802-LAY-1F-1_500-A,3500x2300(右) DCC-F,DCC-F,A轴,南区,3.50,2.30,右,235500.0,75.0,A-DOOR
483,X-HLP3-AR-F3-LAY-01-001,门,双扇平开外门_带观察窗 - GM2430_A_-3863862-LAY-1F-1_500-A,3500x2300(右) DCC-F*2,DCC-F*2,A轴,南区,3.50,2.30,右,242400.0,75.0,A-DOOR
484,X-HLP3-AR-F3-LAY-01-001,门,双扇平开外门_带观察窗 - GM1530_A_-4118818-LAY-1F-1_500-A,3500x2300(右) DCC-F,DCC-F,A轴,南区,3.50,2.30,右,189450.0,100.0,A-DOOR
485,X-HLP3-AR-F3-LAY-01-001,其他,地沟-B - 450_300-3600832-LAY-1F-1_500-A,3500x2300(左) DCC-F,DCC-F,A轴,南区,3.50,2.30,左,1100.0,-275.0,S-BEAM
486,X-HLP3-AR-F3-LAY-01-001,其他,地沟-B - 450_300-3850608-LAY-1F-1_500-A,2365*765 DCC,DCC,A轴,南区,2.37,0.77,,7425.0,-275.0,S-BEAM
487,X-HLP3-AR-F3-LAY-01-001,其他,地沟-B - 450_300-3850609-LAY-1F-1_500-A,3500x2300(左) DCC-F,DCC-F,A轴,南区,3.50,2.30,左,15275.0,-275.0,S-BEAM
488,X-HLP3-AR-F3-LAY-01-001,门,单扇平开门1 - CCB1221-3601981-LAY-1F-1_500-A,,,U/V轴,北中区,,,,292950.0,131225.0,A-DOOR
489,X-HLP3-AR-F3-LAY-01-001,门,单扇平开门1 - CCB1221-3602027-LAY-1F-1_500-A,,,U/V轴,北中区,,,,292950.0,135175.0,A-DOOR
490,X-HLP3-AR-F3-LAY-01-001,门,单扇平开门1 - CCB1221-3601981-LAY-1F-1_500-A,,,V/W轴,北区,,,,292950.0,138425.0,A-DOOR
491,X-HLP3-AR-F3-LAY-01-001,门,单扇平开门1 - CCB1221-3601983-LAY-1F-1_500-A,,,J/K轴,南中区,,,,292950.0,63175.0,A-DOOR
492,X-HLP3-AR-F3-LAY-01-001,门,单扇平开门1 - CCB1221-3602038-LAY-1F-1_500-A,,,J/K轴,南中区,,,,292950.0,59225.0,A-DOOR
493,X-HLP3-AR-F3-LAY-01-001,门,单扇平开门1 - CCB1221-3601983-LAY-1F-1_500-A,,,H/J轴,南中区,,,,292950.0,55975.0,A-DOOR
494,X-HLP3-AR-F3-LAY-01-001,门,单扇平开门1 - CCB1221-3602038-LAY-1F-1_500-A,,,H/J轴,南中区,,,,292950.0,52025.0,A-DOOR
495,X-HLP3-AR-F3-LAY-01-001,门,单扇平开门1 - CCB1221-3601983-LAY-1F-1_500-A,,,G/H轴,南中区,,,,292950.0,48775.0,A-DOOR
496,X-HLP3-AR-F3-LAY-01-001,门,单扇平开门1 - CCB1221-3602038-LAY-1F-1_500-A,,,G/H轴,南中区,,,,292950.0,44825.0,A-DOOR
497,X-HLP3-AR-F3-LAY-01-001,门,单扇平开门1 - CCB1221-3601983-LAY-1F-1_500-A,,,K/L轴,南中区,,,,292950.0,70375.0,A-DOOR
498,X-HLP3-AR-F3-LAY-01-001,门,单扇平开门1 - CCB1221-3602038-LAY-1F-1_500-A,,,K/L轴,南中区,,,,292950.0,66425.0,A-DOOR
499,X-HLP3-AR-F3-LAY-01-001,门,单扇平开门1 - CCB1221-3601983-LAY-1F-1_500-A,,,D/E轴,南区,,,,292950.0,27175.0,A-DOOR
500,X-HLP3-AR-F3-LAY-01-001,门,单扇平开门1 - CCB1221-3602027-LAY-1F-1_500-A,,,T/U轴,北中区,,,,292950.0,127975.0,A-DOOR
501,X-HLP3-AR-F3-LAY-01-001,门,单扇平开门1 - CCB1221-3601983-LAY-1F-1_500-A,,,C/D轴,南区,,,,292950.0,20100.0,A-DOOR
502,X-HLP3-AR-F3-LAY-01-001,门,泄爆门 - TXBM1530_A_-2590355-LAY-1F-1_500-A,3500x2300(左) DCC-F,DCC-F,X/Y轴,北区,3.50,2.30,左,84600.0,159000.0,A-DOOR
503,X-HLP3-AR-F3-LAY-01-001,门,泄爆门 - TXBM1530_A_-2590355-LAY-1F-1_500-A,3500x2300(左) DCC-F,DCC-F,X/Y轴,北区,3.50,2.30,左,90000.0,159000.0,A-DOOR
504,X-HLP3-AR-F3-LAY-01-001,门,泄爆门 - TXBM1530_A_-2590355-LAY-1F-1_500-A,3500x2300(左) DCC-F,DCC-F,X/Y轴,北区,3.50,2.30,左,95400.0,159000.0,A-DOOR
505,X-HLP3-AR-F3-LAY-01-001,其他,穿孔铝板 - 穿孔铝板-4348133-LAY-1F-1_500-A,3500x2300(左) DCC-F,DCC-F,X/Y轴,北区,3.50,2.30,左,171675.0,159000.0,A-GENM
506,X-HLP3-AR-F3-LAY-01-001,门,泄爆门 - TXBM1530_A_-2590355-LAY-1F-1_500-A,3500x2300(左) DCC-F,DCC-F,X/Y轴,北区,3.50,2.30,左,210600.0,159000.0,A-DOOR
507,X-HLP3-AR-F3-LAY-01-001,门,泄爆门 - TXBM1530_A_-2590355-LAY-1F-1_500-A,3500x2300(左) DCC-F,DCC-F,X/Y轴,北区,3.50,2.30,左,219600.0,159000.0,A-DOOR
508,X-HLP3-AR-F3-LAY-01-001,门,双扇平开外门_带观察窗 - FM甲2530_A_-3867628-LAY-1F-1_500-A,3500x2300(左) DCC-F,DCC-F,X/Y轴,北区,3.50,2.30,左,242487.5,158325.0,A-DOOR
509,X-HLP3-AR-F3-LAY-01-001,门,泄爆门 - TXBM4042_A_-4025048-LAY-1F-1_500-A,3500x2300(右) DCC-F*2,DCC-F*2,A轴,南区,3.50,2.30,右,198000.0,-600.0,A-DOOR
510,X-HLP3-AR-F3-LAY-01-001,门,泄爆门 - TXBM4042_A_-4025048-LAY-1F-1_500-A,3500x2300(右) DCC-F,DCC-F,A轴,南区,3.50,2.30,右,205200.0,-600.0,A-DOOR
511,X-HLP3-AR-F3-LAY-01-001,门,泄爆门 - TXBM4042_A_-4025048-LAY-1F-1_500-A,3500x2300(右) DCC-F,DCC-F,A轴,南区,3.50,2.30,右,219600.0,-600.0,A-DOOR
512,X-HLP3-AR-F3-LAY-01-001,门,泄爆门 - TXBM4042_A_-4025048-LAY-1F-1_500-A,3500x2300(右) DCC-F,DCC-F,A轴,南区,3.50,2.30,右,226800.0,-600.0,A-DOOR
513,X-HLP3-AR-F3-LAY-01-001,门,泄爆门 - TXBM1530_A_-2590355-LAY-1F-1_500-A,3500x2300(左) DCC-F,DCC-F,X/Y轴,北区,3.50,2.30,左,99000.0,159000.0,A-DOOR
514,X-HLP3-AR-F3-LAY-01-001,门,泄爆门 - TXBM1530_A_-2590355-LAY-1F-1_500-A,3500x2300(左) DCC-F,DCC-F,X/Y轴,北区,3.50,2.30,左,104400.0,159000.0,A-DOOR
515,X-HLP3-AR-F3-LAY-01-001,门,泄爆门 - TXBM1530_A_-2590355-LAY-1F-1_500-A,3500x2300(左) DCC-F,DCC-F,X/Y轴,北区,3.50,2.30,左,109800.0,159000.0,A-DOOR
516,X-HLP3-AR-F3-LAY-01-001,窗,单扇固定窗1 - TLC1212-4236866-LAY-1F-1_500-A,,,A/B轴,南区,,,,262200.0,6705.0,A-GLAZ
517,X-HLP3-AR-F3-LAY-01-001,门,单扇平开门1 - CCB1221-3602038-LAY-1F-1_500-A,,,P/Q轴,北中区,,,,292950.0,95225.0,A-DOOR
518,X-HLP3-AR-F3-LAY-01-001,门,单扇平开门1 - CCB1221-3601983-LAY-1F-1_500-A,,,P/Q轴,北中区,,,,292950.0,99175.0,A-DOOR
519,X-HLP3-AR-F3-LAY-01-001,门,单扇平开门1 - CCB1221-3602038-LAY-1F-1_500-A,,,N/P轴,北中区,,,,292950.0,88025.0,A-DOOR
520,X-HLP3-AR-F3-LAY-01-001,门,单扇平开门1 - CCB1221-3601983-LAY-1F-1_500-A,,,N/P轴,北中区,,,,292950.0,91975.0,A-DOOR
521,X-HLP3-AR-F3-LAY-01-001,门,单扇平开门1 - CCB1221-3601983-LAY-1F-1_500-A,,,Q/R轴,北中区,,,,292950.0,106375.0,A-DOOR
522,X-HLP3-AR-F3-LAY-01-001,门,泄爆门 - TXBM2430-4385362-LAY-1F-1_500-A,,,X/Y轴,北区,,,,271600.0,159000.0,A-DOOR
523,X-HLP3-AR-F3-LAY-01-001,门,泄爆门 - TXBM1530_A_-4385365-LAY-1F-1_500-A,,,X/Y轴,北区,,,,281600.0,159000.0,A-DOOR
524,X-HLP3-AR-F3-LAY-01-001,门,单扇平开门1 - CCB1421-3684694-LAY-1F-1_500-A,,,X/Y轴,北区,,,,293050.0,152925.0,A-DOOR
525,X-HLP3-AR-F3-LAY-01-001,门,单扇平开门1 - CCB1421-3684676-LAY-1F-1_500-A,,,W/X轴,北区,,,,293050.0,149475.0,A-DOOR
526,X-HLP3-AR-F3-LAY-01-001,门,单扇平开门1 - CCB1421-3684694-LAY-1F-1_500-A,,,W/X轴,北区,,,,293050.0,145725.0,A-DOOR
527,X-HLP3-AR-F3-LAY-01-001,双扇防火门,双扇平开防火门_带观察窗 - FM甲2830-4644753-LAY-1F-1_500-A,,,T/U轴,北中区,,,,19600.0,129900.0,A-DOOR
528,X-HLP3-AR-F3-LAY-01-001,双扇防火门,双扇平开防火门_带观察窗 - FM甲2530-4642848-LAY-1F-1_500-A,,,T/U轴,北中区,,,,14100.0,127050.0,A-DOOR
529,X-HLP3-AR-F3-LAY-01-001,双扇防火门,双扇平开防火门_带观察窗 - FM甲2530-4642848-LAY-1F-1_500-A,2850x2300(右) DCC-D,DCC-D,F/G轴,南区,2.85,2.30,右,25200.0,42675.0,A-DOOR
530,X-HLP3-AR-F3-LAY-01-001,双扇防火门,双扇平开防火门_带观察窗 - FM甲2530-4642848-LAY-1F-1_500-A,2850x2600(右) DCC-E*2,DCC-E*2,G/H轴,南中区,2.85,2.60,右,25200.0,50925.0,A-DOOR
531,X-HLP3-AR-F3-LAY-01-001,单扇防火门,单扇平开防火门_带观察窗1 - FM甲1223_A_-4715619-LAY-1F-1_500-A,2850x2300(右) DCC-D,DCC-D,S/T轴,北中区,2.85,2.30,右,21300.0,123600.0,A-DOOR
532,X-HLP3-AR-F3-LAY-01-001,双扇防火门,双扇平开防火门_带观察窗 - FM甲2830-4643034-LAY-1F-1_500-A,2850x2300(右) DCC-D,DCC-D,S/T轴,北中区,2.85,2.30,右,17700.0,122100.0,A-DOOR
533,X-HLP3-AR-F3-LAY-01-001,双扇防火门,双扇平开防火门_带观察窗 - FM甲1530-4642602-LAY-1F-1_500-A,2850x2600(右) DCC-C*2,DCC-C*2,R/S轴,北中区,2.85,2.60,右,7725.0,111600.0,A-DOOR
534,X-HLP3-AR-F3-LAY-01-001,双扇防火门,双扇平开防火门_带观察窗 - FM甲1223-4642656-LAY-1F-1_500-A,2850x2600(右) DCC-E*2,DCC-E*2,R/S轴,北中区,2.85,2.60,右,10800.0,110700.0,A-DOOR
535,X-HLP3-AR-F3-LAY-01-001,双扇防火门,双扇平开防火门_带观察窗 - FM甲1223-4642656-LAY-1F-1_500-A,2850x1800(右) DCC-C*2,DCC-C*2,R/S轴,北中区,2.85,1.80,右,10800.0,112500.0,A-DOOR
536,X-HLP3-AR-F3-LAY-01-001,双扇防火门,双扇平开防火门_带观察窗 - FM甲2530-4642848-LAY-1F-1_500-A,2850x2300(右) DCC-D,DCC-D,G/H轴,南中区,2.85,2.30,右,31300.0,46025.0,A-DOOR
537,X-HLP3-AR-F3-LAY-01-001,单扇防火门,单扇平开防火门_带观察窗 - FM甲1123-4703354-LAY-1F-1_500-A,,,J/K轴,南中区,,,,29950.0,64800.0,A-DOOR
538,X-HLP3-AR-F3-LAY-01-001,单扇防火门,单扇平开防火门_带观察窗 - FM甲1123-4703327-LAY-1F-1_500-A,2850x1800(右) DCC-C*2,DCC-C*2,G/H轴,南中区,2.85,1.80,右,30175.0,50925.0,A-DOOR
539,X-HLP3-AR-F3-LAY-01-001,单扇防火门,单扇平开防火门_带观察窗 - FM甲1123-4703327-LAY-1F-1_500-A,2850x1800(右) DCC-C*2,DCC-C*2,H/J轴,南中区,2.85,1.80,右,31300.0,56150.0,A-DOOR
540,X-HLP3-AR-F3-LAY-01-001,双扇防火门,双扇平开防火门_带观察窗 - FM甲1223-4642656-LAY-1F-1_500-A,,,T/U轴,北中区,,,,239400.0,125700.0,A-DOOR
541,X-HLP3-AR-F3-LAY-01-001,卷帘门,墙外卷帘门1 - JLM4040_A_-4715351-LAY-1F-1_500-A,2850x1800(左) DCC-C*2,DCC-C*2,M/N轴,北中区,2.85,1.80,左,75.0,82800.0,A-DOOR
542,X-HLP3-AR-F3-LAY-01-001,窗,单扇固定窗1 - TLC1212-4247208-LAY-1F-1_500-A,2850x1800(左) DCC-C*2,DCC-C*2,K/L轴,南中区,2.85,1.80,左,2600.0,71995.0,A-GLAZ
543,X-HLP3-AR-F3-LAY-01-001,双扇防火门,双扇平开防火门_带观察窗 - FM甲1530-4642602-LAY-1F-1_500-A,2850x1800(右) DCC-C*2,DCC-C*2,R/S轴,北中区,2.85,1.80,右,9150.0,115725.0,A-DOOR
544,X-HLP3-AR-F3-LAY-01-001,双扇防火门,双扇平开防火门_带观察窗 - FM甲1523-4644763-LAY-1F-1_500-A,,,U/V轴,北中区,,,,63450.0,136500.0,A-DOOR
545,X-HLP3-AR-F3-LAY-01-001,双扇防火门,双扇平开防火门_带观察窗 - FM甲1523-4643197-LAY-1F-1_500-A,,,U/V轴,北中区,,,,65100.0,134950.0,A-DOOR
546,X-HLP3-AR-F3-LAY-01-001,单扇防火门,单扇平开防火门_带观察窗 - FM甲0821-V64-LAY-1F-1_500-A,2850x2300(右) DCC-D,DCC-D,S/T轴,北中区,2.85,2.30,右,20800.0,122100.0,A-DOOR
547,X-HLP3-AR-F3-LAY-01-001,双扇防火门,双扇平开防火门_带观察窗 - FM甲2530-4642914-LAY-1F-1_500-A,2850x1800(左) DCC-C*2,DCC-C*2,M/N轴,北中区,2.85,1.80,左,7200.0,82800.0,A-DOOR
548,X-HLP3-AR-F3-LAY-01-001,单扇防火门,单扇平开防火门_带观察窗 - FM甲1123-4703391-LAY-1F-1_500-A,,,R/S轴,北中区,,,,255750.0,115700.0,A-DOOR
549,X-HLP3-AR-F3-LAY-01-001,单扇防火门,单扇平开防火门_带观察窗 - FM甲1123-4715589-LAY-1F-1_500-A,2365x1165（右） DCC,DCC,E/F轴,南区,2.37,1.17,右,255750.0,36500.0,A-DOOR
550,X-HLP3-AR-F3-LAY-01-001,单扇防火门,单扇平开防火门_带观察窗 - FM甲1123-4715591-LAY-1F-1_500-A,2365x1165（右） DCC,DCC,F/G轴,南区,2.37,1.17,右,268800.0,38550.0,A-DOOR
551,X-HLP3-AR-F3-LAY-01-001,单扇防火门,单扇平开防火门_带观察窗 - FM甲1123-4703356-LAY-1F-1_500-A,,,K/L轴,南中区,,,,65100.0,68400.0,A-DOOR
552,X-HLP3-AR-F3-LAY-01-001,单扇防火门,单扇平开防火门_带观察窗 - FM甲1123-4703391-LAY-1F-1_500-A,2365x765 DCC,DCC,R/S轴,北中区,2.37,0.77,,264500.0,113850.0,A-DOOR
553,X-HLP3-AR-F3-LAY-01-001,双扇防火门,双扇平开防火门_带观察窗 - FM甲3027-4644343-LAY-1F-1_500-A,2365x765 DCC,DCC,Q/R轴,北中区,2.37,0.77,,266650.0,108000.0,A-DOOR
554,X-HLP3-AR-F3-LAY-01-001,门,双扇平开外门_带观察窗 - GM2530_A_-4715344-LAY-1F-1_500-A,2850x1800(左) DCC-C*2,DCC-C*2,L/M轴,北中区,2.85,1.80,左,75.0,75600.0,A-DOOR
555,X-HLP3-AR-F3-LAY-01-001,单扇防火门,单扇平开防火门_带观察窗 - FM甲1123-4703325-LAY-1F-1_500-A,3500x2300(左) DCC-F,DCC-F,A/B轴,南区,3.50,2.30,左,65100.0,8350.0,A-DOOR
556,X-HLP3-AR-F3-LAY-01-001,单扇防火门,单扇平开防火门_带观察窗 - FM甲1123-4703552-LAY-1F-1_500-A,3500x2300(左) DCC-F,DCC-F,A/B轴,南区,3.50,2.30,左,62000.0,8350.0,A-DOOR
557,X-HLP3-AR-F3-LAY-01-001,双扇防火门,双扇平开防火门_带观察窗 - FM甲1530-4643061-LAY-1F-1_500-A,,,C/D轴,南区,,,,65100.0,20250.0,A-DOOR
558,X-HLP3-AR-F3-LAY-01-001,双扇防火门,双扇平开防火门_带观察窗 - FM甲1530-4644773-LAY-1F-1_500-A,,,C/D轴,南区,,,,62000.0,20250.0,A-DOOR
559,X-HLP3-AR-F3-LAY-01-001,双扇防火门,双扇平开防火门_带观察窗 - FM甲1530-4642602-LAY-1F-1_500-A,,,E/F轴,南区,,,,181550.0,33400.0,A-DOOR
560,X-HLP3-AR-F3-LAY-01-001,双扇防火门,双扇平开防火门_带观察窗 - FM甲1530-4642602-LAY-1F-1_500-A,,,E/F轴,南区,,,,183400.0,34850.0,A-DOOR
561,X-HLP3-AR-F3-LAY-01-001,双扇防火门,双扇平开防火门_带观察窗 - FM甲2530-4642848-LAY-1F-1_500-A,2850x2600(右) DCC-E,DCC-E,E/F轴,南区,2.85,2.60,右,165900.0,34050.0,A-DOOR
562,X-HLP3-AR-F3-LAY-01-001,双扇防火门,双扇平开防火门_带观察窗 - FM甲3030-4643016-LAY-1F-1_500-A,2850x1800(右) DCC-C*2,DCC-C*2,E/F轴,南区,2.85,1.80,右,162500.0,36300.0,A-DOOR
563,X-HLP3-AR-F3-LAY-01-001,双扇防火门,双扇平开防火门_带观察窗 - FM甲3030-4644783-LAY-1F-1_500-A,,,E/F轴,南区,,,,162500.0,32400.0,A-DOOR
564,X-HLP3-AR-F3-LAY-01-001,双扇防火门,双扇平开防火门_带观察窗 - GM2430-4642960-LAY-1F-1_500-A,2850x2300(右) DCC,DCC,G/H轴,南中区,2.85,2.30,右,134325.0,50925.0,A-DOOR
565,X-HLP3-AR-F3-LAY-01-001,双扇防火门,双扇平开防火门_带观察窗 - FM甲2530-4642848-LAY-1F-1_500-A,2850x1800(右) DCC-C*2,DCC-C*2,Q/R轴,北中区,2.85,1.80,右,25200.0,107475.0,A-DOOR
566,X-HLP3-AR-F3-LAY-01-001,楼板洞口,楼板洞口 - 楼板洞口-无翻边-3490107-LAY-1F-1_500-A,2850x2600(左) DCC-E*2,DCC-E*2,F/G轴,南区,2.85,2.60,左,216625.0,42875.0,A-GENM
567,X-HLP3-AR-F3-LAY-01-001,楼板洞口,楼板洞口 - 楼板洞口-无翻边-3795483-LAY-1F-1_500-A,2400x1300(右) DCC,DCC,F/G轴,南区,2.40,1.30,右,223825.0,42875.0,A-GENM
568,X-HLP3-AR-F3-LAY-01-001,单扇防火门,单扇平开防火门_带观察窗 - FM甲0821-V64-LAY-1F-1_500-A,2850x1800(右) DCC-C,DCC-C,S/T轴,北中区,2.85,1.80,右,78400.0,122100.0,A-DOOR
569,X-HLP3-AR-F3-LAY-01-001,单扇防火门,单扇平开防火门_带观察窗 - FM甲0821-4703376-LAY-1F-1_500-A,2850x2300(右) DCC-D*2,DCC-D*2,S/T轴,北中区,2.85,2.30,右,173800.0,122100.0,A-DOOR
570,X-HLP3-AR-F3-LAY-01-001,门,双扇平开门1 - GM1523-4120994-LAY-1F-1_500-A,,,M/N轴,北中区,,,,108300.0,81600.0,A-DOOR
571,X-HLP3-AR-F3-LAY-01-001,楼板洞口,楼板洞口-A - WW-翻边100mm-3803078-LAY-1F-1_500-A,,,D/E轴,南区,,,,291800.0,29525.0,A-GENM
572,X-HLP3-AR-F3-LAY-01-001,楼板洞口,楼板洞口-A - CO-翻边100mm-3802876-LAY-1F-1_500-A,2365x1165（右） DCC,DCC,B/C轴,南区,2.37,1.17,右,261500.0,13900.0,A-GENM
573,X-HLP3-AR-F3-LAY-01-001,楼板洞口,楼板洞口-A - CO-翻边100mm-3802876-LAY-1F-1_500-A,,,T/U轴,北中区,,,,251900.0,125500.0,A-GENM
574,X-HLP3-AR-F3-LAY-01-001,双扇防火门,双扇平开防火门_带观察窗 - FM甲2430-4644675-LAY-1F-1_500-A,3500x2300(右),,A/B轴,南区,3.50,2.30,右,149250.0,6900.0,A-DOOR
575,X-HLP3-AR-F3-LAY-01-001,双扇防火门,双扇平开防火门_带观察窗 - GM1530-4718517-LAY-1F-1_500-A,3500x2300(右) DCC-F,DCC-F,A/B轴,南区,3.50,2.30,右,146500.0,5700.0,A-DOOR
576,X-HLP3-AR-F3-LAY-01-001,其他,穿孔铝板 - 穿孔铝板-4348247-LAY-1F-1_500-A,3500x2300(右) DCC-F*2,DCC-F*2,A轴,南区,3.50,2.30,右,155425.0,-600.0,A-GENM
577,X-HLP3-AR-F3-LAY-01-001,门,双扇平开外门_带观察窗 - GM2430_A_-3857367-LAY-1F-1_500-A,3500x2300(右) DCC-F,DCC-F,A轴,南区,3.50,2.30,右,149250.0,75.0,A-DOOR
578,X-HLP3-AR-F3-LAY-01-001,门,泄爆门 - TXBM1530_A_-3805509-LAY-1F-1_500-A,3500x2300(右) DCC-F,DCC-F,A轴,南区,3.50,2.30,右,163800.0,-600.0,A-DOOR
579,X-HLP3-AR-F3-LAY-01-001,门,泄爆门 - TXBM1530_A_-3805509-LAY-1F-1_500-A,MD 1200x2200 DCC-F,DCC-F,A轴,南区,1.20,2.20,,142200.0,-600.0,A-DOOR
580,X-HLP3-AR-F3-LAY-01-001,其他,穿孔铝板 - 穿孔铝板-4348171-LAY-1F-1_500-A,3500x2300(左) DCC-F,DCC-F,A轴,南区,3.50,2.30,左,130725.0,-325.0,A-GENM
581,X-HLP3-AR-F3-LAY-01-001,门,泄爆门 - TXBM1530_A_-3805509-LAY-1F-1_500-A,3500x2300(左) DCC-F*2,DCC-F*2,A轴,南区,3.50,2.30,左,133200.0,-600.0,A-DOOR
582,X-HLP3-AR-F3-LAY-01-001,双扇防火门,双扇平开防火门_带观察窗 - FM甲1530-4643303-LAY-1F-1_500-A,3500x2300(右) DCC-F,DCC-F,A/B轴,南区,3.50,2.30,右,151200.0,2900.0,A-DOOR
583,X-HLP3-AR-F3-LAY-01-001,门,泄爆门 - TXBM1530_A_-2590355-LAY-1F-1_500-A,3500x2300(右) DCC-F*2,DCC-F*2,A轴,南区,3.50,2.30,右,169200.0,-600.0,A-DOOR
584,X-HLP3-AR-F3-LAY-01-001,双扇防火门,双扇平开防火门_带观察窗 - FM甲1223-4642830-LAY-1F-1_500-A,2850x1800(右) DCC-C,DCC-C,E/F轴,南区,2.85,1.80,右,160625.0,34750.0,A-DOOR
585,X-HLP3-AR-F3-LAY-01-001,双扇防火门,双扇平开防火门_带观察窗 - FM甲1523-4644627-LAY-1F-1_500-A,,,T/U轴,北中区,,,,190200.0,126000.0,A-DOOR
586,X-HLP3-AR-F3-LAY-01-001,门,双扇平开外门_带观察窗 - GM1830_A_-3857401-LAY-1F-1_500-A,3500x2300(左) DCC-F*2,DCC-F*2,A轴,南区,3.50,2.30,左,23300.0,75.0,A-DOOR
587,X-HLP3-AR-F3-LAY-01-001,双扇防火门,双扇平开防火门_带观察窗 - FM甲1223-4642740-LAY-1F-1_500-A,,,D/E轴,南区,,,,63600.0,28800.0,A-DOOR
588,X-HLP3-AR-F3-LAY-01-001,双扇防火门,双扇平开防火门_带观察窗 - FM甲1530-4644821-LAY-1F-1_500-A,,,D/E轴,南区,,,,63450.0,26300.0,A-DOOR
589,X-HLP3-AR-F3-LAY-01-001,双扇防火门,双扇平开防火门_带观察窗 - FM甲1530-4643071-LAY-1F-1_500-A,,,D/E轴,南区,,,,65100.0,27450.0,A-DOOR
590,X-HLP3-AR-F3-LAY-01-001,双扇防火门,双扇平开防火门_带观察窗 - FM甲2530-4644539-LAY-1F-1_500-A,,,E/F轴,南区,,,,36000.0,32400.0,A-DOOR
591,X-HLP3-AR-F3-LAY-01-001,双扇防火门,双扇平开防火门_带观察窗 - FM甲2530-4642848-LAY-1F-1_500-A,,,D/E轴,南区,,,,33600.0,28800.0,A-DOOR
592,X-HLP3-AR-F3-LAY-01-001,双扇防火门,双扇平开防火门_带观察窗 - FM甲2530-4642848-LAY-1F-1_500-A,2850x2300(右) DCC-D,DCC-D,E/F轴,南区,2.85,2.30,右,33600.0,36300.0,A-DOOR
593,X-HLP3-AR-F3-LAY-01-001,双扇防火门,双扇平开防火门_带观察窗 - FM甲1223-4642740-LAY-1F-1_500-A,,,E/F轴,南区,,,,31500.0,32400.0,A-DOOR
594,X-HLP3-AR-F3-LAY-01-001,门,双扇平开外门_带观察窗 - GM1530_A_-4335688-LAY-1F-1_500-A,,,V/W轴,北区,,,,292725.0,142225.0,A-DOOR
595,X-HLP3-AR-F3-LAY-01-001,门,双扇平开门1 - TFDM1530-3857390-LAY-1F-1_500-A,MD 1200x2200 DCC-F,DCC-F,A/B轴,南区,1.20,2.20,,28750.0,5700.0,A-DOOR
596,X-HLP3-AR-F3-LAY-01-001,门,泄爆门 - TXBM2430-3829853-LAY-1F-1_500-A,3500x2300(右) DCC-F,DCC-F,A轴,南区,3.50,2.30,右,176400.0,75.0,A-DOOR
597,X-HLP3-AR-F3-LAY-01-001,门,双扇平开外门_带观察窗 - GYM1530_A_-4528011-LAY-1F-1_500-A,3500x2300(左) DCC-F,DCC-F,X/Y轴,北区,3.50,2.30,左,18000.0,158325.0,A-DOOR
598,X-HLP3-AR-F3-LAY-01-001,门,泄爆门 - TXBM1530_A_-2590355-LAY-1F-1_500-A,3500x2300(左) DCC-F,DCC-F,X/Y轴,北区,3.50,2.30,左,153000.0,159000.0,A-DOOR
599,X-HLP3-AR-F3-LAY-01-001,门,泄爆门 - TXBM1530_A_-2590355-LAY-1F-1_500-A,3500x2300(左) DCC-F,DCC-F,X/Y轴,北区,3.50,2.30,左,167400.0,159000.0,A-DOOR
600,X-HLP3-AR-F3-LAY-01-001,单扇防火门,单扇平开防火门_带观察窗 - FM甲1123-4703329-LAY-1F-1_500-A,2850x2300(右) DCC-B,DCC-B,Q/R轴,北中区,2.85,2.30,右,244275.0,106525.0,A-DOOR
601,X-HLP3-AR-F3-LAY-01-001,其他,坡道 - 坡道-3857413-LAY-1F-1_500-A,3500x2300(左) DCC-F*2,DCC-F*2,A轴,南区,3.50,2.30,左,25000.0,-650.0,Q-SPCQ
602,X-HLP3-AR-F3-LAY-01-001,其他,坡道 - 坡道-4768392-LAY-1F-1_500-A,3500x2300(左) DCC-F,DCC-F,A轴,南区,3.50,2.30,左,66100.0,-650.0,Q-SPCQ
603,X-HLP3-AR-F3-LAY-01-001,其他,坡道 - 坡道-3861360-LAY-1F-1_500-A,3500x2300(左) DCC-F,DCC-F,A轴,南区,3.50,2.30,左,85500.0,-650.0,Q-SPCQ
604,X-HLP3-AR-F3-LAY-01-001,门,单扇平开门1 - CCB1421-4385370-LAY-1F-1_500-A,,,X/Y轴,北区,,,,285100.0,159000.0,A-DOOR
605,X-HLP3-AR-F3-LAY-01-001,楼板洞口,楼板洞口-A - H-无翻边-V65-LAY-1F-1_500-A,2850x2300(右) DCC-D,DCC-D,Q/R轴,北中区,2.85,2.30,右,245275.0,108300.0,A-GENM
606,X-HLP3-AR-F3-LAY-01-001,门,坐便器带厕所隔断 内开门 - 坐便器带厕所隔断 内开门-3762917-LAY-1F-1_500-A,,,A轴,南区,,,,263270.0,200.0,A-GENM
607,X-HLP3-AR-F3-LAY-01-001,门,坐便器带厕所隔断 内开门 - 坐便器带厕所隔断 内开门-V66-LAY-1F-1_500-A,,,A轴,南区,,,,262270.0,200.0,A-GENM
608,X-HLP3-AR-F3-LAY-01-001,其他,立式小便器-带隔板_左右可选 - 标准-3872505-LAY-1F-1_500-A,,,A/B轴,南区,,,,262725.0,3700.0,P-SANR-FIXT
609,X-HLP3-AR-F3-LAY-01-001,其他,立式小便器-带隔板_左右可选 - 标准-3881839-LAY-1F-1_500-A,,,A/B轴,南区,,,,263625.0,3700.0,P-SANR-FIXT
610,X-HLP3-AR-F3-LAY-01-001,其他,洗脸盆-多个有台面有墙 2D - 1800-3767988-LAY-1F-1_500-A,,,A/B轴,南区,,,,259200.0,2125.0,P-SANR-FIXT
611,X-HLP3-AR-F3-LAY-01-001,其他,单个圆形有台面台盆 - 单个圆形有台面台盆-3767995-LAY-1F-1_500-A,,,A轴,南区,,,,259300.0,750.0,P-SANR-FIXT
612,X-HLP3-AR-F3-LAY-01-001,其他,单个圆形有台面台盆 - 单个圆形有台面台盆-3767995-LAY-1F-1_500-A,,,A/B轴,南区,,,,259300.0,1450.0,P-SANR-FIXT
613,X-HLP3-AR-F3-LAY-01-001,其他,立式小便器-带隔板_左右可选 - 标准-4505801-LAY-1F-1_500-A,,,A/B轴,南区,,,,261825.0,3700.0,P-SANR-FIXT
614,X-HLP3-AR-F3-LAY-01-001,其他,洗脸盆-多个有台面有墙 2D - 1800-3872858-LAY-1F-1_500-A,,,A/B轴,南区,,,,259200.0,2125.0,P-SANR-FIXT
615,X-HLP3-AR-F3-LAY-01-001,其他,单个圆形有台面台盆 - 单个圆形有台面台盆-3872865-LAY-1F-1_500-A,,,A轴,南区,,,,259100.0,750.0,P-SANR-FIXT
616,X-HLP3-AR-F3-LAY-01-001,其他,单个圆形有台面台盆 - 单个圆形有台面台盆-3872865-LAY-1F-1_500-A,,,A/B轴,南区,,,,259100.0,1450.0,P-SANR-FIXT
617,X-HLP3-AR-F3-LAY-01-001,门,坐便器带厕所隔断 内开门 - 坐便器带厕所隔断 内开门-3762917-LAY-1F-1_500-A,,,A/B轴,南区,,,,254990.0,3600.0,A-GENM
618,X-HLP3-AR-F3-LAY-01-001,门,泄爆门 - TXBM1530_A_-2590355-LAY-1F-1_500-A,,,X/Y轴,北区,,,,293050.0,155675.0,A-DOOR
619,X-HLP3-AR-F3-LAY-01-001,门,门-上方带亮子 - GM1530_B_-V67-LAY-1F-1_500-A,,,S/T轴,北中区,,,,292700.0,116675.0,A-DOOR
620,X-HLP3-AR-F3-LAY-01-001,其他,室内坡道 - 坡道-房间内坡道-4548370-LAY-1F-1_500-A,2850x2300(右) DCC,DCC,H/J轴,南中区,2.85,2.30,右,198000.0,58100.0,Q-SPCQ
621,X-HLP3-AR-F3-LAY-01-001,单扇防火门,单扇平开防火门_带观察窗 - FM甲0821-4703382-LAY-1F-1_500-A,2850x1800(右) DCC-C*2,DCC-C*2,S/T轴,北中区,2.85,1.80,右,73400.0,122100.0,A-DOOR
622,X-HLP3-AR-F3-LAY-01-001,门,栅栏门 - AM1030-3939840-LAY-1F-1_500-A,2365*765 DCC,DCC,A轴,南区,2.37,0.77,,19800.0,-600.0,A-DOOR
623,X-HLP3-AR-F3-LAY-01-001,门,栅栏门 - AM1030-V68-LAY-1F-1_500-A,3500x2300(左) DCC-F,DCC-F,A轴,南区,3.50,2.30,左,92300.0,-600.0,A-DOOR
624,X-HLP3-AR-F3-LAY-01-001,门,栅栏门 - AM1030-3939842-LAY-1F-1_500-A,3500x2300(左) DCC-F,DCC-F,A轴,南区,3.50,2.30,左,124850.0,-600.0,A-DOOR
625,X-HLP3-AR-F3-LAY-01-001,门,栅栏门 - AM1030-V69-LAY-1F-1_500-A,3500x2300(左) DCC-F,DCC-F,A轴,南区,3.50,2.30,左,130600.0,-600.0,A-DOOR
626,X-HLP3-AR-F3-LAY-01-001,门,栅栏门 - AM1030-V69-LAY-1F-1_500-A,3500x2300(右) DCC-F*2,DCC-F*2,A轴,南区,3.50,2.30,右,155300.0,-600.0,A-DOOR
627,X-HLP3-AR-F3-LAY-01-001,楼板洞口,楼板洞口-A - F01-翻边300-4335315-LAY-1F-1_500-A,,,C/D轴,南区,,,,280050.0,20650.0,A-GENM
628,X-HLP3-AR-F3-LAY-01-001,管道/管件,圆形地漏2 - DN100-3952935-LAY-1F-1_500-A,2850x1800(左) DCC-C*2,DCC-C*2,G/H轴,南中区,2.85,1.80,左,1600.46,51375.0,P-PIPE
629,X-HLP3-AR-F3-LAY-01-001,管道/管件,圆形地漏_固定_2 - 热轧钢管-3953173-LAY-1F-1_500-A,2850x1800(左) DCC-C*2,DCC-C*2,H/J轴,南中区,2.85,1.80,左,8200.0,55600.0,P-PIPE
630,X-HLP3-AR-F3-LAY-01-001,管道/管件,圆形地漏_固定_2 - 热轧钢管-3953173-LAY-1F-1_500-A,2850x1800(左) DCC-C*2,DCC-C*2,J/K轴,南中区,2.85,1.80,左,8200.0,63000.0,P-PIPE
631,X-HLP3-AR-F3-LAY-01-001,管道/管件,圆形地漏_固定_2 - 热轧钢管-3953174-LAY-1F-1_500-A,2850x2600(右) DCC-E*2,DCC-E*2,G/H轴,南中区,2.85,2.60,右,41950.0,49400.0,P-PIPE
632,X-HLP3-AR-F3-LAY-01-001,管道/管件,圆形地漏_固定_2 - 热轧钢管-3953174-LAY-1F-1_500-A,2850x2600(右) DCC-E*2,DCC-E*2,G/H轴,南中区,2.85,2.60,右,24900.0,49400.0,P-PIPE
633,X-HLP3-AR-F3-LAY-01-001,管道/管件,圆形地漏_固定_2 - 热轧钢管-3953174-LAY-1F-1_500-A,2850x1800(右) DCC-C*2,DCC-C*2,G/H轴,南中区,2.85,1.80,右,29400.0,49400.0,P-PIPE
634,X-HLP3-AR-F3-LAY-01-001,管道/管件,圆形地漏_固定_2 - 热轧钢管-3953174-LAY-1F-1_500-A,2850x2600(右) DCC-E*2,DCC-E*2,G/H轴,南中区,2.85,2.60,右,32900.0,49400.0,P-PIPE
635,X-HLP3-AR-F3-LAY-01-001,管道/管件,圆形地漏_固定_2 - 热轧钢管-3953173-LAY-1F-1_500-A,2850x1800(左) DCC-C*2,DCC-C*2,K/L轴,南中区,2.85,1.80,左,2400.0,71500.0,P-PIPE
636,X-HLP3-AR-F3-LAY-01-001,管道/管件,圆形地漏_固定_2 - 热轧钢管-3953173-LAY-1F-1_500-A,2000*2300(右) DCC-B,DCC-B,H/J轴,南中区,2.00,2.30,右,58200.0,56900.0,P-PIPE
637,X-HLP3-AR-F3-LAY-01-001,管道/管件,圆形地漏_固定_2 - 热轧钢管-3953173-LAY-1F-1_500-A,2000*2300(右) DCC-B,DCC-B,H/J轴,南中区,2.00,2.30,右,58200.0,52400.0,P-PIPE
638,X-HLP3-AR-F3-LAY-01-001,管道/管件,圆形地漏_固定_2 - 热轧钢管-3953174-LAY-1F-1_500-A,3500x2300(左) DCC-F,DCC-F,W/X轴,北区,3.50,2.30,左,191099.52,148849.73,P-PIPE
639,X-HLP3-AR-F3-LAY-01-001,管道/管件,圆形地漏_固定_2 - 热轧钢管-3953174-LAY-1F-1_500-A,,,U/V轴,北中区,,,,191099.95,135200.02,P-PIPE
640,X-HLP3-AR-F3-LAY-01-001,管道/管件,圆形地漏_固定_2 - 热轧钢管-3953174-LAY-1F-1_500-A,,,T/U轴,北中区,,,,191099.95,128150.02,P-PIPE
641,X-HLP3-AR-F3-LAY-01-001,管道/管件,圆形地漏_固定_2 - 热轧钢管-3953174-LAY-1F-1_500-A,,,T/U轴,北中区,,,,121600.0,130250.06,P-PIPE
642,X-HLP3-AR-F3-LAY-01-001,管道/管件,圆形地漏_固定_2 - 热轧钢管-3953174-LAY-1F-1_500-A,,,V/W轴,北区,,,,121600.0,142850.06,P-PIPE
643,X-HLP3-AR-F3-LAY-01-001,管道/管件,圆形地漏_固定_2 - 热轧钢管-3953174-LAY-1F-1_500-A,2850x1800(右) DCC-C*2,DCC-C*2,R/S轴,北中区,2.85,1.80,右,83650.0,112499.53,P-PIPE
644,X-HLP3-AR-F3-LAY-01-001,管道/管件,圆形地漏_固定_2 - 热轧钢管-3953174-LAY-1F-1_500-A,2850x2300(右) DCC-D*2,DCC-D*2,R/S轴,北中区,2.85,2.30,右,170050.0,113600.33,P-PIPE
645,X-HLP3-AR-F3-LAY-01-001,管道/管件,圆形地漏_固定_2 - 热轧钢管-3953174-LAY-1F-1_500-A,2850x2600(右) DCC-E*2,DCC-E*2,R/S轴,北中区,2.85,2.60,右,155650.0,113600.33,P-PIPE
646,X-HLP3-AR-F3-LAY-01-001,管道/管件,圆形地漏_固定_2 - 热轧钢管-3953174-LAY-1F-1_500-A,3500x2300(左) DCC-F,DCC-F,W/X轴,北区,3.50,2.30,左,121600.0,150650.06,P-PIPE
647,X-HLP3-AR-F3-LAY-01-001,管道/管件,圆形地漏_固定_2 - 热轧钢管-3953174-LAY-1F-1_500-A,,,T/U轴,北中区,,,,56800.0,130250.06,P-PIPE
648,X-HLP3-AR-F3-LAY-01-001,管道/管件,圆形地漏_固定_2 - 热轧钢管-3953174-LAY-1F-1_500-A,,,V/W轴,北区,,,,56800.0,142850.06,P-PIPE
649,X-HLP3-AR-F3-LAY-01-001,管道/管件,圆形地漏_固定_2 - 热轧钢管-3953174-LAY-1F-1_500-A,3500x2300(左) DCC-F,DCC-F,W/X轴,北区,3.50,2.30,左,56800.0,150650.06,P-PIPE
650,X-HLP3-AR-F3-LAY-01-001,管道/管件,圆形地漏_固定_2 - 热轧钢管-3953174-LAY-1F-1_500-A,,,K/L轴,南中区,,,,95999.71,72800.0,P-PIPE
651,X-HLP3-AR-F3-LAY-01-001,管道/管件,圆形地漏_固定_2 - 热轧钢管-3953174-LAY-1F-1_500-A,2850x2600(右) DCC-E*2,DCC-E*2,H/J轴,南中区,2.85,2.60,右,95999.71,52600.0,P-PIPE
652,X-HLP3-AR-F3-LAY-01-001,管道/管件,圆形地漏_固定_2 - 热轧钢管-3953174-LAY-1F-1_500-A,2850x2600(右),,J/K轴,南中区,2.85,2.60,右,95999.71,59800.0,P-PIPE
653,X-HLP3-AR-F3-LAY-01-001,管道/管件,圆形地漏_固定_2 - 热轧钢管-3953174-LAY-1F-1_500-A,,,D/E轴,南区,,,,188700.0,27249.7,P-PIPE
654,X-HLP3-AR-F3-LAY-01-001,管道/管件,圆形地漏_固定_2 - 热轧钢管-3953174-LAY-1F-1_500-A,,,C/D轴,南区,,,,188700.0,18349.7,P-PIPE
655,X-HLP3-AR-F3-LAY-01-001,管道/管件,圆形地漏_固定_2 - 热轧钢管-3953174-LAY-1F-1_500-A,2850x1800(右) DCC,DCC,G/H轴,南中区,2.85,1.80,右,159500.0,48300.19,P-PIPE
656,X-HLP3-AR-F3-LAY-01-001,管道/管件,圆形地漏_固定_2 - 热轧钢管-3953174-LAY-1F-1_500-A,2850x2300(右) DCC,DCC,H/J轴,南中区,2.85,2.30,右,159500.0,56700.19,P-PIPE
657,X-HLP3-AR-F3-LAY-01-001,管道/管件,圆形地漏_固定_2 - 热轧钢管-3953174-LAY-1F-1_500-A,,,J/K轴,南中区,,,,159500.0,64200.19,P-PIPE
658,X-HLP3-AR-F3-LAY-01-001,管道/管件,圆形地漏_固定_2 - 热轧钢管-3953174-LAY-1F-1_500-A,2850x2600(右) DCC-E*2,DCC-E*2,G/H轴,南中区,2.85,2.60,右,145350.0,45000.0,P-PIPE
659,X-HLP3-AR-F3-LAY-01-001,管道/管件,圆形地漏_固定_2 - 热轧钢管-3953174-LAY-1F-1_500-A,2850x1800(右) DCC-C*2,DCC-C*2,G/H轴,南中区,2.85,1.80,右,152450.0,45000.0,P-PIPE
660,X-HLP3-AR-F3-LAY-01-001,管道/管件,圆形地漏_固定_2 - 热轧钢管-3953174-LAY-1F-1_500-A,,,C/D轴,南区,,,,124150.0,17850.0,P-PIPE
661,X-HLP3-AR-F3-LAY-01-001,管道/管件,圆形地漏_固定_2 - 热轧钢管-3953174-LAY-1F-1_500-A,,,D/E轴,南区,,,,123550.0,25770.0,P-PIPE
662,X-HLP3-AR-F3-LAY-01-001,管道/管件,圆形地漏_固定_2 - 热轧钢管-V70-LAY-1F-1_500-A,,,C/D轴,南区,,,,102600.12,17850.0,P-PIPE
663,X-HLP3-AR-F3-LAY-01-001,管道/管件,圆形地漏_固定_2 - 热轧钢管-3953174-LAY-1F-1_500-A,,,D/E轴,南区,,,,102850.12,25770.0,P-PIPE
664,X-HLP3-AR-F3-LAY-01-001,管道/管件,圆形地漏_固定_2 - 热轧钢管-3953174-LAY-1F-1_500-A,,,C/D轴,南区,,,,125349.92,22150.0,P-PIPE
665,X-HLP3-AR-F3-LAY-01-001,管道/管件,圆形地漏_固定_2 - 热轧钢管-3953174-LAY-1F-1_500-A,,,C/D轴,南区,,,,95499.52,20750.0,P-PIPE
666,X-HLP3-AR-F3-LAY-01-001,管道/管件,圆形地漏2 - DN100-3952935-LAY-1F-1_500-A,,,A/B轴,南区,,,,255201.47,8102.28,P-PIPE
667,X-HLP3-AR-F3-LAY-01-001,管道/管件,圆形地漏_固定_2 - 热轧钢管-3953174-LAY-1F-1_500-A,2850x2600(右) DCC-C,DCC-C,S/T轴,北中区,2.85,2.60,右,227349.7,123200.0,P-PIPE
668,X-HLP3-AR-F3-LAY-01-001,管道/管件,圆形地漏2 - DN100-3952935-LAY-1F-1_500-A,,,A/B轴,南区,,,,258600.0,8102.28,P-PIPE
669,X-HLP3-AR-F3-LAY-01-001,管道/管件,圆形地漏2 - DN100-3952935-LAY-1F-1_500-A,3500x2300(左) DCC-F,DCC-F,X/Y轴,北区,3.50,2.30,左,231100.0,157500.0,P-PIPE
670,X-HLP3-AR-F3-LAY-01-001,管道/管件,圆形地漏2 - DN100-V72-LAY-1F-1_500-A,3500x2300(左) DCC-F,DCC-F,X/Y轴,北区,3.50,2.30,左,236920.0,157500.0,P-PIPE
671,X-HLP3-AR-F3-LAY-01-001,管道/管件,圆形地漏_固定_2 - 热轧钢管-3953174-LAY-1F-1_500-A,2850x2300(右) DCC-E*2,DCC-E*2,F/G轴,南区,2.85,2.30,右,116549.84,42975.0,P-PIPE
672,X-HLP3-AR-F3-LAY-01-001,管道/管件,圆形地漏_固定_2 - 热轧钢管-3953174-LAY-1F-1_500-A,2850x2300(右) DCC-E*2,DCC-E*2,F/G轴,南区,2.85,2.30,右,120149.84,42975.0,P-PIPE
673,X-HLP3-AR-F3-LAY-01-001,管道/管件,圆形地漏_固定_2 - 热轧钢管-3953174-LAY-1F-1_500-A,2000x2300(右) DCC-B,DCC-B,P/Q轴,北中区,2.00,2.30,右,236850.39,100550.0,P-PIPE
674,X-HLP3-AR-F3-LAY-01-001,管道/管件,圆形地漏_固定_2 - 热轧钢管-3953174-LAY-1F-1_500-A,2400x1300(右) DCC,DCC,M/N轴,北中区,2.40,1.30,右,236850.39,86700.0,P-PIPE
675,X-HLP3-AR-F3-LAY-01-001,管道/管件,圆形地漏_固定_2 - 热轧钢管-3953174-LAY-1F-1_500-A,3500x2300(左) DCC-F,DCC-F,W/X轴,北区,3.50,2.30,左,71100.0,150150.0,P-PIPE
676,X-HLP3-AR-F3-LAY-01-001,管道/管件,圆形地漏_固定_2 - 热轧钢管-3953174-LAY-1F-1_500-A,,,U/V轴,北中区,,,,71100.0,135750.0,P-PIPE
677,X-HLP3-AR-F3-LAY-01-001,管道/管件,圆形地漏_固定_2 - 热轧钢管-3953174-LAY-1F-1_500-A,,,B/C轴,南区,,,,71100.0,14400.0,P-PIPE
678,X-HLP3-AR-F3-LAY-01-001,管道/管件,圆形地漏_固定_2 - 热轧钢管-3953174-LAY-1F-1_500-A,,,C/D轴,南区,,,,71100.0,20500.0,P-PIPE
679,X-HLP3-AR-F3-LAY-01-001,管道/管件,圆形地漏_固定_2 - 热轧钢管-3953174-LAY-1F-1_500-A,,,D/E轴,南区,,,,71100.0,25900.0,P-PIPE
680,X-HLP3-AR-F3-LAY-01-001,管道/管件,圆形地漏_固定_2 - 热轧钢管-3953177-LAY-1F-1_500-A,,,V/W轴,北区,,,,71100.0,142950.0,P-PIPE
681,X-HLP3-AR-F3-LAY-01-001,管道/管件,圆形地漏_固定_2 - 热轧钢管-3953174-LAY-1F-1_500-A,,,K/L轴,南中区,,,,21900.0,70900.0,P-PIPE
682,X-HLP3-AR-F3-LAY-01-001,管道/管件,圆形地漏_固定_2 - 热轧钢管-3953174-LAY-1F-1_500-A,2850x1800(右) DCC-C*2,DCC-C*2,H/J轴,南中区,2.85,1.80,右,21900.0,58600.0,P-PIPE
683,X-HLP3-AR-F3-LAY-01-001,管道/管件,圆形地漏_固定_2 - 热轧钢管-3953174-LAY-1F-1_500-A,,,M/N轴,北中区,,,,21900.0,85300.0,P-PIPE
684,X-HLP3-AR-F3-LAY-01-001,管道/管件,圆形地漏_固定_2 - 热轧钢管-V73-LAY-1F-1_500-A,2850x2300(右) DCC-B,DCC-B,G/H轴,南中区,2.85,2.30,右,240400.23,51399.9,P-PIPE
685,X-HLP3-AR-F3-LAY-01-001,管道/管件,圆形地漏_固定_2 - 热轧钢管-3953174-LAY-1F-1_500-A,,,T/U轴,北中区,,,,42600.0,129890.06,P-PIPE
686,X-HLP3-AR-F3-LAY-01-001,管道/管件,圆形地漏_固定_2 - 热轧钢管-3953174-LAY-1F-1_500-A,,,T/U轴,北中区,,,,35200.0,130250.06,P-PIPE
687,X-HLP3-AR-F3-LAY-01-001,管道/管件,圆形地漏_固定_2 - 热轧钢管-3953174-LAY-1F-1_500-A,,,J/K轴,南中区,,,,32700.48,61499.88,P-PIPE
688,X-HLP3-AR-F3-LAY-01-001,管道/管件,圆形地漏_固定_2 - 热轧钢管-3953174-LAY-1F-1_500-A,2850x2600(右) DCC-E*2,DCC-E*2,H/J轴,南中区,2.85,2.60,右,32700.48,58100.0,P-PIPE
689,X-HLP3-AR-F3-LAY-01-001,管道/管件,圆形地漏_固定_2 - 热轧钢管-3953174-LAY-1F-1_500-A,2850x2600(右) DCC-E*2,DCC-E*2,H/J轴,南中区,2.85,2.60,右,32700.48,54225.12,P-PIPE
690,X-HLP3-AR-F3-LAY-01-001,管道/管件,圆形地漏_固定_2 - 热轧钢管-3953174-LAY-1F-1_500-A,2850x1800(右) DCC-C*2,DCC-C*2,G/H轴,南中区,2.85,1.80,右,36400.48,49400.0,P-PIPE
691,X-HLP3-AR-F3-LAY-01-001,管道/管件,圆形地漏_固定_2 - 热轧钢管-3953174-LAY-1F-1_500-A,2850x2300(右) DCC-D,DCC-D,F/G轴,南区,2.85,2.30,右,36440.0,44100.0,P-PIPE
692,X-HLP3-AR-F3-LAY-01-001,管道/管件,圆形地漏_固定_2 - 热轧钢管-3953174-LAY-1F-1_500-A,2850x2600(右) DCC-E*2,DCC-E*2,G/H轴,南中区,2.85,2.60,右,40349.52,49400.0,P-PIPE
693,X-HLP3-AR-F3-LAY-01-001,管道/管件,圆形地漏_固定_2 - 热轧钢管-3953174-LAY-1F-1_500-A,,,J/K轴,南中区,,,,64000.0,63699.86,P-PIPE
694,X-HLP3-AR-F3-LAY-01-001,管道/管件,圆形地漏_固定_2 - 热轧钢管-3953174-LAY-1F-1_500-A,2000*2300(右) DCC-B,DCC-B,H/J轴,南中区,2.00,2.30,右,64000.0,52025.14,P-PIPE
695,X-HLP3-AR-F3-LAY-01-001,管道/管件,圆形地漏_固定_2 - 热轧钢管-3953174-LAY-1F-1_500-A,,,J/K轴,南中区,,,,47100.0,61499.88,P-PIPE
696,X-HLP3-AR-F3-LAY-01-001,管道/管件,圆形地漏_固定_2 - 热轧钢管-3953174-LAY-1F-1_500-A,2850x2600(右) DCC-E*2,DCC-E*2,H/J轴,南中区,2.85,2.60,右,47100.0,54199.6,P-PIPE
697,X-HLP3-AR-F3-LAY-01-001,管道/管件,圆形地漏_固定_2 - 热轧钢管-3953174-LAY-1F-1_500-A,,,J/K轴,南中区,,,,55250.0,61499.88,P-PIPE
698,X-HLP3-AR-F3-LAY-01-001,管道/管件,圆形地漏_固定_2 - 热轧钢管-3953174-LAY-1F-1_500-A,2000*2300(右) DCC,DCC,H/J轴,南中区,2.00,2.30,右,55250.0,54199.6,P-PIPE
699,X-HLP3-AR-F3-LAY-01-001,管道/管件,圆形地漏_固定_2 - 热轧钢管-3953174-LAY-1F-1_500-A,2000*2300(右) DCC-B,DCC-B,J/K轴,南中区,2.00,2.30,右,59900.0,60100.39,P-PIPE
700,X-HLP3-AR-F3-LAY-01-001,门,栅栏门 - AM1030-V69-LAY-1F-1_500-A,3500x2300(右) DCC-F*2,DCC-F*2,A轴,南区,3.50,2.30,右,193200.0,-600.0,A-DOOR
701,X-HLP3-AR-F3-LAY-01-001,单扇防火门,单扇平开防火门_带观察窗 - FM甲0821-4703376-LAY-1F-1_500-A,2850x1800(右) DCC-C*2,DCC-C*2,S/T轴,北中区,2.85,1.80,右,195400.0,122100.0,A-DOOR
702,X-HLP3-AR-F3-LAY-01-001,单扇防火门,单扇平开防火门_带观察窗 - FM甲0821-4703382-LAY-1F-1_500-A,2850x2300(右) DCC-D,DCC-D,S/T轴,北中区,2.85,2.30,右,236600.0,122100.0,A-DOOR
703,X-HLP3-AR-F3-LAY-01-001,门,栅栏门 - AM1030-V69-LAY-1F-1_500-A,3500x2300(右) DCC-F,DCC-F,A轴,南区,3.50,2.30,右,210600.0,-600.0,A-DOOR
704,X-HLP3-AR-F3-LAY-01-001,门,栅栏门 - AM1030-V74-LAY-1F-1_500-A,3500x2300(右) DCC-F,DCC-F,A轴,南区,3.50,2.30,右,231400.0,-600.0,A-DOOR
705,X-HLP3-AR-F3-LAY-01-001,门,栅栏门 - AM1030-V69-LAY-1F-1_500-A,3500x2300(右) DCC-F*2,DCC-F*2,A轴,南区,3.50,2.30,右,214200.0,-600.0,A-DOOR
706,X-HLP3-AR-F3-LAY-01-001,窗,百叶窗-带贴面 - BYC19026-4875911-LAY-1F-1_500-A,2365*765 DCC,DCC,A轴,南区,2.37,0.77,,9541.36,-500.0,A-GLAZ
707,X-HLP3-AR-F3-LAY-01-001,楼板洞口,楼板洞口-A - F01-翻边300-4335312-LAY-1F-1_500-A,,,C/D轴,南区,,,,276950.0,20650.0,A-GENM
708,X-HLP3-AR-F3-LAY-01-001,双扇防火门,双扇平开防火门_带观察窗 - FM甲2530-4642914-LAY-1F-1_500-A,DCC-B,DCC-B,J/K轴,南中区,,,,65100.0,59450.0,A-DOOR
709,X-HLP3-AR-F3-LAY-01-001,窗,百叶窗-带贴面 - BYC2725-4834039-LAY-1F-1_500-A,3500x2300(左) DCC-F,DCC-F,A轴,南区,3.50,2.30,左,66661.36,-225.0,A-GLAZ
710,X-HLP3-AR-F3-LAY-01-001,窗,百叶窗-带贴面 - BYC1508-4659751-LAY-1F-1_500-A,3500x2300(左) DCC-F,DCC-F,A轴,南区,3.50,2.30,左,70211.36,-500.0,A-GLAZ
711,X-HLP3-AR-F3-LAY-01-001,其他,混凝土雨棚1 - 混凝土雨棚-300mm-2000 2-4360904-LAY-1F-1_500-A,3500x2300(右) DCC-F,DCC-F,A轴,南区,3.50,2.30,右,149275.0,-650.0,A-GENM
712,X-HLP3-AR-F3-LAY-01-001,其他,混凝土雨棚1 - 混凝土雨棚-300mm-2000 2-4311655-LAY-1F-1_500-A,3500x2300(左) DCC-F,DCC-F,A轴,南区,3.50,2.30,左,127500.0,-650.0,A-GENM
713,X-HLP3-AR-F3-LAY-01-001,其他,混凝土雨棚1 - 混凝土雨棚-300mm-2000 2-V75-LAY-1F-1_500-A,3500x2300(左) DCC-F*2,DCC-F*2,A轴,南区,3.50,2.30,左,54000.0,-650.0,A-GENM
714,X-HLP3-AR-F3-LAY-01-001,其他,混凝土雨棚1 - 混凝土雨棚-300mm-2000 2-4311657-LAY-1F-1_500-A,3500x2300(左) DCC-F*2,DCC-F*2,A轴,南区,3.50,2.30,左,25000.0,-650.0,A-GENM
715,X-HLP3-AR-F3-LAY-01-001,窗,百叶窗-带贴面 - BYC6220-4661183-LAY-1F-1_500-A,3500x2300(左) DCC-F,DCC-F,X/Y轴,北区,3.50,2.30,左,75588.64,158625.0,A-GLAZ
716,X-HLP3-AR-F3-LAY-01-001,其他,混凝土雨棚1 - 混凝土雨棚-300mm-2000 2-4311651-LAY-1F-1_500-A,3500x2300(左) DCC-F,DCC-F,X/Y轴,北区,3.50,2.30,左,118800.0,159050.0,A-GENM
717,X-HLP3-AR-F3-LAY-01-001,其他,混凝土雨棚1 - 混凝土雨棚-300mm-2000 2-4430288-LAY-1F-1_500-A,3500x2300(左) DCC-F,DCC-F,X/Y轴,北区,3.50,2.30,左,235050.0,159050.0,A-GENM
718,X-HLP3-AR-F3-LAY-01-001,其他,混凝土雨棚1 - 混凝土雨棚-300mm-2000 2-4311660-LAY-1F-1_500-A,3500x2300(左) DCC-F,DCC-F,X/Y轴,北区,3.50,2.30,左,242487.5,159050.0,A-GENM
719,X-HLP3-AR-F3-LAY-01-001,窗,百叶窗-带贴面 - BYC11320-4790641-LAY-1F-1_500-A,3500x2300(左) DCC-F,DCC-F,X/Y轴,北区,3.50,2.30,左,186188.64,158625.0,A-GLAZ
720,X-HLP3-AR-F3-LAY-01-001,门,电梯门_客梯 - 20T货梯-4055783-LAY-1F-1_500-A,,,A/B轴,南区,,,,291600.0,4050.0,A-DOOR
721,X-HLP3-AR-F3-LAY-01-001,门,电梯门_客梯 - 20T货梯-4055783-LAY-1F-1_500-A,,,B/C轴,南区,,,,291600.0,10850.0,A-DOOR
722,X-HLP3-AR-F3-LAY-01-001,窗,百叶窗-带贴面 - BYC7212-4912070-LAY-1F-1_500-A,,,G/H轴,南中区,,,,292850.0,46811.36,A-GLAZ
723,X-HLP3-AR-F3-LAY-01-001,窗,百叶窗-带贴面 - BYC3612-4831002-LAY-1F-1_500-A,,,U/V轴,北中区,,,,292850.0,135011.36,A-GLAZ
724,X-HLP3-AR-F3-LAY-01-001,门,坐便器带厕所隔断 内开门 - 坐便器带厕所隔断 内开门-3756326-LAY-1F-1_500-A,2850x1800(左) DCC-C*2,DCC-C*2,H/J轴,南中区,2.85,1.80,左,7110.0,53925.0,A-GENM
725,X-HLP3-AR-F3-LAY-01-001,门,坐便器带厕所隔断 内开门 - 坐便器带厕所隔断 内开门-V76-LAY-1F-1_500-A,2850x1800(左) DCC-C*2,DCC-C*2,H/J轴,南中区,2.85,1.80,左,6110.0,53925.0,A-GENM
726,X-HLP3-AR-F3-LAY-01-001,门,坐便器带厕所隔断 内开门 - 坐便器带厕所隔断 内开门-V76-LAY-1F-1_500-A,2850x1800(左) DCC-C*2,DCC-C*2,H/J轴,南中区,2.85,1.80,左,5110.0,53925.0,A-GENM
727,X-HLP3-AR-F3-LAY-01-001,门,坐便器带厕所隔断 内开门 - 坐便器带厕所隔断 内开门-V76-LAY-1F-1_500-A,2850x1800(左) DCC-C*2,DCC-C*2,H/J轴,南中区,2.85,1.80,左,4110.0,53925.0,A-GENM
728,X-HLP3-AR-F3-LAY-01-001,门,坐便器带厕所隔断 内开门 - 坐便器带厕所隔断 内开门-3762917-LAY-1F-1_500-A,2850x1800(左) DCC-C*2,DCC-C*2,H/J轴,南中区,2.85,1.80,左,7110.0,54125.0,A-GENM
729,X-HLP3-AR-F3-LAY-01-001,门,坐便器带厕所隔断 内开门 - 坐便器带厕所隔断 内开门-V66-LAY-1F-1_500-A,2850x1800(左) DCC-C*2,DCC-C*2,H/J轴,南中区,2.85,1.80,左,6110.0,54125.0,A-GENM
730,X-HLP3-AR-F3-LAY-01-001,门,坐便器带厕所隔断 内开门 - 坐便器带厕所隔断 内开门-V66-LAY-1F-1_500-A,2850x1800(左) DCC-C*2,DCC-C*2,H/J轴,南中区,2.85,1.80,左,5110.0,54125.0,A-GENM
731,X-HLP3-AR-F3-LAY-01-001,门,坐便器带厕所隔断 内开门 - 坐便器带厕所隔断 内开门-V66-LAY-1F-1_500-A,2850x1800(左) DCC-C*2,DCC-C*2,H/J轴,南中区,2.85,1.80,左,4110.0,54125.0,A-GENM
732,X-HLP3-AR-F3-LAY-01-001,门,双扇平开外门_带观察窗 - GM3030_A_-4070975-LAY-1F-1_500-A,2850x2300(右) DCC-D,DCC-D,G/H轴,南中区,2.85,2.30,右,300.0,46800.0,A-DOOR
733,X-HLP3-AR-F3-LAY-01-001,单扇防火门,单扇平开防火门_带观察窗 - GM1128-4818688-LAY-1F-1_500-A,2850x1800(左) DCC-C*2,DCC-C*2,H/J轴,南中区,2.85,1.80,左,-150.0,52200.0,A-DOOR
734,X-HLP3-AR-F3-LAY-01-001,单扇防火门,单扇平开防火门_带观察窗 - GM1128-4818686-LAY-1F-1_500-A,2850x1800(左) DCC-C*2,DCC-C*2,H/J轴,南中区,2.85,1.80,左,100.0,55800.0,A-DOOR
735,X-HLP3-AR-F3-LAY-01-001,其他,洗脸盆-多个有台面有墙 2D - 800-4119910-LAY-1F-1_500-A,2850x1800(左) DCC-C*2,DCC-C*2,H/J轴,南中区,2.85,1.80,左,3225.0,54025.0,P-SANR-FIXT
736,X-HLP3-AR-F3-LAY-01-001,其他,单个圆形有台面台盆 - 单个圆形有台面台盆-4069337-LAY-1F-1_500-A,2850x1800(左) DCC-C*2,DCC-C*2,H/J轴,南中区,2.85,1.80,左,850.0,53925.0,P-SANR-FIXT
737,X-HLP3-AR-F3-LAY-01-001,其他,单个圆形有台面台盆 - 单个圆形有台面台盆-4069337-LAY-1F-1_500-A,2850x1800(左) DCC-C*2,DCC-C*2,H/J轴,南中区,2.85,1.80,左,2450.0,53925.0,P-SANR-FIXT
738,X-HLP3-AR-F3-LAY-01-001,其他,单个圆形有台面台盆 - 单个圆形有台面台盆-4069337-LAY-1F-1_500-A,2850x1800(左) DCC-C*2,DCC-C*2,H/J轴,南中区,2.85,1.80,左,1650.0,53925.0,P-SANR-FIXT
739,X-HLP3-AR-F3-LAY-01-001,其他,洗脸盆-多个有台面有墙 2D - 800-V77-LAY-1F-1_500-A,2850x1800(左) DCC-C*2,DCC-C*2,H/J轴,南中区,2.85,1.80,左,75.0,54025.0,P-SANR-FIXT
740,X-HLP3-AR-F3-LAY-01-001,其他,单个圆形有台面台盆 - 单个圆形有台面台盆-4069337-LAY-1F-1_500-A,2850x1800(左) DCC-C*2,DCC-C*2,H/J轴,南中区,2.85,1.80,左,2450.0,54125.0,P-SANR-FIXT
741,X-HLP3-AR-F3-LAY-01-001,其他,单个圆形有台面台盆 - 单个圆形有台面台盆-4069337-LAY-1F-1_500-A,2850x1800(左) DCC-C*2,DCC-C*2,H/J轴,南中区,2.85,1.80,左,850.0,54125.0,P-SANR-FIXT
742,X-HLP3-AR-F3-LAY-01-001,其他,单个圆形有台面台盆 - 单个圆形有台面台盆-4069337-LAY-1F-1_500-A,2850x1800(左) DCC-C*2,DCC-C*2,H/J轴,南中区,2.85,1.80,左,1650.0,54125.0,P-SANR-FIXT
743,X-HLP3-AR-F3-LAY-01-001,其他,立式小便器-带隔板_左右可选 - 标准-V78-LAY-1F-1_500-A,2850x1800(左) DCC-C*2,DCC-C*2,H/J轴,南中区,2.85,1.80,左,6525.0,57600.0,P-SANR-FIXT
744,X-HLP3-AR-F3-LAY-01-001,其他,立式小便器-带隔板_左右可选 - 标准-V78-LAY-1F-1_500-A,2850x1800(左) DCC-C*2,DCC-C*2,H/J轴,南中区,2.85,1.80,左,5725.0,57600.0,P-SANR-FIXT
745,X-HLP3-AR-F3-LAY-01-001,单扇防火门,单扇平开防火门_带观察窗 - GM1123-4718469-LAY-1F-1_500-A,2850x1800(左) DCC-C*2,DCC-C*2,K/L轴,南中区,2.85,1.80,左,5950.0,72000.0,A-DOOR
746,X-HLP3-AR-F3-LAY-01-001,其他,混凝土雨棚1 - 混凝土雨棚-300mm-2000 2-4311661-LAY-1F-1_500-A,2850x2300(右) DCC-D,DCC-D,E/F轴,南区,2.85,2.30,右,-300.0,36712.5,A-GENM
747,X-HLP3-AR-F3-LAY-01-001,其他,坡道 - 坡道-V79-LAY-1F-1_500-A,2850x1800(左) DCC-C*2,DCC-C*2,L/M轴,北中区,2.85,1.80,左,-300.0,75600.0,Q-SPCQ
748,X-HLP3-AR-F3-LAY-01-001,单扇防火门,单扇平开防火门_带观察窗 - QM1123-4703564-LAY-1F-1_500-A,,,T/U轴,北中区,,,,18000.0,130750.0,A-DOOR
749,X-HLP3-AR-F3-LAY-01-001,卷帘门,外墙卷帘门 - JLM5340-4370071-LAY-1F-1_500-A,,,A/B轴,南区,,,,292950.0,4050.0,A-DOOR
750,X-HLP3-AR-F3-LAY-01-001,卷帘门,外墙卷帘门 - JLM5340-V80-LAY-1F-1_500-A,,,B/C轴,南区,,,,292950.0,10850.0,A-DOOR
751,X-HLP3-AR-F3-LAY-01-001,门,双扇平开外门_带观察窗 - GYM1530_A_-4528011-LAY-1F-1_500-A,,,U/V轴,北中区,,,,75.0,135175.0,A-DOOR
752,X-HLP3-AR-F3-LAY-01-001,其他,坡道 - 坡道-V81-LAY-1F-1_500-A,,,U/V轴,北中区,,,,-300.0,135175.0,Q-SPCQ
753,X-HLP3-AR-F3-LAY-01-001,其他,立式小便器-带隔板_左右可选 - 标准-V78-LAY-1F-1_500-A,2850x1800(左) DCC-C*2,DCC-C*2,H/J轴,南中区,2.85,1.80,左,4925.0,57600.0,P-SANR-FIXT
754,X-HLP3-AR-F3-LAY-01-001,其他,立式小便器-带隔板_左右可选 - 标准-V78-LAY-1F-1_500-A,2850x1800(左) DCC-C*2,DCC-C*2,H/J轴,南中区,2.85,1.80,左,4125.0,57600.0,P-SANR-FIXT
755,X-HLP3-AR-F3-LAY-01-001,其他,立式小便器-带隔板_左右可选 - 标准-4091478-LAY-1F-1_500-A,2850x1800(左) DCC-C*2,DCC-C*2,H/J轴,南中区,2.85,1.80,左,3325.0,57600.0,P-SANR-FIXT
756,X-HLP3-AR-F3-LAY-01-001,门,坐便器带厕所隔断 内开门 - 坐便器带厕所隔断 内开门-3756326-LAY-1F-1_500-A,,,T/U轴,北中区,,,,4200.0,129810.0,A-GENM
757,X-HLP3-AR-F3-LAY-01-001,门,坐便器带厕所隔断 内开门 - 坐便器带厕所隔断 内开门-V76-LAY-1F-1_500-A,,,T/U轴,北中区,,,,4200.0,128810.0,A-GENM
758,X-HLP3-AR-F3-LAY-01-001,门,坐便器带厕所隔断 内开门 - 坐便器带厕所隔断 内开门-V76-LAY-1F-1_500-A,,,T/U轴,北中区,,,,4200.0,127810.0,A-GENM
759,X-HLP3-AR-F3-LAY-01-001,门,坐便器带厕所隔断 内开门 - 坐便器带厕所隔断 内开门-V76-LAY-1F-1_500-A,,,T/U轴,北中区,,,,4200.0,126810.0,A-GENM
760,X-HLP3-AR-F3-LAY-01-001,单扇防火门,单扇平开防火门_带观察窗 - FM甲1123-4703562-LAY-1F-1_500-A,2850x2600(右) DCC-E*2,DCC-E*2,S/T轴,北中区,2.85,2.60,右,4100.0,123050.0,A-DOOR
761,X-HLP3-AR-F3-LAY-01-001,其他,立式小便器-带隔板_左右可选 - 标准-800-4106349-LAY-1F-1_500-A,,,T/U轴,北中区,,,,100.0,128550.0,P-SANR-FIXT
762,X-HLP3-AR-F3-LAY-01-001,门,坐便器带厕所隔断 内开门 - 坐便器带厕所隔断 内开门-3762917-LAY-1F-1_500-A,,,T/U轴,北中区,,,,4000.0,129810.0,A-GENM
763,X-HLP3-AR-F3-LAY-01-001,门,坐便器带厕所隔断 内开门 - 坐便器带厕所隔断 内开门-V66-LAY-1F-1_500-A,,,T/U轴,北中区,,,,4000.0,128810.0,A-GENM
764,X-HLP3-AR-F3-LAY-01-001,门,坐便器带厕所隔断 内开门 - 坐便器带厕所隔断 内开门-V66-LAY-1F-1_500-A,,,T/U轴,北中区,,,,4000.0,127810.0,A-GENM
765,X-HLP3-AR-F3-LAY-01-001,门,坐便器带厕所隔断 内开门 - 坐便器带厕所隔断 内开门-V66-LAY-1F-1_500-A,,,T/U轴,北中区,,,,4000.0,126810.0,A-GENM
766,X-HLP3-AR-F3-LAY-01-001,其他,立式小便器-带隔板_左右可选 - 标准-800-4106349-LAY-1F-1_500-A,,,T/U轴,北中区,,,,100.0,127750.0,P-SANR-FIXT
767,X-HLP3-AR-F3-LAY-01-001,其他,立式小便器-带隔板_左右可选 - 标准-800-4106349-LAY-1F-1_500-A,,,T/U轴,北中区,,,,100.0,126950.0,P-SANR-FIXT
768,X-HLP3-AR-F3-LAY-01-001,其他,立式小便器-带隔板_左右可选 - 标准-800-4106349-LAY-1F-1_500-A,,,T/U轴,北中区,,,,100.0,126150.0,P-SANR-FIXT
769,X-HLP3-AR-F3-LAY-01-001,其他,洗脸盆-多个有台面有墙 2D - 1800-V82-LAY-1F-1_500-A,,,T/U轴,北中区,,,,4100.0,125925.0,P-SANR-FIXT
770,X-HLP3-AR-F3-LAY-01-001,其他,单个圆形有台面台盆 - 单个圆形有台面台盆-3767995-LAY-1F-1_500-A,2850x2600(右),,T/U轴,北中区,2.85,2.60,右,4200.0,124550.0,P-SANR-FIXT
771,X-HLP3-AR-F3-LAY-01-001,其他,单个圆形有台面台盆 - 单个圆形有台面台盆-3767995-LAY-1F-1_500-A,,,T/U轴,北中区,,,,4200.0,125250.0,P-SANR-FIXT
772,X-HLP3-AR-F3-LAY-01-001,单扇防火门,单扇平开防火门_带观察窗 - FM甲1123-4703562-LAY-1F-1_500-A,2850x1800(右) DCC-C*2,DCC-C*2,T/U轴,北中区,2.85,1.80,右,6650.0,123900.0,A-DOOR
773,X-HLP3-AR-F3-LAY-01-001,其他,洗脸盆-多个有台面有墙 2D - 1800-V83-LAY-1F-1_500-A,,,T/U轴,北中区,,,,4100.0,125925.0,P-SANR-FIXT
774,X-HLP3-AR-F3-LAY-01-001,其他,单个圆形有台面台盆 - 单个圆形有台面台盆-3872865-LAY-1F-1_500-A,2850x2600(右),,T/U轴,北中区,2.85,2.60,右,4000.0,124550.0,P-SANR-FIXT
775,X-HLP3-AR-F3-LAY-01-001,其他,单个圆形有台面台盆 - 单个圆形有台面台盆-3872865-LAY-1F-1_500-A,,,T/U轴,北中区,,,,4000.0,125250.0,P-SANR-FIXT
776,X-HLP3-AR-F3-LAY-01-001,双扇防火门,双扇平开防火门_带观察窗 - QM3433-4644801-LAY-1F-1_500-A,2850x2300(右) DCC,DCC,G/H轴,南中区,2.85,2.30,右,198000.0,51050.0,A-DOOR
777,X-HLP3-AR-F3-LAY-01-001,双扇防火门,双扇平开防火门_带观察窗 - FM甲3433-4643147-LAY-1F-1_500-A,2850x1800(右) DCC-C*2,DCC-C*2,G/H轴,南中区,2.85,1.80,右,198000.0,46800.0,A-DOOR
778,X-HLP3-AR-F3-LAY-01-001,其他,立式小便器-带隔板_左右可选 - 标准-800-4283874-LAY-1F-1_500-A,,,T/U轴,北中区,,,,100.0,125350.0,P-SANR-FIXT
779,X-HLP3-AR-F3-LAY-01-001,门,双扇平开门-角度可调 - FM甲1523_160__-4636731-LAY-1F-1_500-A,2850x2600(右) DCC-E*2,DCC-E*2,S/T轴,北中区,2.85,2.60,右,5450.0,120550.0,A-DOOR
780,X-HLP3-AR-F3-LAY-01-001,窗,双扇窗-上开 - C1812-4873697-LAY-1F-1_500-A,,,U/V轴,北中区,,,,18000.0,134500.0,A-GLAZ
781,X-HLP3-AR-F3-LAY-01-001,双扇防火门,双扇平开防火门_带观察窗 - FM甲2830-4643034-LAY-1F-1_500-A,,,T/U轴,北中区,,,,21300.0,126000.0,A-DOOR
782,X-HLP3-AR-F3-LAY-01-001,门,单扇平开门1 - CCB1221-3602038-LAY-1F-1_500-A,,,L/M轴,北中区,,,,292950.0,73625.0,A-DOOR
783,X-HLP3-AR-F3-LAY-01-001,其他,穿孔铝板 - 穿孔铝板-4790916-LAY-1F-1_500-A,3500x2300(左) DCC-F,DCC-F,X/Y轴,北区,3.50,2.30,左,229375.0,159000.0,A-GENM
784,X-HLP3-AR-F3-LAY-01-001,门,双扇平开外门_带观察窗 - FM甲1530_A_-4127258-LAY-1F-1_500-A,3500x2300(左) DCC-F,DCC-F,X/Y轴,北区,3.50,2.30,左,196200.0,158300.0,A-DOOR
785,X-HLP3-AR-F3-LAY-01-001,门,双扇平开外门_带观察窗 - FM甲1530_A_-4127258-LAY-1F-1_500-A,3500x2300(左) DCC-F,DCC-F,X/Y轴,北区,3.50,2.30,左,138600.0,158300.0,A-DOOR
786,X-HLP3-AR-F3-LAY-01-001,其他,混凝土雨棚1 - 混凝土雨棚-500x5500-4382462-LAY-1F-1_500-A,500x5500,,A/B轴,南区,0.50,5.50,,293100.0,6425.0,A-GENM
787,X-HLP3-AR-F3-LAY-01-001,门,门-上方带亮子 - FM乙1530_B_-4887940-LAY-1F-1_500-A,,,M/N轴,北中区,,,,292700.0,81550.0,A-DOOR
788,X-HLP3-AR-F3-LAY-01-001,门,门-上方带亮子 - GM1530_C_-4887983-LAY-1F-1_500-A,,,M/N轴,北中区,,,,292725.0,84250.0,A-DOOR
789,X-HLP3-AR-F3-LAY-01-001,门,双扇平开外门_带观察窗 - TFDM1530_A_-4566159-LAY-1F-1_500-A,,,Q/R轴,北中区,,,,292675.0,104075.0,A-DOOR
790,X-HLP3-AR-F3-LAY-01-001,门,双扇平开外门_带观察窗 - TFDM1530_A_-4566159-LAY-1F-1_500-A,,,P/Q轴,北中区,,,,292675.0,97175.0,A-DOOR
791,X-HLP3-AR-F3-LAY-01-001,门,双扇平开外门_带观察窗 - TFDM1530_A_-4566159-LAY-1F-1_500-A,,,N/P轴,北中区,,,,292675.0,89975.0,A-DOOR
792,X-HLP3-AR-F3-LAY-01-001,双扇防火门,双扇平开防火门_带观察窗 - FM甲3030-4643157-LAY-1F-1_500-A,2850x1800(右) DCC-C*2,DCC-C*2,G/H轴,南中区,2.85,1.80,右,104400.0,50925.0,A-DOOR
793,X-HLP3-AR-F3-LAY-01-001,单扇防火门,单扇平开防火门_带观察窗 - QM0821-4703572-LAY-1F-1_500-A,2400x1300(右) DCC,DCC,L/M轴,北中区,2.40,1.30,右,200000.0,77725.0,A-DOOR
794,X-HLP3-AR-F3-LAY-01-001,单扇防火门,单扇平开防火门_带观察窗 - QM0821-V85-LAY-1F-1_500-A,2400x1300(右) DCC,DCC,H/J轴,南中区,2.40,1.30,右,239225.0,52575.0,A-DOOR
795,X-HLP3-AR-F3-LAY-01-001,双扇防火门,双扇平开防火门_带观察窗 - FM甲1223-4642656-LAY-1F-1_500-A,2850x1800(右) DCC-C*2,DCC-C*2,G/H轴,南中区,2.85,1.80,右,132100.0,47950.0,A-DOOR
796,X-HLP3-AR-F3-LAY-01-001,双扇防火门,双扇平开防火门_带观察窗 - FM甲1223-4642656-LAY-1F-1_500-A,2850x1800(右) DCC-C*2,DCC-C*2,G/H轴,南中区,2.85,1.80,右,132100.0,46100.0,A-DOOR
797,X-HLP3-AR-F3-LAY-01-001,双扇防火门,双扇平开防火门_带观察窗 - FM甲1530-4643071-LAY-1F-1_500-A,2850x2300(右) DCC-D,DCC-D,G/H轴,南中区,2.85,2.30,右,115200.0,44775.0,A-DOOR
798,X-HLP3-AR-F3-LAY-01-001,其他,文件柜 - 文件柜-2-4167326-LAY-1F-1_500-A,2365x765 DCC,DCC,G/H轴,南中区,2.37,0.77,,126125.0,49975.0,I-FURN
799,X-HLP3-AR-F3-LAY-01-001,其他,文件柜 - 文件柜-2-4167326-LAY-1F-1_500-A,2365x765 DCC,DCC,G/H轴,南中区,2.37,0.77,,126125.0,49175.0,I-FURN
800,X-HLP3-AR-F3-LAY-01-001,其他,文件柜 - 文件柜-2-4167326-LAY-1F-1_500-A,2365x765 DCC,DCC,G/H轴,南中区,2.37,0.77,,126125.0,48375.0,I-FURN
801,X-HLP3-AR-F3-LAY-01-001,其他,文件柜 - 文件柜-2-4167326-LAY-1F-1_500-A,2365x765 DCC,DCC,G/H轴,南中区,2.37,0.77,,126125.0,47575.0,I-FURN
802,X-HLP3-AR-F3-LAY-01-001,其他,文件柜 - 文件柜-2-4167326-LAY-1F-1_500-A,2365x765 DCC,DCC,G/H轴,南中区,2.37,0.77,,126125.0,46775.0,I-FURN
803,X-HLP3-AR-F3-LAY-01-001,单扇防火门,单扇平开防火门_带观察窗 - FM甲1123-4703358-LAY-1F-1_500-A,2850x2300(右) DCC-D,DCC-D,G/H轴,南中区,2.85,2.30,右,101100.0,44575.0,A-DOOR
804,X-HLP3-AR-F3-LAY-01-001,双扇防火门,双扇平开防火门_带观察窗 - FM甲3030-4643157-LAY-1F-1_500-A,2850x2300(右) DCC-D,DCC-D,F/G轴,南区,2.85,2.30,右,104400.0,42675.0,A-DOOR
805,X-HLP3-AR-F3-LAY-01-001,其他,叉车 - 类型 1-4171308-LAY-1F-1_500-A,2850x1800(左),,K/L轴,南中区,2.85,1.80,左,-2352.42,69574.94,A-DETL-GENF
806,X-HLP3-AR-F3-LAY-01-001,其他,叉车 - 类型 1-V87-LAY-1F-1_500-A,2850x1800(左),,K/L轴,南中区,2.85,1.80,左,-2352.42,66974.94,A-DETL-GENF
807,X-HLP3-AR-F3-LAY-01-001,其他,叉车 - 类型 1-V88-LAY-1F-1_500-A,2850x1800(左),,J/K轴,南中区,2.85,1.80,左,-2352.42,64374.94,A-DETL-GENF
808,X-HLP3-AR-F3-LAY-01-001,其他,叉车 - 类型 1-V89-LAY-1F-1_500-A,2850x1800(左),,J/K轴,南中区,2.85,1.80,左,-2352.42,61774.94,A-DETL-GENF
809,X-HLP3-AR-F3-LAY-01-001,其他,叉车 - 类型 1-V88-LAY-1F-1_500-A,2850x1800(左),,J/K轴,南中区,2.85,1.80,左,-2352.42,59174.94,A-DETL-GENF
810,X-HLP3-AR-F3-LAY-01-001,窗,百叶窗-带贴面 - BYC3020-4864505-LAY-1F-1_500-A,3500x2300(右) DCC-F,DCC-F,A轴,南区,3.50,2.30,右,163811.36,-500.0,A-GLAZ
811,X-HLP3-AR-F3-LAY-01-001,窗,百叶窗-带贴面 - BYC3220-4828235-LAY-1F-1_500-A,3500x2300(右) DCC-F,DCC-F,A轴,南区,3.50,2.30,右,185111.36,-225.0,A-GLAZ
812,X-HLP3-AR-F3-LAY-01-001,窗,百叶窗-带贴面 - BYC3608-4661232-LAY-1F-1_500-A,3500x2300(左) DCC-F,DCC-F,X/Y轴,北区,3.50,2.30,左,212388.64,158900.0,A-GLAZ
813,X-HLP3-AR-F3-LAY-01-001,窗,百叶窗-带贴面 - BYC3608-4661232-LAY-1F-1_500-A,3500x2300(左) DCC-F,DCC-F,X/Y轴,北区,3.50,2.30,左,161988.64,158900.0,A-GLAZ
814,X-HLP3-AR-F3-LAY-01-001,窗,百叶窗-带贴面 - BYC1508-4659751-LAY-1F-1_500-A,3500x2300(左) DCC-F,DCC-F,X/Y轴,北区,3.50,2.30,左,84588.64,158900.0,A-GLAZ
815,X-HLP3-AR-F3-LAY-01-001,窗,百叶窗-带贴面 - BYC6420-4661298-LAY-1F-1_500-A,3500x2300(左) DCC-F,DCC-F,X/Y轴,北区,3.50,2.30,左,125988.64,158625.0,A-GLAZ
816,X-HLP3-AR-F3-LAY-01-001,门,双扇平开外门_带观察窗 - GM1830_A_-4808147-LAY-1F-1_500-A,3500x2300(左) DCC-F,DCC-F,X/Y轴,北区,3.50,2.30,左,235050.0,158300.0,A-DOOR
817,X-HLP3-AR-F3-LAY-01-001,其他,坡道 - 坡道-V90-LAY-1F-1_500-A,3500x2300(左) DCC-F,DCC-F,X/Y轴,北区,3.50,2.30,左,18000.0,159050.0,Q-SPCQ
818,X-HLP3-AR-F3-LAY-01-001,双扇防火门,双扇平开防火门_带观察窗 - FM甲2430-4642638-LAY-1F-1_500-A,2850x1800(左) DCC-C*2,DCC-C*2,G/H轴,南中区,2.85,1.80,左,134325.0,45300.0,A-DOOR
819,X-HLP3-AR-F3-LAY-01-001,窗,三列窗-A - C3612-4872300-LAY-1F-1_500-A,2850x1800(左) DCC-C*2,DCC-C*2,J/K轴,南中区,2.85,1.80,左,-150.0,61200.0,A-GLAZ
820,X-HLP3-AR-F3-LAY-01-001,单扇防火门,单扇平开防火门_带观察窗 - FM甲0821-4703394-LAY-1F-1_500-A,2850x1800(右) DCC-C*2,DCC-C*2,S/T轴,北中区,2.85,1.80,右,7550.0,121600.0,A-DOOR
821,X-HLP3-AR-F3-LAY-01-001,单扇防火门,单扇平开防火门_带观察窗 - FM甲0821-4703380-LAY-1F-1_500-A,2850x2600(右) DCC-E*2,DCC-E*2,S/T轴,北中区,2.85,2.60,右,4150.0,121600.0,A-DOOR
822,X-HLP3-AR-F3-LAY-01-001,单扇防火门,单扇平开防火门_带观察窗 - FM甲0821-4703382-LAY-1F-1_500-A,,,S/T轴,北中区,,,,63800.0,122100.0,A-DOOR
823,X-HLP3-AR-F3-LAY-01-001,窗,百叶窗-带贴面 - BYC1323-4817944-LAY-1F-1_500-A,2365*965 DCC,DCC,E/F轴,南区,2.37,0.96,,-50.0,35988.64,A-GLAZ
824,X-HLP3-AR-F3-LAY-01-001,窗,百叶窗-带贴面 - BYC6723-4859437-LAY-1F-1_500-A,2850x2600(右) DCC-E*2,DCC-E*2,S/T轴,北中区,2.85,2.60,右,-50.0,118288.64,A-GLAZ
825,X-HLP3-AR-F3-LAY-01-001,消防,室内消火栓箱_带灭火器__左右式_ - SG24D65-P-4294461-LAY-1F-1_500-A,3500x2300(左) DCC-F,DCC-F,X/Y轴,北区,3.50,2.30,左,8391.98,158215.0,M-EQPM
826,X-HLP3-AR-F3-LAY-01-001,消防,室内消火栓箱_带灭火器__左右式_ - SG24D65-P-4299218-LAY-1F-1_500-A,2400x1300(右) DCC,DCC,X/Y轴,北区,2.40,1.30,右,28450.0,157050.0,M-EQPM
827,X-HLP3-AR-F3-LAY-01-001,消防,室内消火栓箱_带灭火器__左右式_ - SG24D65-P-4294461-LAY-1F-1_500-A,,,V/W轴,北区,,,,600.0,138125.0,M-EQPM
828,X-HLP3-AR-F3-LAY-01-001,消防,室内消火栓箱_带灭火器__左右式_ - SG24D65-P-4299218-LAY-1F-1_500-A,3500x2300(左) DCC-F,DCC-F,X/Y轴,北区,3.50,2.30,左,61312.36,158200.0,M-EQPM
829,X-HLP3-AR-F3-LAY-01-001,消防,室内消火栓箱_带灭火器__左右式_ - SG24D65-P-V91-LAY-1F-1_500-A,,,U/V轴,北中区,,,,50800.15,136400.0,M-EQPM
830,X-HLP3-AR-F3-LAY-01-001,消防,室内消火栓箱_带灭火器__左右式_ - SG24D65-P-4294461-LAY-1F-1_500-A,2850x2300(右) DCC-D,DCC-D,S/T轴,北中区,2.85,2.30,右,22450.0,122400.0,M-EQPM
831,X-HLP3-AR-F3-LAY-01-001,消防,室内消火栓箱_带灭火器__左右式_ - SG24D65-P-4294461-LAY-1F-1_500-A,,,V/W轴,北区,,,,68700.0,144850.0,M-EQPM
832,X-HLP3-AR-F3-LAY-01-001,消防,室内消火栓箱_带灭火器__左右式_ - SG24D65-P-4294461-LAY-1F-1_500-A,,,T/U轴,北中区,,,,68700.0,130450.0,M-EQPM
833,X-HLP3-AR-F3-LAY-01-001,消防,室内消火栓箱_带灭火器__左右式_ - SG24D65-P-V92-LAY-1F-1_500-A,,,U/V轴,北中区,,,,71600.0,136745.0,M-EQPM
834,X-HLP3-AR-F3-LAY-01-001,消防,室内消火栓箱_带灭火器__左右式_ - SG24D65-P-4294461-LAY-1F-1_500-A,2000*2300(右) DCC-B*2,DCC-B*2,S/T轴,北中区,2.00,2.30,右,77450.0,122200.0,M-EQPM
835,X-HLP3-AR-F3-LAY-01-001,消防,室内消火栓箱_带灭火器__左右式_ - SG24D65-P-V93-LAY-1F-1_500-A,,,U/V轴,北中区,,,,36130.0,136400.0,M-EQPM
836,X-HLP3-AR-F3-LAY-01-001,消防,室内消火栓箱_带灭火器__左右式_ - SG24D65-P-4294461-LAY-1F-1_500-A,3500x2300(左) DCC-F,DCC-F,X/Y轴,北区,3.50,2.30,左,125700.0,157700.0,M-EQPM
837,X-HLP3-AR-F3-LAY-01-001,消防,室内消火栓箱_带灭火器__左右式_ - SG24D65-P-V92-LAY-1F-1_500-A,3500x2300(左) DCC-F,DCC-F,X/Y轴,北区,3.50,2.30,左,129100.0,157700.0,M-EQPM
838,X-HLP3-AR-F3-LAY-01-001,消防,室内消火栓箱_带灭火器__左右式_ - SG24D65-P-V94-LAY-1F-1_500-A,,,V/W轴,北区,,,,129200.0,143850.0,M-EQPM
839,X-HLP3-AR-F3-LAY-01-001,消防,室内消火栓箱_带灭火器__左右式_ - SG24D65-P-4294461-LAY-1F-1_500-A,2850x2600(右) DCC-E,DCC-E,S/T轴,北中区,2.85,2.60,右,129440.0,121635.0,M-EQPM
840,X-HLP3-AR-F3-LAY-01-001,消防,室内消火栓箱_带灭火器__左右式_ - SG24D65-P-V95-LAY-1F-1_500-A,3500x2300(左) DCC-F,DCC-F,X/Y轴,北区,3.50,2.30,左,151700.0,157744.77,M-EQPM
841,X-HLP3-AR-F3-LAY-01-001,消防,室内消火栓箱_带灭火器__左右式_ - SG24D65-P-V95-LAY-1F-1_500-A,3500x2300(左) DCC-F,DCC-F,X/Y轴,北区,3.50,2.30,左,166100.0,157744.77,M-EQPM
842,X-HLP3-AR-F3-LAY-01-001,消防,室内消火栓箱_带灭火器__左右式_ - SG24D65-P-4294461-LAY-1F-1_500-A,3500x2300(左) DCC-F,DCC-F,X/Y轴,北区,3.50,2.30,左,183300.0,157700.0,M-EQPM
843,X-HLP3-AR-F3-LAY-01-001,消防,室内消火栓箱_带灭火器__左右式_ - SG24D65-P-4294461-LAY-1F-1_500-A,3500x2300(左) DCC-F,DCC-F,W/X轴,北区,3.50,2.30,左,183300.0,151965.0,M-EQPM
844,X-HLP3-AR-F3-LAY-01-001,消防,室内消火栓箱_带灭火器__左右式_ - SG24D65-P-4294461-LAY-1F-1_500-A,,,U/V轴,北中区,,,,183300.0,136020.0,M-EQPM
845,X-HLP3-AR-F3-LAY-01-001,消防,室内消火栓箱_带灭火器__左右式_ - SG24D65-P-V96-LAY-1F-1_500-A,,,U/V轴,北中区,,,,179850.0,136400.0,M-EQPM
846,X-HLP3-AR-F3-LAY-01-001,消防,室内消火栓箱_带灭火器__左右式_ - SG24D65-P-4294461-LAY-1F-1_500-A,2850x2600(右) DCC-E*2,DCC-E*2,R/S轴,北中区,2.85,2.60,右,150210.0,115585.0,M-EQPM
847,X-HLP3-AR-F3-LAY-01-001,消防,室内消火栓箱_带灭火器__左右式_ - SG24D65-P-4294461-LAY-1F-1_500-A,,,T/U轴,北中区,,,,166550.0,125900.0,M-EQPM
848,X-HLP3-AR-F3-LAY-01-001,消防,室内消火栓箱_带灭火器__左右式_ - SG24D65-P-4299218-LAY-1F-1_500-A,2850x2300(右) DCC-D*2,DCC-D*2,R/S轴,北中区,2.85,2.30,右,171810.0,115585.0,M-EQPM
849,X-HLP3-AR-F3-LAY-01-001,消防,室内消火栓箱_带灭火器__左右式_ - SG24D65-P-V97-LAY-1F-1_500-A,3500x2300(左) DCC-F,DCC-F,X/Y轴,北区,3.50,2.30,左,208060.0,158950.0,M-EQPM
850,X-HLP3-AR-F3-LAY-01-001,消防,室内消火栓箱_带灭火器__左右式_ - SG24D65-P-V97-LAY-1F-1_500-A,3500x2300(左) DCC-F,DCC-F,X/Y轴,北区,3.50,2.30,左,216740.0,158950.0,M-EQPM
851,X-HLP3-AR-F3-LAY-01-001,消防,室内消火栓箱_带灭火器__左右式_ - SG24D65-P-4299218-LAY-1F-1_500-A,3500x2300(左) DCC-F,DCC-F,X/Y轴,北区,3.50,2.30,左,232790.0,158200.0,M-EQPM
852,X-HLP3-AR-F3-LAY-01-001,消防,室内消火栓箱_带灭火器__左右式_ - SG24D65-P-4299218-LAY-1F-1_500-A,,,T/U轴,北中区,,,,194524.7,128650.0,M-EQPM
853,X-HLP3-AR-F3-LAY-01-001,消防,室内消火栓箱_带灭火器__左右式_ - SG24D65-P-4294461-LAY-1F-1_500-A,2850x1800(右) DCC-C*2,DCC-C*2,R/S轴,北中区,2.85,1.80,右,200610.0,115585.0,M-EQPM
854,X-HLP3-AR-F3-LAY-01-001,消防,室内消火栓箱_带灭火器__左右式_ - SG24D65-P-4294461-LAY-1F-1_500-A,2850x1800(右) DCC-C,DCC-C,R/S轴,北中区,2.85,1.80,右,215010.0,115585.0,M-EQPM
855,X-HLP3-AR-F3-LAY-01-001,消防,室内消火栓箱_带灭火器__左右式_ - SG24D65-P-4294461-LAY-1F-1_500-A,2850x1800(右) DCC-C,DCC-C,S/T轴,北中区,2.85,1.80,右,222250.0,122200.0,M-EQPM
856,X-HLP3-AR-F3-LAY-01-001,消防,室内消火栓箱_带灭火器__左右式_ - SG24D65-P-V98-LAY-1F-1_500-A,2850x2600(右) DCC-E*2,DCC-E*2,S/T轴,北中区,2.85,2.60,右,231150.0,122200.0,M-EQPM
857,X-HLP3-AR-F3-LAY-01-001,消防,室内消火栓箱_带灭火器__左右式_ - SG24D65-P-4299218-LAY-1F-1_500-A,3500x2300(左) DCC-F,DCC-F,X/Y轴,北区,3.50,2.30,左,244424.98,154250.0,M-EQPM
858,X-HLP3-AR-F3-LAY-01-001,消防,室内消火栓箱_带灭火器__左右式_ - SG24D65-P-4299218-LAY-1F-1_500-A,,,U/V轴,北中区,,,,244417.0,135835.0,M-EQPM
859,X-HLP3-AR-F3-LAY-01-001,消防,室内消火栓箱_带灭火器__左右式_ - SG24D65-P-4294461-LAY-1F-1_500-A,,,U/V轴,北中区,,,,254550.0,137462.47,M-EQPM
860,X-HLP3-AR-F3-LAY-01-001,消防,室内消火栓箱_带灭火器__左右式_ - SG24D65-P-4299218-LAY-1F-1_500-A,,,T/U轴,北中区,,,,264350.02,128635.0,M-EQPM
861,X-HLP3-AR-F3-LAY-01-001,消防,室内消火栓箱_带灭火器__左右式_ - SG24D65-P-4299218-LAY-1F-1_500-A,,,S/T轴,北中区,,,,263035.0,122040.0,M-EQPM
862,X-HLP3-AR-F3-LAY-01-001,消防,室内消火栓箱_带灭火器__左右式_ - SG24D65-P-4294461-LAY-1F-1_500-A,,,V/W轴,北区,,,,264360.0,144965.0,M-EQPM
863,X-HLP3-AR-F3-LAY-01-001,消防,室内消火栓箱_带灭火器__左右式_ - SG24D65-P-4299218-LAY-1F-1_500-A,,,V/W轴,北区,,,,272450.0,144300.0,M-EQPM
864,X-HLP3-AR-F3-LAY-01-001,消防,室内消火栓箱_带灭火器__左右式_ - SG24D65-P-V99-LAY-1F-1_500-A,,,X/Y轴,北区,,,,272875.0,157850.0,M-EQPM
865,X-HLP3-AR-F3-LAY-01-001,消防,室内消火栓箱_带灭火器__左右式_ - SG24D65-P-V99-LAY-1F-1_500-A,,,X/Y轴,北区,,,,282475.0,157850.0,M-EQPM
866,X-HLP3-AR-F3-LAY-01-001,消防,室内消火栓箱_带灭火器__左右式_ - SG24D65-P-V95-LAY-1F-1_500-A,,,W/X轴,北区,,,,292100.0,150475.0,M-EQPM
867,X-HLP3-AR-F3-LAY-01-001,消防,室内消火栓箱_带灭火器__左右式_ - SG24D65-P-V100-LAY-1F-1_500-A,,,U/V轴,北中区,,,,292100.0,136075.0,M-EQPM
868,X-HLP3-AR-F3-LAY-01-001,消防,室内消火栓箱_带灭火器__左右式_ - SG24D65-P-V100-LAY-1F-1_500-A,,,T/U轴,北中区,,,,292100.0,128875.0,M-EQPM
869,X-HLP3-AR-F3-LAY-01-001,消防,室内消火栓箱_带灭火器__左右式_ - SG24D65-P-V98-LAY-1F-1_500-A,,,S/T轴,北中区,,,,272650.0,122049.98,M-EQPM
870,X-HLP3-AR-F3-LAY-01-001,消防,室内消火栓箱_带灭火器__左右式_ - SG24D65-P-4294461-LAY-1F-1_500-A,2850x1800(右) DCC-E*2,DCC-E*2,R/S轴,北中区,2.85,1.80,右,6210.0,115575.02,M-EQPM
871,X-HLP3-AR-F3-LAY-01-001,消防,室内消火栓箱_带灭火器__左右式_ - SG24D65-P-V92-LAY-1F-1_500-A,,,N/P轴,北中区,,,,1200.0,93437.87,M-EQPM
872,X-HLP3-AR-F3-LAY-01-001,消防,室内消火栓箱_带灭火器__左右式_ - SG24D65-P-V92-LAY-1F-1_500-A,2850x1800(左) DCC-C*2,DCC-C*2,L/M轴,北中区,2.85,1.80,左,700.0,78425.0,M-EQPM
873,X-HLP3-AR-F3-LAY-01-001,消防,室内消火栓箱_带灭火器__左右式_ - SG24D65-P-V101-LAY-1F-1_500-A,2850x1800(左) DCC-C*2,DCC-C*2,J/K轴,南中区,2.85,1.80,左,7300.0,64050.0,M-EQPM
874,X-HLP3-AR-F3-LAY-01-001,消防,室内消火栓箱_带灭火器__左右式_ - SG24D65-P-V102-LAY-1F-1_500-A,2850x1800(左) DCC-C*2,DCC-C*2,G/H轴,南中区,2.85,1.80,左,1150.0,49675.0,M-EQPM
875,X-HLP3-AR-F3-LAY-01-001,消防,室内消火栓箱_带灭火器__左右式_ - SG24D65-P-4294461-LAY-1F-1_500-A,2365*965 DCC,DCC,E/F轴,南区,2.37,0.96,,1750.0,36200.0,M-EQPM
876,X-HLP3-AR-F3-LAY-01-001,消防,室内消火栓箱_带灭火器__左右式_ - SG24D65-P-4294461-LAY-1F-1_500-A,,,L/M轴,北中区,,,,21600.0,80010.0,M-EQPM
877,X-HLP3-AR-F3-LAY-01-001,消防,室内消火栓箱_带灭火器__左右式_ - SG24D65-P-4299218-LAY-1F-1_500-A,2850x2600(右) DCC-E*2,DCC-E*2,Q/R轴,北中区,2.85,2.60,右,22300.0,108125.0,M-EQPM
878,X-HLP3-AR-F3-LAY-01-001,消防,室内消火栓箱_带灭火器__左右式_ - SG24D65-P-4294461-LAY-1F-1_500-A,2850x2300(右) DCC-D*2,DCC-D*2,R/S轴,北中区,2.85,2.30,右,27810.0,115615.0,M-EQPM
879,X-HLP3-AR-F3-LAY-01-001,消防,室内消火栓箱_带灭火器__左右式_ - SG24D65-P-4294461-LAY-1F-1_500-A,,,J/K轴,南中区,,,,28380.0,63770.0,M-EQPM
880,X-HLP3-AR-F3-LAY-01-001,消防,室内消火栓箱_带灭火器__左右式_ - SG24D65-P-4294461-LAY-1F-1_500-A,,,J/K轴,南中区,,,,43100.0,63850.0,M-EQPM
881,X-HLP3-AR-F3-LAY-01-001,消防,室内消火栓箱_带灭火器__左右式_ - SG24D65-P-4294461-LAY-1F-1_500-A,2850x2300(左) DCC,DCC,Q/R轴,北中区,2.85,2.30,左,57175.0,109175.0,M-EQPM
882,X-HLP3-AR-F3-LAY-01-001,消防,室内消火栓箱_带灭火器__左右式_ - SG24D65-P-4294461-LAY-1F-1_500-A,2850x2300(右) DCC-D*2,DCC-D*2,R/S轴,北中区,2.85,2.30,右,60975.0,115075.0,M-EQPM
883,X-HLP3-AR-F3-LAY-01-001,消防,室内消火栓箱_带灭火器__左右式_ - SG24D65-P-4294461-LAY-1F-1_500-A,2000*2300(右) DCC-B,DCC-B,Q/R轴,北中区,2.00,2.30,右,64900.0,109175.0,M-EQPM
884,X-HLP3-AR-F3-LAY-01-001,消防,室内消火栓箱_带灭火器__左右式_ - SG24D65-P-4294461-LAY-1F-1_500-A,2850x1800(右) DCC-C*2,DCC-C*2,R/S轴,北中区,2.85,1.80,右,74900.0,115075.0,M-EQPM
885,X-HLP3-AR-F3-LAY-01-001,消防,室内消火栓箱_带灭火器__左右式_ - SG24D65-P-V94-LAY-1F-1_500-A,,,N/P轴,北中区,,,,65200.0,93750.0,M-EQPM
886,X-HLP3-AR-F3-LAY-01-001,消防,室内消火栓箱_带灭火器__左右式_ - SG24D65-P-V94-LAY-1F-1_500-A,,,J/K轴,南中区,,,,65200.0,64950.0,M-EQPM
887,X-HLP3-AR-F3-LAY-01-001,消防,室内消火栓箱_带灭火器__左右式_ - SG24D65-P-4299218-LAY-1F-1_500-A,2000x2600(右),,G/H轴,南中区,2.00,2.60,右,68625.0,47650.0,M-EQPM
888,X-HLP3-AR-F3-LAY-01-001,消防,室内消火栓箱_带灭火器__左右式_ - SG24D65-P-4294461-LAY-1F-1_500-A,2850x1800(右) DCC-C*2,DCC-C*2,Q/R轴,北中区,2.85,1.80,右,100700.0,106825.0,M-EQPM
889,X-HLP3-AR-F3-LAY-01-001,消防,室内消火栓箱_带灭火器__左右式_ - SG24D65-P-4294461-LAY-1F-1_500-A,,,N/P轴,北中区,,,,100700.0,92650.0,M-EQPM
890,X-HLP3-AR-F3-LAY-01-001,消防,室内消火栓箱_带灭火器__左右式_ - SG24D65-P-4294461-LAY-1F-1_500-A,,,J/K轴,南中区,,,,93900.0,65750.0,M-EQPM
891,X-HLP3-AR-F3-LAY-01-001,消防,室内消火栓箱_带灭火器__左右式_ - SG24D65-P-4294461-LAY-1F-1_500-A,2365*1165(右) DCC,DCC,J/K轴,南中区,2.37,1.17,右,100900.0,65750.0,M-EQPM
892,X-HLP3-AR-F3-LAY-01-001,消防,室内消火栓箱_带灭火器__左右式_ - SG24D65-P-4294461-LAY-1F-1_500-A,2850x2600(右) DCC-E*2,DCC-E*2,G/H轴,南中区,2.85,2.60,右,93900.0,51575.0,M-EQPM
893,X-HLP3-AR-F3-LAY-01-001,消防,室内消火栓箱_带灭火器__左右式_ - SG24D65-P-4294461-LAY-1F-1_500-A,2850x2600(右) DCC-E*2,DCC-E*2,G/H轴,南中区,2.85,2.60,右,87575.0,46700.0,M-EQPM
894,X-HLP3-AR-F3-LAY-01-001,消防,室内消火栓箱_带灭火器__左右式_ - SG24D65-P-4294461-LAY-1F-1_500-A,2850x2300(右) DCC-D*2,DCC-D*2,F/G轴,南区,2.85,2.30,右,92610.0,42815.3,M-EQPM
895,X-HLP3-AR-F3-LAY-01-001,消防,室内消火栓箱_带灭火器__左右式_ - SG24D65-P-4294461-LAY-1F-1_500-A,2850x2600(右) DCC-E*2,DCC-E*2,G/H轴,南中区,2.85,2.60,右,100900.0,51575.0,M-EQPM
896,X-HLP3-AR-F3-LAY-01-001,消防,室内消火栓箱_带灭火器__左右式_ - SG24D65-P-V100-LAY-1F-1_500-A,2850x2300(右) DCC-D*2,DCC-D*2,F/G轴,南区,2.85,2.30,右,14525.0,43825.0,M-EQPM
897,X-HLP3-AR-F3-LAY-01-001,消防,室内消火栓箱_带灭火器__左右式_ - SG24D65-P-4299218-LAY-1F-1_500-A,2850x2600(右) DCC-E*2,DCC-E*2,G/H轴,南中区,2.85,2.60,右,27625.0,50825.0,M-EQPM
898,X-HLP3-AR-F3-LAY-01-001,消防,室内消火栓箱_带灭火器__左右式_ - SG24D65-P-4299218-LAY-1F-1_500-A,2850x2600(右) DCC-E*2,DCC-E*2,G/H轴,南中区,2.85,2.60,右,41750.0,50825.0,M-EQPM
899,X-HLP3-AR-F3-LAY-01-001,消防,室内消火栓箱_带灭火器__左右式_ - SG24D65-P-4294461-LAY-1F-1_500-A,2850x2300(右) DCC-D*2,DCC-D*2,G/H轴,南中区,2.85,2.30,右,51575.0,50825.0,M-EQPM
900,X-HLP3-AR-F3-LAY-01-001,消防,室内消火栓箱_带灭火器__左右式_ - SG24D65-P-V100-LAY-1F-1_500-A,2000*2300(左) DCC-B,DCC-B,F/G轴,南区,2.00,2.30,左,56975.0,43325.0,M-EQPM
901,X-HLP3-AR-F3-LAY-01-001,消防,室内消火栓箱_带灭火器__左右式_ - SG24D65-P-4294461-LAY-1F-1_500-A,2850x2600(右) DCC-E*2,DCC-E*2,Q/R轴,北中区,2.85,2.60,右,106825.0,107575.0,M-EQPM
902,X-HLP3-AR-F3-LAY-01-001,消防,室内消火栓箱_带灭火器__左右式_ - SG24D65-P-V94-LAY-1F-1_500-A,2000x1800(左) DCC,DCC,P/Q轴,北中区,2.00,1.80,左,115050.0,101200.0,M-EQPM
903,X-HLP3-AR-F3-LAY-01-001,消防,室内消火栓箱_带灭火器__左右式_ - SG24D65-P-4294461-LAY-1F-1_500-A,2850x2300(左) DCC,DCC,Q/R轴,北中区,2.85,2.30,左,135625.0,107375.0,M-EQPM
904,X-HLP3-AR-F3-LAY-01-001,消防,室内消火栓箱_带灭火器__左右式_ - SG24D65-P-V96-LAY-1F-1_500-A,,,M/N轴,北中区,,,,115050.0,86000.0,M-EQPM
905,X-HLP3-AR-F3-LAY-01-001,消防,室内消火栓箱_带灭火器__左右式_ - SG24D65-P-4299218-LAY-1F-1_500-A,2850x2300(右) DCC-D,DCC-D,F/G轴,南区,2.85,2.30,右,108990.0,42785.0,M-EQPM
906,X-HLP3-AR-F3-LAY-01-001,消防,室内消火栓箱_带灭火器__左右式_ - SG24D65-P-4299218-LAY-1F-1_500-A,2850x1800(右) DCC-C*2,DCC-C*2,G/H轴,南中区,2.85,1.80,右,114025.0,46700.0,M-EQPM
907,X-HLP3-AR-F3-LAY-01-001,消防,室内消火栓箱_带灭火器__左右式_ - SG24D65-P-4294461-LAY-1F-1_500-A,2850x2300(右) DCC,DCC,G/H轴,南中区,2.85,2.30,右,132725.0,50825.0,M-EQPM
908,X-HLP3-AR-F3-LAY-01-001,消防,室内消火栓箱_带灭火器__左右式_ - SG24D65-P-V96-LAY-1F-1_500-A,,,M/N轴,北中区,,,,143850.0,86000.0,M-EQPM
909,X-HLP3-AR-F3-LAY-01-001,消防,室内消火栓箱_带灭火器__左右式_ - SG24D65-P-V94-LAY-1F-1_500-A,2850x2300(左) DCC,DCC,P/Q轴,北中区,2.85,2.30,左,143850.0,101200.0,M-EQPM
910,X-HLP3-AR-F3-LAY-01-001,消防,室内消火栓箱_带灭火器__左右式_ - SG24D65-P-4294461-LAY-1F-1_500-A,2850x2300(左) DCC,DCC,Q/R轴,北中区,2.85,2.30,左,150025.0,107575.0,M-EQPM
911,X-HLP3-AR-F3-LAY-01-001,消防,室内消火栓箱_带灭火器__左右式_ - SG24D65-P-V94-LAY-1F-1_500-A,2850x2300(右) DCC,DCC,P/Q轴,北中区,2.85,2.30,右,172650.0,101200.0,M-EQPM
912,X-HLP3-AR-F3-LAY-01-001,消防,室内消火栓箱_带灭火器__左右式_ - SG24D65-P-V94-LAY-1F-1_500-A,2850x2300(左) DCC,DCC,P/Q轴,北中区,2.85,2.30,左,194250.0,101200.0,M-EQPM
913,X-HLP3-AR-F3-LAY-01-001,消防,室内消火栓箱_带灭火器__左右式_ - SG24D65-P-V96-LAY-1F-1_500-A,,,M/N轴,北中区,,,,172650.0,86000.0,M-EQPM
914,X-HLP3-AR-F3-LAY-01-001,消防,室内消火栓箱_带灭火器__左右式_ - SG24D65-P-V96-LAY-1F-1_500-A,2400x1300(右) DCC,DCC,M/N轴,北中区,2.40,1.30,右,194250.0,86000.0,M-EQPM
915,X-HLP3-AR-F3-LAY-01-001,消防,室内消火栓箱_带灭火器__左右式_ - SG24D65-P-V92-LAY-1F-1_500-A,2850x1800(右) DCC-C*2,DCC-C*2,R/S轴,北中区,2.85,1.80,右,222575.0,115075.0,M-EQPM
916,X-HLP3-AR-F3-LAY-01-001,消防,室内消火栓箱_带灭火器__左右式_ - SG24D65-P-V94-LAY-1F-1_500-A,2850x2300(左) DCC,DCC,P/Q轴,北中区,2.85,2.30,左,215850.0,101200.0,M-EQPM
917,X-HLP3-AR-F3-LAY-01-001,消防,室内消火栓箱_带灭火器__左右式_ - SG24D65-P-V96-LAY-1F-1_500-A,2400x1300(右) DCC,DCC,M/N轴,北中区,2.40,1.30,右,215850.0,86000.0,M-EQPM
918,X-HLP3-AR-F3-LAY-01-001,消防,室内消火栓箱_带灭火器__左右式_ - SG24D65-P-V94-LAY-1F-1_500-A,,,N/P轴,北中区,,,,237450.0,94000.0,M-EQPM
919,X-HLP3-AR-F3-LAY-01-001,消防,室内消火栓箱_带灭火器__左右式_ - SG24D65-P-4299218-LAY-1F-1_500-A,2000x2300(右) DCC-B,DCC-B,Q/R轴,北中区,2.00,2.30,右,237500.0,109175.0,M-EQPM
920,X-HLP3-AR-F3-LAY-01-001,消防,室内消火栓箱_带灭火器__左右式_ - SG24D65-P-4294461-LAY-1F-1_500-A,,,P/Q轴,北中区,,,,244415.0,99835.0,M-EQPM
921,X-HLP3-AR-F3-LAY-01-001,消防,室内消火栓箱_带灭火器__左右式_ - SG24D65-P-V103-LAY-1F-1_500-A,2400x1300(右) DCC,DCC,L/M轴,北中区,2.40,1.30,右,244415.0,78250.0,M-EQPM
922,X-HLP3-AR-F3-LAY-01-001,消防,室内消火栓箱_带灭火器__左右式_ - SG24D65-P-4294461-LAY-1F-1_500-A,2400x1300(右) DCC,DCC,J/K轴,南中区,2.40,1.30,右,244415.0,63835.0,M-EQPM
923,X-HLP3-AR-F3-LAY-01-001,消防,室内消火栓箱_带灭火器__左右式_ - SG24D65-P-4299218-LAY-1F-1_500-A,2850x2300(右) DCC-D*2,DCC-D*2,F/G轴,南区,2.85,2.30,右,193775.0,44375.0,M-EQPM
924,X-HLP3-AR-F3-LAY-01-001,消防,室内消火栓箱_带灭火器__左右式_ - SG24D65-P-4299218-LAY-1F-1_500-A,2850x2300(右) DCC-D*2,DCC-D*2,R/S轴,北中区,2.85,2.30,右,176886.75,115625.0,M-EQPM
925,X-HLP3-AR-F3-LAY-01-001,消防,室内消火栓箱_带灭火器__左右式_ - SG24D65-P-4294461-LAY-1F-1_500-A,2365x765 DCC,DCC,Q/R轴,北中区,2.37,0.77,,264350.02,108965.0,M-EQPM
926,X-HLP3-AR-F3-LAY-01-001,消防,室内消火栓箱_带灭火器__左右式_ - SG24D65-P-V95-LAY-1F-1_500-A,,,Q/R轴,北中区,,,,292100.0,107275.0,M-EQPM
927,X-HLP3-AR-F3-LAY-01-001,消防,室内消火栓箱_带灭火器__左右式_ - SG24D65-P-4294461-LAY-1F-1_500-A,,,N/P轴,北中区,,,,264360.0,94565.0,M-EQPM
928,X-HLP3-AR-F3-LAY-01-001,消防,室内消火栓箱_带灭火器__左右式_ - SG24D65-P-V92-LAY-1F-1_500-A,,,L/M轴,北中区,,,,254225.43,79800.0,M-EQPM
929,X-HLP3-AR-F3-LAY-01-001,消防,室内消火栓箱_带灭火器__左右式_ - SG24D65-P-4294461-LAY-1F-1_500-A,,,L/M轴,北中区,,,,264360.0,78235.0,M-EQPM
930,X-HLP3-AR-F3-LAY-01-001,消防,室内消火栓箱_带灭火器__左右式_ - SG24D65-P-4294461-LAY-1F-1_500-A,,,H/J轴,南中区,,,,264350.02,58565.0,M-EQPM
931,X-HLP3-AR-F3-LAY-01-001,消防,室内消火栓箱_带灭火器__左右式_ - SG24D65-P-4294461-LAY-1F-1_500-A,2365x1165（右） DCC,DCC,F/G轴,南区,2.37,1.17,右,264350.02,44165.0,M-EQPM
932,X-HLP3-AR-F3-LAY-01-001,消防,室内消火栓箱_带灭火器__左右式_ - SG24D65-P-V95-LAY-1F-1_500-A,,,N/P轴,北中区,,,,292100.0,92875.0,M-EQPM
933,X-HLP3-AR-F3-LAY-01-001,消防,室内消火栓箱_带灭火器__左右式_ - SG24D65-P-4299218-LAY-1F-1_500-A,,,M/N轴,北中区,,,,272635.0,86040.0,M-EQPM
934,X-HLP3-AR-F3-LAY-01-001,消防,室内消火栓箱_带灭火器__左右式_ - SG24D65-P-V100-LAY-1F-1_500-A,,,K/L轴,南中区,,,,292100.0,71275.0,M-EQPM
935,X-HLP3-AR-F3-LAY-01-001,消防,室内消火栓箱_带灭火器__左右式_ - SG24D65-P-V100-LAY-1F-1_500-A,,,G/H轴,南中区,,,,292100.0,49675.0,M-EQPM
936,X-HLP3-AR-F3-LAY-01-001,消防,室内消火栓箱_带灭火器__左右式_ - SG24D65-P-4299218-LAY-1F-1_500-A,,,F/G轴,南区,,,,272950.0,39500.0,M-EQPM
937,X-HLP3-AR-F3-LAY-01-001,消防,室内消火栓箱_带灭火器__左右式_ - SG24D65-P-4299218-LAY-1F-1_500-A,,,C/D轴,南区,,,,273550.0,20390.0,M-EQPM
938,X-HLP3-AR-F3-LAY-01-001,消防,室内消火栓箱_带灭火器__左右式_ - SG24D65-P-V100-LAY-1F-1_500-A,,,B/C轴,南区,,,,273000.0,14350.0,M-EQPM
939,X-HLP3-AR-F3-LAY-01-001,消防,室内消火栓箱_带灭火器__左右式_ - SG24D65-P-4299218-LAY-1F-1_500-A,,,A/B轴,南区,,,,258420.0,6840.0,M-EQPM
940,X-HLP3-AR-F3-LAY-01-001,消防,室内消火栓箱_带灭火器__左右式_ - SG24D65-P-4299218-LAY-1F-1_500-A,2365x1165（右） DCC,DCC,E/F轴,南区,2.37,1.17,右,262850.0,36400.0,M-EQPM
941,X-HLP3-AR-F3-LAY-01-001,消防,室内消火栓箱_带灭火器__左右式_ - SG24D65-P-4294461-LAY-1F-1_500-A,2365x1165（右） DCC,DCC,D/E轴,南区,2.37,1.17,右,264350.02,29765.0,M-EQPM
942,X-HLP3-AR-F3-LAY-01-001,消防,室内消火栓箱_带灭火器__左右式_ - SG24D65-P-4299218-LAY-1F-1_500-A,,,A/B轴,南区,,,,254700.0,1850.0,M-EQPM
943,X-HLP3-AR-F3-LAY-01-001,消防,室内消火栓箱_带灭火器__左右式_ - SG24D65-P-4299218-LAY-1F-1_500-A,3500x2300(右) DCC-F*2,DCC-F*2,A/B轴,南区,3.50,2.30,右,244424.98,8165.0,M-EQPM
944,X-HLP3-AR-F3-LAY-01-001,消防,室内消火栓箱_带灭火器__左右式_ - SG24D65-P-4299218-LAY-1F-1_500-A,3600X500 DCC,DCC,E/F轴,南区,3.60,0.50,,14000.0,32450.0,M-EQPM
945,X-HLP3-AR-F3-LAY-01-001,消防,室内消火栓箱_带灭火器__左右式_ - SG24D65-P-4294461-LAY-1F-1_500-A,2850x2300(右) DCC-D*2,DCC-D*2,E/F轴,南区,2.85,2.30,右,22550.0,36200.0,M-EQPM
946,X-HLP3-AR-F3-LAY-01-001,消防,室内消火栓箱_带灭火器__左右式_ - SG24D65-P-4299218-LAY-1F-1_500-A,2850x2300(右) DCC-D,DCC-D,E/F轴,南区,2.85,2.30,右,27850.0,36200.0,M-EQPM
947,X-HLP3-AR-F3-LAY-01-001,消防,室内消火栓箱_带灭火器__左右式_ - SG24D65-P-4299218-LAY-1F-1_500-A,3600X500,,C/D轴,南区,3.60,0.50,,14199.86,22399.61,M-EQPM
948,X-HLP3-AR-F3-LAY-01-001,消防,室内消火栓箱_带灭火器__左右式_ - SG24D65-P-V95-LAY-1F-1_500-A,2365*765 DCC-F,DCC-F,A轴,南区,2.37,0.77,,6700.0,550.0,M-EQPM
949,X-HLP3-AR-F3-LAY-01-001,消防,室内消火栓箱_带灭火器__左右式_ - SG24D65-P-V99-LAY-1F-1_500-A,3500x2300(左) DCC-F,DCC-F,A轴,南区,3.50,2.30,左,14900.0,550.0,M-EQPM
950,X-HLP3-AR-F3-LAY-01-001,消防,室内消火栓箱_带灭火器__左右式_ - SG24D65-P-V99-LAY-1F-1_500-A,3500x2300(左) DCC-F,DCC-F,A轴,南区,3.50,2.30,左,29300.0,550.0,M-EQPM
951,X-HLP3-AR-F3-LAY-01-001,消防,室内消火栓箱_带灭火器__左右式_ - SG24D65-P-4299218-LAY-1F-1_500-A,,,D/E轴,南区,,,,58550.0,28900.0,M-EQPM
952,X-HLP3-AR-F3-LAY-01-001,消防,室内消火栓箱_带灭火器__左右式_ - SG24D65-P-4299218-LAY-1F-1_500-A,,,D/E轴,南区,,,,65000.0,25850.0,M-EQPM
953,X-HLP3-AR-F3-LAY-01-001,消防,室内消火栓箱_带灭火器__左右式_ - SG24D65-P-4294461-LAY-1F-1_500-A,,,C/D轴,南区,,,,64950.02,22365.0,M-EQPM
954,X-HLP3-AR-F3-LAY-01-001,消防,室内消火栓箱_带灭火器__左右式_ - SG24D65-P-V95-LAY-1F-1_500-A,3500x2300(左) DCC-F,DCC-F,A轴,南区,3.50,2.30,左,57100.0,800.0,M-EQPM
955,X-HLP3-AR-F3-LAY-01-001,消防,室内消火栓箱_带灭火器__左右式_ - SG24D65-P-V100-LAY-1F-1_500-A,3500x2300(左) DCC-F,DCC-F,A轴,南区,3.50,2.30,左,64300.0,700.0,M-EQPM
956,X-HLP3-AR-F3-LAY-01-001,消防,室内消火栓箱_带灭火器__左右式_ - SG24D65-P-4294461-LAY-1F-1_500-A,3500x2300(左) DCC-F,DCC-F,A/B轴,南区,3.50,2.30,左,68750.0,7400.0,M-EQPM
957,X-HLP3-AR-F3-LAY-01-001,消防,室内消火栓箱_带灭火器__左右式_ - SG24D65-P-V94-LAY-1F-1_500-A,,,C/D轴,南区,,,,72150.0,21200.0,M-EQPM
958,X-HLP3-AR-F3-LAY-01-001,消防,室内消火栓箱_带灭火器__左右式_ - SG24D65-P-4294461-LAY-1F-1_500-A,2850x1800(右) DCC-C*2,DCC-C*2,E/F轴,南区,2.85,1.80,右,80150.0,36200.0,M-EQPM
959,X-HLP3-AR-F3-LAY-01-001,消防,室内消火栓箱_带灭火器__左右式_ - SG24D65-P-V95-LAY-1F-1_500-A,3500x2300(左) DCC-F,DCC-F,A轴,南区,3.50,2.30,左,100300.0,550.0,M-EQPM
960,X-HLP3-AR-F3-LAY-01-001,消防,室内消火栓箱_带灭火器__左右式_ - SG24D65-P-V95-LAY-1F-1_500-A,3500x2300(左) DCC-F*2,DCC-F*2,A轴,南区,3.50,2.30,左,114700.0,550.0,M-EQPM
961,X-HLP3-AR-F3-LAY-01-001,消防,室内消火栓箱_带灭火器__左右式_ - SG24D65-P-4294461-LAY-1F-1_500-A,,,B/C轴,南区,,,,118650.0,14300.0,M-EQPM
962,X-HLP3-AR-F3-LAY-01-001,消防,室内消火栓箱_带灭火器__左右式_ - SG24D65-P-4299218-LAY-1F-1_500-A,,,C/D轴,南区,,,,121450.0,17950.0,M-EQPM
963,X-HLP3-AR-F3-LAY-01-001,消防,室内消火栓箱_带灭火器__左右式_ - SG24D65-P-V104-LAY-1F-1_500-A,2850x1800(左) DCC-C*2,DCC-C*2,E/F轴,南区,2.85,1.80,左,129440.0,36740.0,M-EQPM
964,X-HLP3-AR-F3-LAY-01-001,消防,室内消火栓箱_带灭火器__左右式_ - SG24D65-P-4299218-LAY-1F-1_500-A,3500x2300(左) DCC-F,DCC-F,A/B轴,南区,3.50,2.30,左,129440.0,6435.0,M-EQPM
965,X-HLP3-AR-F3-LAY-01-001,消防,室内消火栓箱_带灭火器__左右式_ - SG24D65-P-4294461-LAY-1F-1_500-A,3500x2300(左),,A/B轴,南区,3.50,2.30,左,135900.0,6800.0,M-EQPM
966,X-HLP3-AR-F3-LAY-01-001,消防,室内消火栓箱_带灭火器__左右式_ - SG24D65-P-V92-LAY-1F-1_500-A,,,D/E轴,南区,,,,173200.0,28850.0,M-EQPM
967,X-HLP3-AR-F3-LAY-01-001,消防,室内消火栓箱_带灭火器__左右式_ - SG24D65-P-V105-LAY-1F-1_500-A,2850x2300(右) DCC-D*2,DCC-D*2,F/G轴,南区,2.85,2.30,右,173775.0,42815.0,M-EQPM
968,X-HLP3-AR-F3-LAY-01-001,消防,室内消火栓箱_带灭火器__左右式_ - SG24D65-P-V99-LAY-1F-1_500-A,3500x2300(左) DCC-F,DCC-F,A轴,南区,3.50,2.30,左,137300.0,629.96,M-EQPM
969,X-HLP3-AR-F3-LAY-01-001,消防,室内消火栓箱_带灭火器__左右式_ - SG24D65-P-V106-LAY-1F-1_500-A,3500x2300(右) DCC-F,DCC-F,A轴,南区,3.50,2.30,右,144520.0,550.0,M-EQPM
970,X-HLP3-AR-F3-LAY-01-001,消防,室内消火栓箱_带灭火器__左右式_ - SG24D65-P-V95-LAY-1F-1_500-A,3500x2300(右) DCC-F*2,DCC-F*2,A轴,南区,3.50,2.30,右,157900.0,550.0,M-EQPM
971,X-HLP3-AR-F3-LAY-01-001,消防,室内消火栓箱_带灭火器__左右式_ - SG24D65-P-V95-LAY-1F-1_500-A,3500x2300(右) DCC-F,DCC-F,A轴,南区,3.50,2.30,右,172300.0,638.5,M-EQPM
972,X-HLP3-AR-F3-LAY-01-001,消防,室内消火栓箱_带灭火器__左右式_ - SG24D65-P-V97-LAY-1F-1_500-A,3500x2300(右) DCC-F,DCC-F,A轴,南区,3.50,2.30,右,183200.0,500.0,M-EQPM
973,X-HLP3-AR-F3-LAY-01-001,消防,室内消火栓箱_带灭火器__左右式_ - SG24D65-P-4294461-LAY-1F-1_500-A,3500x2300(右) DCC-F,DCC-F,A/B轴,南区,3.50,2.30,右,188150.0,7100.0,M-EQPM
974,X-HLP3-AR-F3-LAY-01-001,消防,室内消火栓箱_带灭火器__左右式_ - SG24D65-P-V95-LAY-1F-1_500-A,MD 1200x2200,,A轴,南区,1.20,2.20,,201100.0,550.0,M-EQPM
975,X-HLP3-AR-F3-LAY-01-001,消防,室内消火栓箱_带灭火器__左右式_ - SG24D65-P-4294461-LAY-1F-1_500-A,,,B/C轴,南区,,,,187049.98,13635.0,M-EQPM
976,X-HLP3-AR-F3-LAY-01-001,消防,室内消火栓箱_带灭火器__左右式_ - SG24D65-P-4294461-LAY-1F-1_500-A,,,C/D轴,南区,,,,187049.98,20835.0,M-EQPM
977,X-HLP3-AR-F3-LAY-01-001,消防,室内消火栓箱_带灭火器__左右式_ - SG24D65-P-4294461-LAY-1F-1_500-A,3500x2300(右) DCC-F,DCC-F,A/B轴,南区,3.50,2.30,右,209750.0,7100.0,M-EQPM
978,X-HLP3-AR-F3-LAY-01-001,消防,室内消火栓箱_带灭火器__左右式_ - SG24D65-P-V92-LAY-1F-1_500-A,,,B/C轴,南区,,,,216050.0,14000.0,M-EQPM
979,X-HLP3-AR-F3-LAY-01-001,消防,室内消火栓箱_带灭火器__左右式_ - SG24D65-P-V95-LAY-1F-1_500-A,3500x2300(右) DCC-F,DCC-F,A轴,南区,3.50,2.30,右,222700.0,550.0,M-EQPM
980,X-HLP3-AR-F3-LAY-01-001,消防,室内消火栓箱_带灭火器__左右式_ - SG24D65-P-4294461-LAY-1F-1_500-A,3500x2300(右) DCC-F,DCC-F,A轴,南区,3.50,2.30,右,232700.0,700.0,M-EQPM
981,X-HLP3-AR-F3-LAY-01-001,消防,室内消火栓箱_带灭火器__左右式_ - SG24D65-P-4299218-LAY-1F-1_500-A,2850x1800(左) DCC-C,DCC-C,E/F轴,南区,2.85,1.80,左,225900.0,35650.0,M-EQPM
982,X-HLP3-AR-F3-LAY-01-001,消防,室内消火栓箱_带灭火器__左右式_ - SG24D65-P-4299218-LAY-1F-1_500-A,DCC,DCC,F/G轴,南区,,,,230465.0,37650.02,M-EQPM
983,X-HLP3-AR-F3-LAY-01-001,消防,室内消火栓箱_带灭火器__左右式_ - SG24D65-P-4299218-LAY-1F-1_500-A,2850x1800(左) DCC-D,DCC-D,F/G轴,南区,2.85,1.80,左,200610.0,42815.0,M-EQPM
984,X-HLP3-AR-F3-LAY-01-001,消防,室内消火栓箱_带灭火器__左右式_ - SG24D65-P-4299218-LAY-1F-1_500-A,2365x1165（左） DCC,DCC,E/F轴,南区,2.37,1.17,左,244424.98,35035.0,M-EQPM
985,X-HLP3-AR-F3-LAY-01-001,消防,室内消火栓箱_带灭火器__左右式_ - SG24D65-P-4299218-LAY-1F-1_500-A,2365x1165（右） DCC,DCC,C/D轴,南区,2.37,1.17,右,244424.98,20635.0,M-EQPM
986,X-HLP3-AR-F3-LAY-01-001,消防,室内消火栓箱_带灭火器__左右式_ - SG24D65-P-4294461-LAY-1F-1_500-A,2850x1800(右) DCC-E,DCC-E,F/G轴,南区,2.85,1.80,右,150210.0,42817.0,M-EQPM
987,X-HLP3-AR-F3-LAY-01-001,消防,室内消火栓箱_带灭火器__左右式_ - SG24D65-P-4299218-LAY-1F-1_500-A,2850x2300(右) DCC-E*2,DCC-E*2,R/S轴,北中区,2.85,2.30,右,99810.0,115585.0,M-EQPM
988,X-HLP3-AR-F3-LAY-01-001,消防,室内消火栓箱_带灭火器__左右式_ - SG24D65-P-V92-LAY-1F-1_500-A,2365*1165(左) DCC,DCC,H/J轴,南中区,2.37,1.17,左,130000.0,57625.68,M-EQPM
989,X-HLP3-AR-F3-LAY-01-001,消防,室内消火栓箱_带灭火器__左右式_ - SG24D65-P-V107-LAY-1F-1_500-A,,,L/M轴,北中区,,,,129950.0,78800.0,M-EQPM
990,X-HLP3-AR-F3-LAY-01-001,消防,室内消火栓箱_带灭火器__左右式_ - SG24D65-P-4294461-LAY-1F-1_500-A,2850x2300(右) DCC-D,DCC-D,S/T轴,北中区,2.85,2.30,右,49270.07,122200.0,M-EQPM
991,X-HLP3-AR-F3-LAY-01-001,消防,室内消火栓箱_带灭火器__左右式_ - SG24D65-P-4294461-LAY-1F-1_500-A,2850x2600(右) DCC-E*2,DCC-E*2,Q/R轴,北中区,2.85,2.60,右,14555.0,109175.0,M-EQPM
992,X-HLP3-AR-F3-LAY-01-001,消防,室内消火栓箱_带灭火器__左右式_ - SG24D65-P-4294461-LAY-1F-1_500-A,2850x1800(左) DCC-C*2,DCC-C*2,J/K轴,南中区,2.85,1.80,左,5300.0,65200.0,M-EQPM
993,X-HLP3-AR-F3-LAY-01-001,消防,室内消火栓箱_带灭火器__左右式_ - SG24D65-P-4294461-LAY-1F-1_500-A,2850x1800(左) DCC-C*2,DCC-C*2,H/J轴,南中区,2.85,1.80,左,7300.0,51950.0,M-EQPM
994,X-HLP3-AR-F3-LAY-01-001,消防,室内消火栓箱_带灭火器__左右式_ - SG24D65-P-V105-LAY-1F-1_500-A,2000x2300(右) DCC-B*2,DCC-B*2,F/G轴,南区,2.00,2.30,右,8175.0,42815.0,M-EQPM
995,X-HLP3-AR-F3-LAY-01-001,消防,室内消火栓箱_带灭火器__左右式_ - SG24D65-P-4299218-LAY-1F-1_500-A,2850x2600(左) DCC-D*2,DCC-D*2,F/G轴,南区,2.85,2.60,左,49410.0,42815.0,M-EQPM
996,X-HLP3-AR-F3-LAY-01-001,消防,室内消火栓箱_带灭火器__左右式_ - SG24D65-P-4294461-LAY-1F-1_500-A,,,F/G轴,南区,,,,272635.0,42849.98,M-EQPM
997,X-HLP3-AR-F3-LAY-01-001,双扇防火门,双扇平开防火门_带观察窗 - FM甲1527-4643187-LAY-1F-1_500-A,2850x2300(右) DCC-D*2,DCC-D*2,F/G轴,南区,2.85,2.30,右,192300.0,42675.0,A-DOOR
998,X-HLP3-AR-F3-LAY-01-001,门,栅栏门 - AM1030-V68-LAY-1F-1_500-A,3500x2300(左) DCC-F,DCC-F,X/Y轴,北区,3.50,2.30,左,229000.0,159000.0,A-DOOR
999,X-HLP3-AR-F3-LAY-01-001,门,栅栏门 - AM1030-V68-LAY-1F-1_500-A,3500x2300(左) DCC-F,DCC-F,X/Y轴,北区,3.50,2.30,左,171800.0,159000.0,A-DOOR
1000,X-HLP3-AR-F3-LAY-01-001,窗,百叶窗-带贴面 - BYC1808-4784438-LAY-1F-1_500-A,3500x2300(左) DCC-F*2,DCC-F*2,A轴,南区,3.50,2.30,左,23311.36,-225.0,A-GLAZ
1001,X-HLP3-AR-F3-LAY-01-001,窗,百叶窗-带贴面 - BYC1508-4661239-LAY-1F-1_500-A,3500x2300(左) DCC-F,DCC-F,A轴,南区,3.50,2.30,左,46261.36,-225.0,A-GLAZ
1002,X-HLP3-AR-F3-LAY-01-001,门,双扇平开外门_带观察窗 - GM1530_A_-4335688-LAY-1F-1_500-A,,,D/E轴,南区,,,,292725.0,25025.0,A-DOOR
1003,X-HLP3-AR-F3-LAY-01-001,其他,坡道 - 坡道-V108-LAY-1F-1_500-A,3500x2300(左) DCC-F,DCC-F,A轴,南区,3.50,2.30,左,46250.0,-650.0,Q-SPCQ
1004,X-HLP3-AR-F3-LAY-01-001,其他,混凝土雨棚1 - 混凝土雨棚-300mm-2000 2-4311659-LAY-1F-1_500-A,3500x2300(左) DCC-F,DCC-F,A轴,南区,3.50,2.30,左,46250.0,-650.0,A-GENM
1005,X-HLP3-AR-F3-LAY-01-001,其他,坡道 - 坡道-V109-LAY-1F-1_500-A,3500x2300(左) DCC-F*2,DCC-F*2,A轴,南区,3.50,2.30,左,133200.0,-650.0,Q-SPCQ
1006,X-HLP3-AR-F3-LAY-01-001,其他,坡道 - 坡道-V110-LAY-1F-1_500-A,MD 1200x2200 DCC-F,DCC-F,A轴,南区,1.20,2.20,,142200.0,-650.0,Q-SPCQ
1007,X-HLP3-AR-F3-LAY-01-001,窗,百叶窗-带贴面 - BYC1508-4659751-LAY-1F-1_500-A,3500x2300(左) DCC-F,DCC-F,A轴,南区,3.50,2.30,左,75611.36,-500.0,A-GLAZ
1008,X-HLP3-AR-F3-LAY-01-001,窗,百叶窗-带贴面 - BYC1508-4659751-LAY-1F-1_500-A,3500x2300(左) DCC-F*2,DCC-F*2,A轴,南区,3.50,2.30,左,82811.36,-500.0,A-GLAZ
1009,X-HLP3-AR-F3-LAY-01-001,窗,百叶窗-带贴面 - BYC1508-4659751-LAY-1F-1_500-A,3500x2300(左) DCC-F,DCC-F,A轴,南区,3.50,2.30,左,88211.36,-500.0,A-GLAZ
1010,X-HLP3-AR-F3-LAY-01-001,窗,百叶窗-带贴面 - BYC0905-4659782-LAY-1F-1_500-A,3500x2300(左) DCC-F,DCC-F,A轴,南区,3.50,2.30,左,72011.36,-500.0,A-GLAZ
1011,X-HLP3-AR-F3-LAY-01-001,窗,百叶窗-带贴面 - BYC0905-4659782-LAY-1F-1_500-A,3500x2300(左) DCC-F,DCC-F,A轴,南区,3.50,2.30,左,77411.36,-500.0,A-GLAZ
1012,X-HLP3-AR-F3-LAY-01-001,窗,百叶窗-带贴面 - BYC0905-4659782-LAY-1F-1_500-A,3500x2300(左) DCC-F*2,DCC-F*2,A轴,南区,3.50,2.30,左,81011.36,-500.0,A-GLAZ
1013,X-HLP3-AR-F3-LAY-01-001,窗,百叶窗-带贴面 - BYC0905-4659782-LAY-1F-1_500-A,3500x2300(左) DCC-F,DCC-F,A轴,南区,3.50,2.30,左,90011.36,-500.0,A-GLAZ
1014,X-HLP3-AR-F3-LAY-01-001,窗,百叶窗-带贴面 - BYC1508-4661239-LAY-1F-1_500-A,3500x2300(左) DCC-F,DCC-F,A轴,南区,3.50,2.30,左,62011.36,-225.0,A-GLAZ
1015,X-HLP3-AR-F3-LAY-01-001,窗,百叶窗-带贴面 - BYC1508-4659751-LAY-1F-1_500-A,3500x2300(左) DCC-F,DCC-F,A轴,南区,3.50,2.30,左,97211.36,-500.0,A-GLAZ
1016,X-HLP3-AR-F3-LAY-01-001,窗,百叶窗-带贴面 - BYC3225-4807749-LAY-1F-1_500-A,3500x2300(左) DCC-F,DCC-F,A轴,南区,3.50,2.30,左,127511.36,-225.0,A-GLAZ
1017,X-HLP3-AR-F3-LAY-01-001,窗,百叶窗-带贴面 - BYC2425A-4876147-LAY-1F-1_500-A,3500x2300(右) DCC-F,DCC-F,A轴,南区,3.50,2.30,右,149261.36,-225.0,A-GLAZ
1018,X-HLP3-AR-F3-LAY-01-001,窗,百叶窗-带贴面 - BYC3620-4785570-LAY-1F-1_500-A,3500x2300(右) DCC-F,DCC-F,A轴,南区,3.50,2.30,右,176411.36,-225.0,A-GLAZ
1019,X-HLP3-AR-F3-LAY-01-001,窗,百叶窗-带贴面 - BYC3220-4828235-LAY-1F-1_500-A,3500x2300(右) DCC-F,DCC-F,A轴,南区,3.50,2.30,右,189461.36,-225.0,A-GLAZ
1020,X-HLP3-AR-F3-LAY-01-001,窗,百叶窗-带贴面 - BYC13416-4660643-LAY-1F-1_500-A,MD 1200x2200 DCC-F*2,DCC-F*2,A轴,南区,1.20,2.20,,201611.36,-500.0,A-GLAZ
1021,X-HLP3-AR-F3-LAY-01-001,窗,百叶窗-带贴面 - BYC13416-4660643-LAY-1F-1_500-A,3500x2300(右) DCC-F,DCC-F,A轴,南区,3.50,2.30,右,223211.36,-500.0,A-GLAZ
1022,X-HLP3-AR-F3-LAY-01-001,窗,百叶窗-带贴面 - BYC12120-4857001-LAY-1F-1_500-A,3500x2300(右) DCC-F*2,DCC-F*2,A轴,南区,3.50,2.30,右,238811.36,-225.0,A-GLAZ
1023,X-HLP3-AR-F3-LAY-01-001,窗,百叶窗-带贴面 - BYC3020-4864165-LAY-1F-1_500-A,,,A轴,南区,,,,257411.36,-225.0,A-GLAZ
1024,X-HLP3-AR-F3-LAY-01-001,窗,百叶窗-带贴面 - BYC4008-4660751-LAY-1F-1_500-A,,,D/E轴,南区,,,,292850.0,25211.36,A-GLAZ
1025,X-HLP3-AR-F3-LAY-01-001,其他,混凝土雨棚1 - 混凝土雨棚-300mm-2000 2-4350888-LAY-1F-1_500-A,,,T/U轴,北中区,,,,293100.0,127475.0,A-GENM
1026,X-HLP3-AR-F3-LAY-01-001,窗,百叶窗-带贴面 - BYC13024-4829679-LAY-1F-1_500-A,,,W/X轴,北区,,,,292950.0,150848.86,A-GLAZ
1027,X-HLP3-AR-F3-LAY-01-001,窗,百叶窗-带贴面 - BYC3612-4826183-LAY-1F-1_500-A,,,P/Q轴,北中区,,,,292850.0,99011.36,A-GLAZ
1028,X-HLP3-AR-F3-LAY-01-001,窗,百叶窗-带贴面 - BYC1508-4661239-LAY-1F-1_500-A,3500x2300(左) DCC-F,DCC-F,X/Y轴,北区,3.50,2.30,左,62988.64,158625.0,A-GLAZ
1029,X-HLP3-AR-F3-LAY-01-001,窗,百叶窗-带贴面 - BYC0905-4659782-LAY-1F-1_500-A,3500x2300(左) DCC-F,DCC-F,X/Y轴,北区,3.50,2.30,左,82258.64,158900.0,A-GLAZ
1030,X-HLP3-AR-F3-LAY-01-001,窗,百叶窗-带贴面 - BYC1508-4659751-LAY-1F-1_500-A,3500x2300(左) DCC-F,DCC-F,X/Y轴,北区,3.50,2.30,左,89988.64,158900.0,A-GLAZ
1031,X-HLP3-AR-F3-LAY-01-001,窗,百叶窗-带贴面 - BYC1508-4659751-LAY-1F-1_500-A,3500x2300(左) DCC-F,DCC-F,X/Y轴,北区,3.50,2.30,左,95388.64,158900.0,A-GLAZ
1032,X-HLP3-AR-F3-LAY-01-001,窗,百叶窗-带贴面 - BYC1508-4659751-LAY-1F-1_500-A,3500x2300(左) DCC-F,DCC-F,X/Y轴,北区,3.50,2.30,左,98988.64,158900.0,A-GLAZ
1033,X-HLP3-AR-F3-LAY-01-001,窗,百叶窗-带贴面 - BYC1508-4659751-LAY-1F-1_500-A,3500x2300(左) DCC-F,DCC-F,X/Y轴,北区,3.50,2.30,左,104388.64,158900.0,A-GLAZ
1034,X-HLP3-AR-F3-LAY-01-001,窗,百叶窗-带贴面 - BYC1508-4659751-LAY-1F-1_500-A,3500x2300(左) DCC-F,DCC-F,X/Y轴,北区,3.50,2.30,左,109788.64,158900.0,A-GLAZ
1035,X-HLP3-AR-F3-LAY-01-001,窗,百叶窗-带贴面 - BYC0905-4659786-LAY-1F-1_500-A,3500x2300(左) DCC-F,DCC-F,X/Y轴,北区,3.50,2.30,左,112141.36,158900.0,A-GLAZ
1036,X-HLP3-AR-F3-LAY-01-001,窗,百叶窗-带贴面 - BYC0905-4659786-LAY-1F-1_500-A,3500x2300(左) DCC-F,DCC-F,X/Y轴,北区,3.50,2.30,左,106211.36,158900.0,A-GLAZ
1037,X-HLP3-AR-F3-LAY-01-001,窗,百叶窗-带贴面 - BYC0905-4659786-LAY-1F-1_500-A,3500x2300(左) DCC-F,DCC-F,X/Y轴,北区,3.50,2.30,左,92411.36,158900.0,A-GLAZ
1038,X-HLP3-AR-F3-LAY-01-001,窗,百叶窗-带贴面 - BYC0905-4659782-LAY-1F-1_500-A,3500x2300(左) DCC-F,DCC-F,X/Y轴,北区,3.50,2.30,左,88188.64,158900.0,A-GLAZ
1039,X-HLP3-AR-F3-LAY-01-001,窗,百叶窗-带贴面 - BYC0905-4659782-LAY-1F-1_500-A,3500x2300(左) DCC-F,DCC-F,X/Y轴,北区,3.50,2.30,左,101988.64,158900.0,A-GLAZ
1040,X-HLP3-AR-F3-LAY-01-001,其他,坡道 - 坡道-4375931-LAY-1F-1_500-A,3500x2300(左) DCC-F,DCC-F,X/Y轴,北区,3.50,2.30,左,126075.0,159050.0,Q-SPCQ
1041,X-HLP3-AR-F3-LAY-01-001,其他,混凝土雨棚1 - 混凝土雨棚-300mm-2000 2-4376026-LAY-1F-1_500-A,3500x2300(左) DCC-F,DCC-F,X/Y轴,北区,3.50,2.30,左,126075.0,159050.0,A-GENM
1042,X-HLP3-AR-F3-LAY-01-001,其他,混凝土雨棚1 - 混凝土雨棚-300mm-2000 2-4376020-LAY-1F-1_500-A,3500x2300(左) DCC-F,DCC-F,X/Y轴,北区,3.50,2.30,左,135525.0,159050.0,A-GENM
1043,X-HLP3-AR-F3-LAY-01-001,窗,百叶窗-带贴面 - BYC2020-4858618-LAY-1F-1_500-A,3500x2300(左) DCC-F,DCC-F,X/Y轴,北区,3.50,2.30,左,176388.64,158625.0,A-GLAZ
1044,X-HLP3-AR-F3-LAY-01-001,其他,坡道 - 坡道-V111-LAY-1F-1_500-A,3500x2300(左) DCC-F,DCC-F,X/Y轴,北区,3.50,2.30,左,235050.0,159050.0,Q-SPCQ
1045,X-HLP3-AR-F3-LAY-01-001,窗,百叶窗-带贴面 - BYC5820-4792678-LAY-1F-1_500-A,3500x2300(左) DCC-F,DCC-F,X/Y轴,北区,3.50,2.30,左,233788.64,158625.0,A-GLAZ
1046,X-HLP3-AR-F3-LAY-01-001,窗,百叶窗-带贴面 - BYC3420-4824208-LAY-1F-1_500-A,3500x2300(左) DCC-F,DCC-F,X/Y轴,北区,3.50,2.30,左,242476.14,158625.0,A-GLAZ
1047,X-HLP3-AR-F3-LAY-01-001,窗,百叶窗-带贴面 - BYC8220-4791896-LAY-1F-1_500-A,,,X/Y轴,北区,,,,259188.64,158625.0,A-GLAZ
1048,X-HLP3-AR-F3-LAY-01-001,窗,百叶窗-带贴面 - BYC1323-4817944-LAY-1F-1_500-A,,,B/C轴,南区,,,,-50.0,14388.64,A-GLAZ
1049,X-HLP3-AR-F3-LAY-01-001,窗,百叶窗-带贴面 - BYC4723-4859144-LAY-1F-1_500-A,2850x1800(左) DCC-C*2,DCC-C*2,H/J轴,南中区,2.85,1.80,左,-50.0,53988.64,A-GLAZ
1050,X-HLP3-AR-F3-LAY-01-001,其他,机动车-大型货车 - LH-A-机动车-大型货车-1174524-LAY-1F-1_500-A,,,P/Q轴,北中区,,,,-2900.0,96475.0,A-GENM
1051,X-HLP3-AR-F3-LAY-01-001,其他,混凝土雨棚1 - 混凝土雨棚-300mm-2000 2-V112-LAY-1F-1_500-A,,,U/V轴,北中区,,,,-300.0,135175.0,A-GENM
1052,X-HLP3-AR-F3-LAY-01-001,窗,百叶窗-带贴面 - BYC4008-4825973-LAY-1F-1_500-A,,,E/F轴,南区,,,,292850.0,31261.36,A-GLAZ
1053,X-HLP3-AR-F3-LAY-01-001,双扇防火门,双扇平开防火门_带观察窗 - FM甲1530-4644811-LAY-1F-1_500-A,1800x1000,,D/E轴,南区,1.80,1.00,,43200.0,27450.0,A-DOOR
1054,X-HLP3-AR-F3-LAY-01-001,窗,百叶窗-带贴面 - BYC16026-4807879-LAY-1F-1_500-A,3500x2300(左) DCC-F,DCC-F,A轴,南区,3.50,2.30,左,139611.36,-500.0,A-GLAZ
1055,X-HLP3-AR-F3-LAY-01-001,其他,混凝土雨棚1 - 混凝土雨棚-300mm-2000 2-V113-LAY-1F-1_500-A,,,A轴,南区,,,,252675.0,-650.0,A-GENM
1056,X-HLP3-AR-F3-LAY-01-001,窗,百叶窗-带贴面 - BYC3020-4860088-LAY-1F-1_500-A,3500x2300(左) DCC-F,DCC-F,X/Y轴,北区,3.50,2.30,左,133211.36,158625.0,A-GLAZ
1057,X-HLP3-AR-F3-LAY-01-001,楼板洞口,楼板洞口-A - WW-翻边100mm-4490091-LAY-1F-1_500-A,,,B/C轴,南区,,,,291800.0,15125.0,A-GENM
1058,X-HLP3-AR-F3-LAY-01-001,其他,地沟-B - 450_300-4471634-LAY-1F-1_500-A,3500x2300(左) DCC-F,DCC-F,A轴,南区,3.50,2.30,左,30475.0,-275.0,S-BEAM
1059,X-HLP3-AR-F3-LAY-01-001,其他,地沟-B - 450_300-4471704-LAY-1F-1_500-A,3500x2300(左) DCC-F,DCC-F,A轴,南区,3.50,2.30,左,34375.0,-275.0,S-BEAM
1060,X-HLP3-AR-F3-LAY-01-001,其他,地沟-B - 450_300-4471793-LAY-1F-1_500-A,2365*765 DCC,DCC,A轴,南区,2.37,0.77,,37375.0,-275.0,S-BEAM
1061,X-HLP3-AR-F3-LAY-01-001,其他,地沟-B - 450_300-4471851-LAY-1F-1_500-A,3500x2300(左) DCC-F,DCC-F,A轴,南区,3.50,2.30,左,42525.0,-275.0,S-BEAM
1062,X-HLP3-AR-F3-LAY-01-001,其他,地沟-B - 450_300-4471973-LAY-1F-1_500-A,3500x2300(左) DCC-F,DCC-F,A轴,南区,3.50,2.30,左,104175.0,-275.0,S-BEAM
1063,X-HLP3-AR-F3-LAY-01-001,其他,地沟-B - 450_300-V114-LAY-1F-1_500-A,3500x2300(左) DCC-F,DCC-F,A轴,南区,3.50,2.30,左,95225.0,-275.0,S-BEAM
1064,X-HLP3-AR-F3-LAY-01-001,其他,地沟-B - 450_300-4472033-LAY-1F-1_500-A,3500x2300(左) DCC-F*2,DCC-F*2,A轴,南区,3.50,2.30,左,118400.0,-275.0,S-BEAM
1065,X-HLP3-AR-F3-LAY-01-001,其他,地沟-B - 450_300-4472149-LAY-1F-1_500-A,3500x2300(左) DCC-F,DCC-F,A轴,南区,3.50,2.30,左,132075.0,-275.0,S-BEAM
1066,X-HLP3-AR-F3-LAY-01-001,其他,地沟-B - 450_300-4472204-LAY-1F-1_500-A,3500x2300(左) DCC-F*2,DCC-F*2,A轴,南区,3.50,2.30,左,136800.0,-275.0,S-BEAM
1067,X-HLP3-AR-F3-LAY-01-001,其他,地沟-B - 450_300-4472260-LAY-1F-1_500-A,3500x2300(右) DCC-F,DCC-F,A轴,南区,3.50,2.30,右,144325.0,-275.0,S-BEAM
1068,X-HLP3-AR-F3-LAY-01-001,其他,地沟-B - 450_300-4473935-LAY-1F-1_500-A,3500x2300(右) DCC-F,DCC-F,A轴,南区,3.50,2.30,右,159600.0,-275.0,S-BEAM
1069,X-HLP3-AR-F3-LAY-01-001,其他,地沟-B - 450_300-4473996-LAY-1F-1_500-A,3500x2300(右) DCC-F,DCC-F,A轴,南区,3.50,2.30,右,165125.0,-275.0,S-BEAM
1070,X-HLP3-AR-F3-LAY-01-001,其他,地沟-B - 450_300-V114-LAY-1F-1_500-A,3500x2300(右) DCC-F*2,DCC-F*2,A轴,南区,3.50,2.30,右,167225.0,-275.0,S-BEAM
1071,X-HLP3-AR-F3-LAY-01-001,其他,地沟-B - 450_300-4474096-LAY-1F-1_500-A,3500x2300(右) DCC-F,DCC-F,A轴,南区,3.50,2.30,右,171975.0,-275.0,S-BEAM
1072,X-HLP3-AR-F3-LAY-01-001,门,坐便器带厕所隔断 内开门 - 坐便器带厕所隔断 内开门-V66-LAY-1F-1_500-A,,,A/B轴,南区,,,,255990.0,3600.0,A-GENM
1073,X-HLP3-AR-F3-LAY-01-001,扶栏,顶部扶栏类型 - 顶部扶栏_内部_-4516546-LAY-1F-1_500-A,3500x2300(左) DCC-F,DCC-F,A轴,南区,3.50,2.30,左,-0.0,0.0,A-FLOR-HRAL
1074,X-HLP3-AR-F3-LAY-01-001,扶栏,顶部扶栏类型 - 顶部扶栏_内部_-V115-LAY-1F-1_500-A,3500x2300(左) DCC-F,DCC-F,A轴,南区,3.50,2.30,左,-0.0,0.0,A-FLOR-HRAL
1075,X-HLP3-AR-F3-LAY-01-001,管道/管件,圆形地漏_固定_2 - 热轧钢管-V116-LAY-1F-1_500-A,,,T/U轴,北中区,,,,29350.0,129890.06,P-PIPE
1076,X-HLP3-AR-F3-LAY-01-001,管道/管件,圆形地漏_固定_2 - 热轧钢管-3953173-LAY-1F-1_500-A,2850x1800(左) DCC-C*2,DCC-C*2,J/K轴,南中区,2.85,1.80,左,500.44,63324.65,P-PIPE
1077,X-HLP3-AR-F3-LAY-01-001,管道/管件,圆形地漏_固定_2 - 热轧钢管-3953174-LAY-1F-1_500-A,3500x2300(左) DCC-F,DCC-F,A/B轴,南区,3.50,2.30,左,71600.39,2000.06,P-PIPE
1078,X-HLP3-AR-F3-LAY-01-001,管道/管件,圆形地漏_固定_2 - 热轧钢管-3953174-LAY-1F-1_500-A,3500x2300(左) DCC-F,DCC-F,A/B轴,南区,3.50,2.30,左,68500.39,2000.06,P-PIPE
1079,X-HLP3-AR-F3-LAY-01-001,管道/管件,圆形地漏_固定_2 - 热轧钢管-3953174-LAY-1F-1_500-A,2850x2600(右) DCC-E*2,DCC-E*2,R/S轴,北中区,2.85,2.60,右,97650.0,112499.53,P-PIPE
1080,X-HLP3-AR-F3-LAY-01-001,管道/管件,圆形地漏_固定_2 - 热轧钢管-3953174-LAY-1F-1_500-A,2850x2300(右) DCC-D,DCC-D,S/T轴,北中区,2.85,2.30,右,237299.7,123200.0,P-PIPE
1081,X-HLP3-AR-F3-LAY-01-001,单扇防火门,单扇平开防火门_带观察窗 - FM甲0821-4703382-LAY-1F-1_500-A,3600X500,,E/F轴,南区,3.60,0.50,,13400.0,36300.0,A-DOOR
1082,X-HLP3-AR-F3-LAY-01-001,单扇防火门,单扇平开防火门_带观察窗 - FM甲0821-4703382-LAY-1F-1_500-A,2850x2300(右) DCC-D*2,DCC-D*2,E/F轴,南区,2.85,2.30,右,68800.0,36300.0,A-DOOR
1083,X-HLP3-AR-F3-LAY-01-001,单扇防火门,单扇平开防火门_带观察窗 - FM甲0821-4703382-LAY-1F-1_500-A,2850x2600(右) DCC-E,DCC-E,E/F轴,南区,2.85,2.60,右,166600.0,36300.0,A-DOOR
1084,X-HLP3-AR-F3-LAY-01-001,单扇防火门,单扇平开防火门_带观察窗 - FM甲0821-4703376-LAY-1F-1_500-A,,,E/F轴,南区,,,,231400.0,36300.0,A-DOOR
1085,X-HLP3-AR-F3-LAY-01-001,卷帘门,墙外卷帘门1 - FJLM4030_常闭_利旧F2_-4551640-LAY-1F-1_500-A,,,P/Q轴,北中区,,,,240700.0,96400.0,A-DOOR
1086,X-HLP3-AR-F3-LAY-01-001,单扇防火门,单扇平开防火门_带观察窗 - FM甲1123-4703358-LAY-1F-1_500-A,,,U/V轴,北中区,,,,62400.0,134050.0,A-DOOR
1087,X-HLP3-AR-F3-LAY-01-001,单扇防火门,单扇平开防火门_带观察窗 - FM甲1123-4703552-LAY-1F-1_500-A,,,T/U轴,北中区,,,,239100.0,129300.0,A-DOOR
1088,X-HLP3-AR-F3-LAY-01-001,单扇防火门,单扇平开防火门_带观察窗 - QM1123-V117-LAY-1F-1_500-A,2000*2300(左) DCC-B,DCC-B,G/H轴,南中区,2.00,2.30,左,236050.0,51050.0,A-DOOR
1089,X-HLP3-AR-F3-LAY-01-001,单扇防火门,单扇平开防火门_带观察窗 - FM甲1123-4703329-LAY-1F-1_500-A,2850x2300(左) DCC-D,DCC-D,G/H轴,南中区,2.85,2.30,左,236050.0,45400.0,A-DOOR
1090,X-HLP3-AR-F3-LAY-01-001,其他,室内坡道 - 坡道-房间内坡道-4547388-LAY-1F-1_500-A,2000*2300(左) DCC-B,DCC-B,G/H轴,南中区,2.00,2.30,左,236262.5,51025.0,Q-SPCQ
1091,X-HLP3-AR-F3-LAY-01-001,楼梯,楼梯 1 - 楼梯 1-4550263-LAY-1F-1_500-A,3500x2300(左) DCC-F,DCC-F,A轴,南区,3.50,2.30,左,-0.0,0.0,S-STRS
1092,X-HLP3-AR-F3-LAY-01-001,门,泄爆门 - TXBM1530_A_-4574954-LAY-1F-1_500-A,3500x2300(左) DCC-F*2,DCC-F*2,X/Y轴,北区,3.50,2.30,左,32400.0,159000.0,A-DOOR
1093,X-HLP3-AR-F3-LAY-01-001,门,泄爆门 - TXBM1530_A_-4574954-LAY-1F-1_500-A,3500x2300(左) DCC-F*2,DCC-F*2,X/Y轴,北区,3.50,2.30,左,39600.0,159000.0,A-DOOR
1094,X-HLP3-AR-F3-LAY-01-001,其他,坡道 - 坡道-V118-LAY-1F-1_500-A,3500x2300(左) DCC-F*2,DCC-F*2,X/Y轴,北区,3.50,2.30,左,32400.0,159050.0,Q-SPCQ
1095,X-HLP3-AR-F3-LAY-01-001,窗,百叶窗-带贴面 - BYC5023-4818332-LAY-1F-1_500-A,2365*765 DCC,DCC,A/B轴,南区,2.37,0.77,,-150.0,3926.14,A-GLAZ
1096,X-HLP3-AR-F3-LAY-01-001,柱,防撞柱 - 防撞柱-4749834-LAY-1F-1_500-A,,,A轴,南区,,,,265720.0,630.0,Q-SPCQ
1097,X-HLP3-AR-F3-LAY-01-001,柱,防撞柱 - 防撞柱-V119-LAY-1F-1_500-A,,,A轴,南区,,,,265720.0,-1000.0,Q-SPCQ
1098,X-HLP3-AR-F3-LAY-01-001,柱,防撞柱 - 防撞柱-4750317-LAY-1F-1_500-A,,,A轴,南区,,,,271880.0,630.0,Q-SPCQ
1099,X-HLP3-AR-F3-LAY-01-001,柱,防撞柱 - 防撞柱-V120-LAY-1F-1_500-A,,,A轴,南区,,,,271880.0,-1000.0,Q-SPCQ
1100,X-HLP3-AR-F3-LAY-01-001,柱,防撞柱 - 防撞柱-V119-LAY-1F-1_500-A,2850x1800(左) DCC-C*2,DCC-C*2,M/N轴,北中区,2.85,1.80,左,525.81,84880.0,Q-SPCQ
1101,X-HLP3-AR-F3-LAY-01-001,柱,防撞柱 - 防撞柱-V120-LAY-1F-1_500-A,2850x1800(左) DCC-C*2,DCC-C*2,M/N轴,北中区,2.85,1.80,左,525.81,80720.0,Q-SPCQ
1102,X-HLP3-AR-F3-LAY-01-001,柱,防撞柱 - 防撞柱-V119-LAY-1F-1_500-A,2850x1800(左) DCC-C*2,DCC-C*2,M/N轴,北中区,2.85,1.80,左,-574.19,84880.0,Q-SPCQ
1103,X-HLP3-AR-F3-LAY-01-001,柱,防撞柱 - 防撞柱-V120-LAY-1F-1_500-A,2850x1800(左) DCC-C*2,DCC-C*2,M/N轴,北中区,2.85,1.80,左,-574.19,80720.0,Q-SPCQ
1104,X-HLP3-AR-F3-LAY-01-001,窗,单扇固定窗1 - TLC1212-4751594-LAY-1F-1_500-A,,,B/C轴,南区,,,,264495.0,9000.0,A-GLAZ
1105,X-HLP3-AR-F3-LAY-01-001,其他,橡胶防撞护角 - 橡胶防撞护角-4756488-LAY-1F-1_500-A,,,A/B轴,南区,,,,273000.0,6600.0,Q-SPCQ
1106,X-HLP3-AR-F3-LAY-01-001,其他,橡胶防撞护角 - 橡胶防撞护角-4756488-LAY-1F-1_500-A,,,B/C轴,南区,,,,273000.0,13800.0,Q-SPCQ
1107,X-HLP3-AR-F3-LAY-01-001,其他,橡胶防撞护角 - 橡胶防撞护角-4756569-LAY-1F-1_500-A,,,B/C轴,南区,,,,282600.0,13800.0,Q-SPCQ
1108,X-HLP3-AR-F3-LAY-01-001,其他,橡胶防撞护角 - 橡胶防撞护角-4756640-LAY-1F-1_500-A,,,A轴,南区,,,,282350.0,100.0,Q-SPCQ
1109,X-HLP3-AR-F3-LAY-01-001,其他,橡胶防撞护角 - 橡胶防撞护角-4752618-LAY-1F-1_500-A,,,H/J轴,南中区,,,,14000.0,57200.0,Q-SPCQ
1110,X-HLP3-AR-F3-LAY-01-001,其他,橡胶防撞护角 - 橡胶防撞护角-4752618-LAY-1F-1_500-A,,,J/K轴,南中区,,,,14000.0,64400.0,Q-SPCQ
1111,X-HLP3-AR-F3-LAY-01-001,其他,橡胶防撞护角 - 橡胶防撞护角-4752618-LAY-1F-1_500-A,,,K/L轴,南中区,,,,14000.0,71600.0,Q-SPCQ
1112,X-HLP3-AR-F3-LAY-01-001,其他,橡胶防撞护角 - 橡胶防撞护角-4752618-LAY-1F-1_500-A,,,L/M轴,北中区,,,,14000.0,78800.0,Q-SPCQ
1113,X-HLP3-AR-F3-LAY-01-001,其他,橡胶防撞护角 - 橡胶防撞护角-4752618-LAY-1F-1_500-A,,,M/N轴,北中区,,,,14000.0,86000.0,Q-SPCQ
1114,X-HLP3-AR-F3-LAY-01-001,其他,橡胶防撞护角 - 橡胶防撞护角-4752618-LAY-1F-1_500-A,,,N/P轴,北中区,,,,14000.0,93200.0,Q-SPCQ
1115,X-HLP3-AR-F3-LAY-01-001,其他,橡胶防撞护角 - 橡胶防撞护角-4752618-LAY-1F-1_500-A,DCC-E*2,DCC-E*2,P/Q轴,北中区,,,,14000.0,100400.0,Q-SPCQ
1116,X-HLP3-AR-F3-LAY-01-001,其他,橡胶防撞护角 - 橡胶防撞护角-4752618-LAY-1F-1_500-A,,,N/P轴,北中区,,,,6800.0,93200.0,Q-SPCQ
1117,X-HLP3-AR-F3-LAY-01-001,其他,橡胶防撞护角 - 橡胶防撞护角-4752618-LAY-1F-1_500-A,2850x2600(右) DCC-E*2,DCC-E*2,P/Q轴,北中区,2.85,2.60,右,6800.0,100400.0,Q-SPCQ
1118,X-HLP3-AR-F3-LAY-01-001,其他,橡胶防撞护角 - 橡胶防撞护角-4757223-LAY-1F-1_500-A,2850x1800(左) DCC-C*2,DCC-C*2,H/J轴,南中区,2.85,1.80,左,6800.0,57200.0,Q-SPCQ
1119,X-HLP3-AR-F3-LAY-01-001,其他,橡胶防撞护角 - 橡胶防撞护角-4757223-LAY-1F-1_500-A,2850x1800(左) DCC-C*2,DCC-C*2,J/K轴,南中区,2.85,1.80,左,6800.0,64400.0,Q-SPCQ
1120,X-HLP3-AR-F3-LAY-01-001,其他,橡胶防撞护角 - 橡胶防撞护角-4757223-LAY-1F-1_500-A,2850x1800(左) DCC-C*2,DCC-C*2,K/L轴,南中区,2.85,1.80,左,6800.0,71600.0,Q-SPCQ
1121,X-HLP3-AR-F3-LAY-01-001,其他,橡胶防撞护角 - 橡胶防撞护角-4757223-LAY-1F-1_500-A,2850x1800(左) DCC-C*2,DCC-C*2,L/M轴,北中区,2.85,1.80,左,6800.0,78800.0,Q-SPCQ
1122,X-HLP3-AR-F3-LAY-01-001,其他,橡胶防撞护角 - 橡胶防撞护角-4757228-LAY-1F-1_500-A,,,M/N轴,北中区,,,,6800.0,86000.0,Q-SPCQ
1123,X-HLP3-AR-F3-LAY-01-001,其他,橡胶防撞护角 - 橡胶防撞护角-4757273-LAY-1F-1_500-A,,,N/P轴,北中区,,,,-0.0,92825.0,Q-SPCQ
1124,X-HLP3-AR-F3-LAY-01-001,其他,橡胶防撞护角 - 橡胶防撞护角-4757273-LAY-1F-1_500-A,2850x2600(右) DCC-E*2,DCC-E*2,P/Q轴,北中区,2.85,2.60,右,-0.0,100025.0,Q-SPCQ
1125,X-HLP3-AR-F3-LAY-01-001,其他,橡胶防撞护角 - 橡胶防撞护角-4757415-LAY-1F-1_500-A,2850x1800(左) DCC-C*2,DCC-C*2,M/N轴,北中区,2.85,1.80,左,-0.0,85625.0,Q-SPCQ
1126,X-HLP3-AR-F3-LAY-01-001,柱,防撞柱 - 防撞柱-4749834-LAY-1F-1_500-A,,,R/S轴,北中区,,,,292384.32,114180.0,Q-SPCQ
1127,X-HLP3-AR-F3-LAY-01-001,柱,防撞柱 - 防撞柱-V119-LAY-1F-1_500-A,,,R/S轴,北中区,,,,293279.32,114180.0,Q-SPCQ
1128,X-HLP3-AR-F3-LAY-01-001,柱,防撞柱 - 防撞柱-4750317-LAY-1F-1_500-A,,,Q/R轴,北中区,,,,292384.32,109020.0,Q-SPCQ
1129,X-HLP3-AR-F3-LAY-01-001,柱,防撞柱 - 防撞柱-V120-LAY-1F-1_500-A,,,Q/R轴,北中区,,,,293279.32,109020.0,Q-SPCQ
1130,X-HLP3-AR-F3-LAY-01-001,其他,橡胶防撞护角 - 橡胶防撞护角-4759705-LAY-1F-1_500-A,,,A/B轴,南区,,,,263400.0,6600.0,Q-SPCQ
1131,X-HLP3-AR-F3-LAY-01-001,其他,坡道 - 坡道-4768229-LAY-1F-1_500-A,3500x2300(左) DCC-F,DCC-F,X/Y轴,北区,3.50,2.30,左,97200.0,159050.0,Q-SPCQ
1132,X-HLP3-AR-F3-LAY-01-001,其他,坡道 - 坡道-V121-LAY-1F-1_500-A,3500x2300(左) DCC-F,DCC-F,X/Y轴,北区,3.50,2.30,左,90000.0,159050.0,Q-SPCQ
1133,X-HLP3-AR-F3-LAY-01-001,其他,坡道 - 坡道-V121-LAY-1F-1_500-A,3500x2300(左) DCC-F,DCC-F,X/Y轴,北区,3.50,2.30,左,104400.0,159050.0,Q-SPCQ
1134,X-HLP3-AR-F3-LAY-01-001,其他,坡道 - 坡道-V122-LAY-1F-1_500-A,3500x2300(左) DCC-F,DCC-F,X/Y轴,北区,3.50,2.30,左,109800.0,159050.0,Q-SPCQ
1135,X-HLP3-AR-F3-LAY-01-001,其他,坡道 - 坡道-V121-LAY-1F-1_500-A,3500x2300(左) DCC-F,DCC-F,A轴,南区,3.50,2.30,左,75600.0,-650.0,Q-SPCQ
1136,X-HLP3-AR-F3-LAY-01-001,窗,百叶窗-带贴面 - BYC1508-4828171-LAY-1F-1_500-A,100X100 DCC,DCC,A轴,南区,0.10,0.10,,39611.36,-500.0,A-GLAZ
1137,X-HLP3-AR-F3-LAY-01-001,其他,混凝土雨棚1 - 混凝土雨棚-300mm-2000 2-4783405-LAY-1F-1_500-A,3500x2300(左) DCC-F,DCC-F,A轴,南区,3.50,2.30,左,64550.0,-650.0,A-GENM
1138,X-HLP3-AR-F3-LAY-01-001,窗,百叶窗-带贴面 - BYC2020-4858618-LAY-1F-1_500-A,3500x2300(左) DCC-F,DCC-F,X/Y轴,北区,3.50,2.30,左,196188.64,158625.0,A-GLAZ
1139,X-HLP3-AR-F3-LAY-01-001,其他,混凝土雨棚1 - 混凝土雨棚-300mm-2000 2-4800231-LAY-1F-1_500-A,,,V/W轴,北区,,,,293100.0,142225.0,A-GENM
1140,X-HLP3-AR-F3-LAY-01-001,窗,百叶窗-带贴面 - BYC4723-4859144-LAY-1F-1_500-A,,,T/U轴,北中区,,,,-50.0,126463.64,A-GLAZ
1141,X-HLP3-AR-F3-LAY-01-001,窗,百叶窗-带贴面 - BYC3020-4860088-LAY-1F-1_500-A,3500x2300(左) DCC-F,DCC-F,X/Y轴,北区,3.50,2.30,左,118811.36,158625.0,A-GLAZ
1142,X-HLP3-AR-F3-LAY-01-001,窗,百叶窗-带贴面 - BYC3612-4826183-LAY-1F-1_500-A,,,J/K轴,南中区,,,,292850.0,63011.36,A-GLAZ
1143,X-HLP3-AR-F3-LAY-01-001,窗,百叶窗-带贴面 - BYC3612-4826183-LAY-1F-1_500-A,,,N/P轴,北中区,,,,292850.0,88211.36,A-GLAZ
1144,X-HLP3-AR-F3-LAY-01-001,窗,百叶窗-带贴面 - BYC3612-4826183-LAY-1F-1_500-A,,,Q/R轴,北中区,,,,292850.0,104086.36,A-GLAZ
1145,X-HLP3-AR-F3-LAY-01-001,窗,百叶窗-带贴面 - BYC3612-4831002-LAY-1F-1_500-A,,,T/U轴,北中区,,,,292850.0,124211.36,A-GLAZ
1146,X-HLP3-AR-F3-LAY-01-001,窗,百叶窗-带贴面 - BYC3020-4860088-LAY-1F-1_500-A,3500x2300(左) DCC-F,DCC-F,X/Y轴,北区,3.50,2.30,左,138611.36,158625.0,A-GLAZ
1147,X-HLP3-AR-F3-LAY-01-001,窗,百叶窗-带贴面 - BYC1508-4661239-LAY-1F-1_500-A,3500x2300(左) DCC-F*2,DCC-F*2,A轴,南区,3.50,2.30,左,54011.36,-225.0,A-GLAZ
1148,X-HLP3-AR-F3-LAY-01-001,窗,百叶窗-带贴面 - BYC3508-4872385-LAY-1F-1_500-A,3500x2300(左) DCC-F,DCC-F,X/Y轴,北区,3.50,2.30,左,55788.64,158625.0,A-GLAZ
1149,X-HLP3-AR-F3-LAY-01-001,窗,单扇窗- 上开 - C1512-4891592-LAY-1F-1_500-A,,,S/T轴,北中区,,,,292948.91,120250.0,A-GLAZ
1150,X-HLP3-AR-F3-LAY-01-001,窗,单扇窗- 上开 - C1512-4891592-LAY-1F-1_500-A,,,M/N轴,北中区,,,,292948.91,84250.0,A-GLAZ
1151,X-HLP3-AR-F3-LAY-01-001,窗,单扇窗- 上开 - C1512-4891592-LAY-1F-1_500-A,,,F/G轴,南区,,,,292948.91,41100.0,A-GLAZ
1152,X-HLP3-AR-F3-LAY-01-001,窗,百叶窗-带贴面 - BYC2912-4912205-LAY-1F-1_500-A,,,H/J轴,南中区,,,,292850.0,52573.86,A-GLAZ
1153,X-HLP3-AR-F3-LAY-01-001,单扇防火门,单扇平开防火门_带观察窗 - FM甲0821-4703382-LAY-1F-1_500-A,2400x1300(右) DCC,DCC,J/K轴,南中区,2.40,1.30,右,244275.0,62670.0,A-DOOR
1154,X-HLP3-AR-F3-LAY-01-001,单扇防火门,单扇平开防火门_带观察窗 - FM甲0821-4703376-LAY-1F-1_500-A,DCC,DCC,M/N轴,北中区,,,,244275.0,85200.0,A-DOOR
1155,X-HLP3-AR-F3-LAY-01-001,其他,under ground - A-3342468-LAY-1F-1_500-A,,,X/Y轴,北区,,,,254500.0,158400.0,A-DETL-GENF
1156,X-HLP3-AR-F3-LAY-01-001,其他,under ground - A-3342469-LAY-1F-1_500-A,,,X/Y轴,北区,,,,283200.0,158400.0,A-DETL-GENF
1157,X-HLP3-AR-F3-LAY-01-001,其他,under ground - A-3342470-LAY-1F-1_500-A,,,V/W轴,北区,,,,283200.0,144000.0,A-DETL-GENF
1158,X-HLP3-AR-F3-LAY-01-001,其他,under ground - A-3342471-LAY-1F-1_500-A,2365x765 DCC,DCC,Q/R轴,北中区,2.37,0.77,,283200.0,107900.0,A-DETL-GENF
1159,X-HLP3-AR-F3-LAY-01-001,其他,under ground - A-3342472-LAY-1F-1_500-A,,,L/M轴,北中区,,,,283200.0,79200.0,A-DETL-GENF
1160,X-HLP3-AR-F3-LAY-01-001,其他,under ground - A-4440789-LAY-1F-1_500-A,,,D/E轴,南区,,,,283450.0,28800.0,A-DETL-GENF
1161,X-HLP3-AR-F3-LAY-01-001,其他,under ground - A-4441014-LAY-1F-1_500-A,,,C/D轴,南区,,,,283800.0,21600.0,A-DETL-GENF
1162,X-HLP3-AR-F3-LAY-01-001,其他,under ground - A-4441084-LAY-1F-1_500-A,,,C/D轴,南区,,,,288300.0,19100.0,A-DETL-GENF
1163,X-HLP3-AR-F3-LAY-01-001,其他,硬顶 - 硬顶-3542155-LAY-1F-1_500-A,3500x2300(左),,A/B轴,南区,3.50,2.30,左,19000.0,6800.0,A-DETL-GENF
1164,X-HLP3-AR-F3-LAY-01-001,其他,硬顶 - 硬顶-3542157-LAY-1F-1_500-A,3500x2300(左) DCC-F,DCC-F,A/B轴,南区,3.50,2.30,左,131700.0,4300.0,A-DETL-GENF
1165,X-HLP3-AR-F3-LAY-01-001,其他,硬顶 - 硬顶-3542159-LAY-1F-1_500-A,3500x2300(右) DCC-F,DCC-F,A/B轴,南区,3.50,2.30,右,216500.0,4750.0,A-DETL-GENF
1166,X-HLP3-AR-F3-LAY-01-001,其他,硬顶 - 硬顶-3542159-LAY-1F-1_500-A,3500x2300(右) DCC-F*2,DCC-F*2,A/B轴,南区,3.50,2.30,右,194900.0,4750.0,A-DETL-GENF
1167,X-HLP3-AR-F3-LAY-01-001,其他,硬顶 - 硬顶-3809734-LAY-1F-1_500-A,,,C/D轴,南区,,,,166000.0,20300.0,A-DETL-GENF
1168,X-HLP3-AR-F3-LAY-01-001,洞口,洞口 - 洞口-3794967-LAY-1F-1_500-A,2850x2600(右) DCC-E*2,DCC-E*2,G/H轴,南中区,2.85,2.60,右,213950.0,48520.0,A-DETL-GENF
1169,X-HLP3-AR-F3-LAY-01-001,洞口,洞口 - 洞口-3794967-LAY-1F-1_500-A,2850x2600(右) DCC-E,DCC-E,G/H轴,南中区,2.85,2.60,右,218050.0,48520.0,A-DETL-GENF
1170,X-HLP3-AR-F3-LAY-01-001,其他,under ground - A-4171442-LAY-1F-1_500-A,2850x1800(左) DCC-C*2,DCC-C*2,H/J轴,南中区,2.85,1.80,左,-4300.0,57600.0,A-DETL-GENF
1171,X-HLP3-AR-F3-LAY-01-001,其他,符号_指北针 - 填充-1071057-LAY-1F-1_500-A,,,Y轴,北区,,,,310009.29,172578.79,A-ANNO-NOTE
1172,X-HLP3-AR-F3-LAY-01-001,其他,高程点-说明仿宋-0_5 - 高程点-说明仿宋-0_5-2951202-LAY-1F-1_500-A,2000x2300(右) DCC-B*2,DCC-B*2,F/G轴,南区,2.00,2.30,右,9181.89,43983.63,A-ANNO-NOTE
1173,X-HLP3-AR-F3-LAY-01-001,其他,高程点-说明仿宋-0_5 - 高程点-说明仿宋-0_5-2951203-LAY-1F-1_500-A,2000*2300(左) DCC-B,DCC-B,R/S轴,北中区,2.00,2.30,左,192470.52,112636.78,A-ANNO-NOTE
1174,X-HLP3-AR-F3-LAY-01-001,其他,高程点-说明仿宋-0_5-2 - 高程点-说明仿宋-0_5-2-1095880-LAY-1F-1_500-A,2850x1800(右) DCC-C*2,DCC-C*2,S/T轴,北中区,2.85,1.80,右,67245.97,116745.0,A-ANNO-NOTE
1175,X-HLP3-AR-F3-LAY-01-001,其他,高程点-说明仿宋-0_5 - 高程点-说明仿宋-0_5-3125277-LAY-1F-1_500-A,2000*2300(左) DCC-B,DCC-B,G/H轴,南中区,2.00,2.30,左,62675.0,44805.7,A-ANNO-NOTE
1176,X-HLP3-AR-F3-LAY-01-001,其他,高程点-说明仿宋-0_5 - 高程点-说明仿宋-0_5-2951202-LAY-1F-1_500-A,2400x1300(右) DCC,DCC,F/G轴,南区,2.40,1.30,右,224912.99,43825.0,A-ANNO-NOTE
1177,X-HLP3-AR-F3-LAY-01-001,其他,高程点-说明仿宋1 - 高程点-说明仿宋 2-1593835-LAY-1F-1_500-A,,,A轴,南区,,,,117251.28,-13077.01,A-ANNO-NOTE
1178,X-HLP3-AR-F3-LAY-01-001,其他,坡度_自定义3 - 实心箭头 2-3386218-LAY-1F-1_500-A,,,A轴,南区,,,,278400.3,-988.43,A-ANNO-NOTE
1179,X-HLP3-AR-F3-LAY-01-001,其他,高程点-说明仿宋-2 - 高程点-说明仿宋-2-1141479-LAY-1F-1_500-A,,,K/L轴,南中区,,,,253346.77,67833.67,A-ANNO-NOTE
1180,X-HLP3-AR-F3-LAY-01-001,其他,高程点-说明仿宋-2 - 高程点-说明仿宋-2-1141479-LAY-1F-1_500-A,,,A/B轴,南区,,,,272714.72,2934.0,A-ANNO-NOTE
1181,X-HLP3-AR-F3-LAY-01-001,其他,高程点-说明仿宋-2 - 高程点-说明仿宋-2-1141479-LAY-1F-1_500-A,,,N/P轴,北中区,,,,138237.43,88700.21,A-ANNO-NOTE
1182,X-HLP3-AR-F3-LAY-01-001,其他,高程点-说明仿宋-2 - 高程点-说明仿宋-2-1141479-LAY-1F-1_500-A,,,D/E轴,南区,,,,284775.76,24929.19,A-ANNO-NOTE
1183,X-HLP3-AR-F3-LAY-01-001,其他,高程点-说明仿宋-2 - 高程点-说明仿宋-2-1141479-LAY-1F-1_500-A,,,J/K轴,南中区,,,,285055.76,65649.92,A-ANNO-NOTE
1184,X-HLP3-AR-F3-LAY-01-001,其他,高程点-说明仿宋-2 - 高程点-说明仿宋-2-1141479-LAY-1F-1_500-A,,,M/N轴,北中区,,,,285055.76,87388.56,A-ANNO-NOTE
1185,X-HLP3-AR-F3-LAY-01-001,其他,高程点-说明仿宋-2 - 高程点-说明仿宋-2-1141479-LAY-1F-1_500-A,,,T/U轴,北中区,,,,285055.76,130688.56,A-ANNO-NOTE
1186,X-HLP3-AR-F3-LAY-01-001,其他,高程点-说明仿宋-2 - 高程点-说明仿宋-2-1141479-LAY-1F-1_500-A,,,W/X轴,北区,,,,286653.97,151600.0,A-ANNO-NOTE
1187,X-HLP3-AR-F3-LAY-01-001,其他,高程点-说明仿宋-2 - 高程点-说明仿宋-2-1141479-LAY-1F-1_500-A,,,X/Y轴,北区,,,,256784.92,152662.68,A-ANNO-NOTE
1188,X-HLP3-AR-F3-LAY-01-001,其他,高程点-说明仿宋-2 - 高程点-说明仿宋-2-1141479-LAY-1F-1_500-A,2850x1800(右) DCC-C,DCC-C,F/G轴,南区,2.85,1.80,右,160525.0,38339.27,A-ANNO-NOTE
1189,X-HLP3-AR-F3-LAY-01-001,其他,高程点-说明仿宋-2 - 高程点-说明仿宋-2-1141479-LAY-1F-1_500-A,2850x2300(右) DCC-D*2,DCC-D*2,S/T轴,北中区,2.85,2.30,右,112171.5,116816.92,A-ANNO-NOTE
1190,X-HLP3-AR-F3-LAY-01-001,其他,高程点-说明仿宋-0_5 - 高程点-说明仿宋-0_5-3124599-LAY-1F-1_500-A,,,A/B轴,南区,,,,284611.65,8350.0,A-ANNO-NOTE
1191,X-HLP3-AR-F3-LAY-01-001,其他,高程点-说明仿宋-0_5 - 高程点-说明仿宋-0_5-3124599-LAY-1F-1_500-A,,,A/B轴,南区,,,,284611.65,1400.0,A-ANNO-NOTE
1192,X-HLP3-AR-F3-LAY-01-001,其他,高程点-说明仿宋-2 - 高程点-说明仿宋-2-1141479-LAY-1F-1_500-A,,,N/P轴,北中区,,,,195837.43,88700.21,A-ANNO-NOTE
1193,X-HLP3-AR-F3-LAY-01-001,其他,高程点-说明仿宋-0_5 - 高程点-说明仿宋-0_5-3289670-LAY-1F-1_500-A,,,C/D轴,南区,,,,284586.64,16917.7,A-ANNO-NOTE
1194,X-HLP3-AR-F3-LAY-01-001,其他,高程点-说明仿宋-2 - 高程点-说明仿宋-2-1141479-LAY-1F-1_500-A,3500x2300(左) DCC-F,DCC-F,B/C轴,南区,3.50,2.30,左,6540.09,8610.86,A-ANNO-NOTE
1195,X-HLP3-AR-F3-LAY-01-001,其他,高程点-说明仿宋-2 - 高程点-说明仿宋-2-1141479-LAY-1F-1_500-A,2850x2300(右) DCC-D,DCC-D,S/T轴,北中区,2.85,2.30,右,45412.87,123264.97,A-ANNO-NOTE
1196,X-HLP3-AR-F3-LAY-01-001,其他,高程点-说明仿宋3 - 高程点-说明仿宋-2931510-LAY-1F-1_500-A,,,A轴,南区,,,,146013.17,-14764.08,A-ANNO-NOTE
1197,X-HLP3-AR-F3-LAY-01-001,其他,高程点-说明仿宋3 - 高程点-说明仿宋-2931510-LAY-1F-1_500-A,,,A轴,南区,,,,229413.17,-14964.08,A-ANNO-NOTE
1198,X-HLP3-AR-F3-LAY-01-001,其他,高程点-说明仿宋3 - 高程点-说明仿宋-2931510-LAY-1F-1_500-A,,,A轴,南区,,,,207713.17,-14964.08,A-ANNO-NOTE
1199,X-HLP3-AR-F3-LAY-01-001,其他,高程点-说明仿宋-2 - 高程点-说明仿宋-2-1141479-LAY-1F-1_500-A,2850x1800(左) DCC-C*2,DCC-C*2,K/L轴,南中区,2.85,1.80,左,10735.6,71711.49,A-ANNO-NOTE
1200,X-HLP3-AR-F3-LAY-01-001,其他,高程点-说明仿宋-5 - 高程点-说明仿宋-5-4178024-LAY-1F-1_500-A,,,A轴,南区,,,,262884.53,-6700.0,A-ANNO-NOTE
1201,X-HLP3-AR-F3-LAY-01-001,其他,高程点-说明仿宋3 - 高程点-说明仿宋-2931510-LAY-1F-1_500-A,,,A轴,南区,,,,-7558.3,-14644.33,A-ANNO-NOTE
1202,X-HLP3-AR-F3-LAY-01-001,其他,高程点-说明仿宋-2 - 高程点-说明仿宋-2-1141479-LAY-1F-1_500-A,2850x2600(右) DCC-E*2,DCC-E*2,H/J轴,南中区,2.85,2.60,右,212896.36,58046.0,A-ANNO-NOTE
1203,X-HLP3-AR-F3-LAY-01-001,其他,高程点-说明仿宋3 - 高程点-说明仿宋-2931510-LAY-1F-1_500-A,,,A轴,南区,,,,185727.29,-16164.08,A-ANNO-NOTE
1204,X-HLP3-AR-F3-LAY-01-001,其他,高程点-说明仿宋-2 - 高程点-说明仿宋-2-1141479-LAY-1F-1_500-A,2400x1300(右) DCC,DCC,H/J轴,南中区,2.40,1.30,右,188696.36,58046.0,A-ANNO-NOTE
1205,X-HLP3-AR-F3-LAY-01-001,其他,高程点-说明仿宋-0_5 - 高程点-说明仿宋-0_5-4070312-LAY-1F-1_500-A,2850x1800(左) DCC-C*2,DCC-C*2,H/J轴,南中区,2.85,1.80,左,-1403.49,53621.63,A-ANNO-NOTE
1206,X-HLP3-AR-F3-LAY-01-001,其他,高程点-说明仿宋-5 - 高程点-说明仿宋-5-4178038-LAY-1F-1_500-A,2850x1800(左) DCC-C*2,DCC-C*2,H/J轴,南中区,2.85,1.80,左,4275.0,56359.18,A-ANNO-NOTE
1207,X-HLP3-AR-F3-LAY-01-001,其他,高程点-说明仿宋-1_5mm - 高程点-说明仿宋-1_5mm-4178353-LAY-1F-1_500-A,3500x2300(左) DCC-F,DCC-F,X/Y轴,北区,3.50,2.30,左,6263.13,152560.51,A-ANNO-NOTE
1208,X-HLP3-AR-F3-LAY-01-001,其他,高程点-说明仿宋-1_5mm - 高程点-说明仿宋-1_5mm-4178353-LAY-1F-1_500-A,2400x1300(右) DCC,DCC,X/Y轴,北区,2.40,1.30,右,12963.13,152560.51,A-ANNO-NOTE
1209,X-HLP3-AR-F3-LAY-01-001,其他,坡度_1_5mm - 实心箭头-4550298-LAY-1F-1_500-A,2000*2300(左) DCC,DCC,G/H轴,南中区,2.00,2.30,左,184908.82,49825.0,A-ANNO-NOTE
1210,X-HLP3-AR-F3-LAY-01-001,其他,高程点-说明仿宋-1_5mm - 高程点-说明仿宋-1_5mm-4765650-LAY-1F-1_500-A,2850x2600(右) DCC-E*2,DCC-E*2,S/T轴,北中区,2.85,2.60,右,1850.0,123000.0,A-ANNO-NOTE
1211,X-HLP3-AR-F3-LAY-02-001,其他,AR-F3-00-STA-001_HLP2_rvt-1-LAY-2F-1_500-A,3500x2300(左) DCC-F,DCC-F,A轴,南区,3.50,2.30,左,-0.0,0.0,0
1212,X-HLP3-AR-F3-LAY-02-001,单扇防火门,单扇平开防火门_带观察窗 - FM甲1123-4703356-LAY-2F-1_500-A,2365x765 DCC,DCC,S/T轴,北中区,2.37,0.77,,285200.0,117750.0,A-DOOR
1213,X-HLP3-AR-F3-LAY-02-001,单扇防火门,单扇平开防火门_带观察窗 - FM甲1123-4703356-LAY-2F-1_500-A,,,M/N轴,北中区,,,,285200.0,81750.0,A-DOOR
1214,X-HLP3-AR-F3-LAY-02-001,单扇防火门,单扇平开防火门_带观察窗 - FM乙1123-4703410-LAY-2F-1_500-A,2850x2300(左) DCC-D,DCC-D,F/G轴,南区,2.85,2.30,左,233675.0,43925.0,A-DOOR
1215,X-HLP3-AR-F3-LAY-02-001,单扇防火门,单扇平开防火门_带观察窗 - FM乙1123-4703410-LAY-2F-1_500-A,2850x2300(右) DCC-D*2,DCC-D*2,F/G轴,南区,2.85,2.30,右,183275.0,43925.0,A-DOOR
1216,X-HLP3-AR-F3-LAY-02-001,单扇防火门,单扇平开防火门_带观察窗 - FM乙1123-4703350-LAY-2F-1_500-A,2850x2300(右),,F/G轴,南区,2.85,2.30,右,68725.0,43925.0,A-DOOR
1217,X-HLP3-AR-F3-LAY-02-001,单扇防火门,单扇平开防火门_带观察窗 - FM乙1123-4703350-LAY-2F-1_500-A,2850x2300(右) DCC-D,DCC-D,R/S轴,北中区,2.85,2.30,右,233675.0,114475.0,A-DOOR
1218,X-HLP3-AR-F3-LAY-02-001,单扇防火门,单扇平开防火门_带观察窗 - FM乙1123-4703416-LAY-2F-1_500-A,2850x2300(右) DCC-D*2,DCC-D*2,R/S轴,北中区,2.85,2.30,右,183275.0,114475.0,A-DOOR
1219,X-HLP3-AR-F3-LAY-02-001,单扇防火门,单扇平开防火门_带观察窗 - FM乙1123-4703416-LAY-2F-1_500-A,2850x1800(右) DCC-C*2,DCC-C*2,R/S轴,北中区,2.85,1.80,右,125675.0,114475.0,A-DOOR
1220,X-HLP3-AR-F3-LAY-02-001,单扇防火门,单扇平开防火门_带观察窗 - FM乙1123-4703400-LAY-2F-1_500-A,2850x1800(右) DCC-C*2,DCC-C*2,R/S轴,北中区,2.85,1.80,右,68725.0,114475.0,A-DOOR
1221,X-HLP3-AR-F3-LAY-02-001,双扇防火门,双扇平开防火门_带观察窗 - FM甲1223-4642656-LAY-2F-1_500-A,2850x2300(左) DCC-D,DCC-D,G/H轴,南中区,2.85,2.30,左,237600.0,47700.0,A-DOOR
1222,X-HLP3-AR-F3-LAY-02-001,双扇防火门,双扇平开防火门_带观察窗 - FM甲1223-V1-LAY-2F-1_500-A,2850x2300(左) DCC-D,DCC-D,G/H轴,南中区,2.85,2.30,左,237600.0,45900.0,A-DOOR
1223,X-HLP3-AR-F3-LAY-02-001,双扇防火门,双扇平开防火门_带观察窗1 - QM2030-3884746-LAY-2F-1_500-A,2365x765 DCC,DCC,G/H轴,南中区,2.37,0.77,,228025.0,50925.0,A-DOOR
1224,X-HLP3-AR-F3-LAY-02-001,单扇防火门,单扇平开防火门_带观察窗 - FM甲1123-4703354-LAY-2F-1_500-A,2000*2300(右) DCC-B,DCC-B,G/H轴,南中区,2.00,2.30,右,64275.0,49225.0,A-DOOR
1225,X-HLP3-AR-F3-LAY-02-001,单扇防火门,单扇平开防火门_带观察窗 - FM甲1123-V2-LAY-2F-1_500-A,2000*2300(右) DCC-B,DCC-B,G/H轴,南中区,2.00,2.30,右,64275.0,47650.0,A-DOOR
1226,X-HLP3-AR-F3-LAY-02-001,单扇防火门,单扇平开防火门_带观察窗 - FM甲1123-4703424-LAY-2F-1_500-A,2000*2300(右) DCC-B,DCC-B,R/S轴,北中区,2.00,2.30,右,64275.0,110675.0,A-DOOR
1227,X-HLP3-AR-F3-LAY-02-001,单扇防火门,单扇平开防火门_带观察窗 - FM甲1123-V2-LAY-2F-1_500-A,2000*2300(右) DCC-B,DCC-B,R/S轴,北中区,2.00,2.30,右,64275.0,109275.0,A-DOOR
1228,X-HLP3-AR-F3-LAY-02-001,单扇防火门,单扇平开防火门_带观察窗 - FM甲1123-V2-LAY-2F-1_500-A,2000*2300(左) DCC-B,DCC-B,R/S轴,北中区,2.00,2.30,左,187725.01,110750.0,A-DOOR
1229,X-HLP3-AR-F3-LAY-02-001,单扇防火门,单扇平开防火门_带观察窗 - FM甲1123-V3-LAY-2F-1_500-A,2000*2300(左) DCC,DCC,Q/R轴,北中区,2.00,2.30,左,187725.01,109175.0,A-DOOR
1230,X-HLP3-AR-F3-LAY-02-001,双扇防火门,双扇平开防火门_带观察窗 - FM甲1223-4642970-LAY-2F-1_500-A,2850x2300(右) DCC-D,DCC-D,R/S轴,北中区,2.85,2.30,右,237600.0,112500.0,A-DOOR
1231,X-HLP3-AR-F3-LAY-02-001,双扇防火门,双扇平开防火门_带观察窗 - FM甲1223-V4-LAY-2F-1_500-A,2850x2300(右) DCC-D,DCC-D,R/S轴,北中区,2.85,2.30,右,237600.0,110700.0,A-DOOR
1232,X-HLP3-AR-F3-LAY-02-001,双扇防火门,双扇平开防火门_带观察窗 - FM甲1223-4642656-LAY-2F-1_500-A,2850x1800(左) DCC-C*2,DCC-C*2,R/S轴,北中区,2.85,1.80,左,129600.0,112500.0,A-DOOR
1233,X-HLP3-AR-F3-LAY-02-001,双扇防火门,双扇平开防火门_带观察窗 - FM甲1223-4642656-LAY-2F-1_500-A,2850x1800(左) DCC-C*2,DCC-C*2,R/S轴,北中区,2.85,1.80,左,129600.0,110700.0,A-DOOR
1234,X-HLP3-AR-F3-LAY-02-001,门,电梯门_客梯 - 2T洁净货梯-4055745-LAY-2F-1_500-A,2000x2300(右) DCC-B*2,DCC-B*2,G/H轴,南中区,2.00,2.30,右,12025.0,46500.0,A-DOOR
1235,X-HLP3-AR-F3-LAY-02-001,门,电梯门_客梯 - 2T洁净货梯-4055749-LAY-2F-1_500-A,2000*2300(左) DCC-B,DCC-B,G/H轴,南中区,2.00,2.30,左,64275.0,45150.0,A-DOOR
1236,X-HLP3-AR-F3-LAY-02-001,双扇防火门,双扇平开防火门_带观察窗 - FM甲1223-4642656-LAY-2F-1_500-A,2850x1800(右) DCC,DCC,G/H轴,南中区,2.85,1.80,右,129600.0,47700.0,A-DOOR
1237,X-HLP3-AR-F3-LAY-02-001,双扇防火门,双扇平开防火门_带观察窗 - FM甲1223-4642656-LAY-2F-1_500-A,2850x1800(右) DCC-C*2,DCC-C*2,G/H轴,南中区,2.85,1.80,右,129600.0,45900.0,A-DOOR
1238,X-HLP3-AR-F3-LAY-02-001,双扇防火门,双扇平开防火门_带观察窗 - FM甲1223-4642656-LAY-2F-1_500-A,2000*2300(左) DCC-B,DCC-B,G/H轴,南中区,2.00,2.30,左,187200.0,47700.0,A-DOOR
1239,X-HLP3-AR-F3-LAY-02-001,双扇防火门,双扇平开防火门_带观察窗 - FM甲1223-4642656-LAY-2F-1_500-A,2000*2300(左) DCC-B,DCC-B,G/H轴,南中区,2.00,2.30,左,187200.0,45900.0,A-DOOR
1240,X-HLP3-AR-F3-LAY-02-001,门,电梯门_客梯 - 2T洁净货梯-4055745-LAY-2F-1_500-A,2365x765 DCC,DCC,G/H轴,南中区,2.37,0.77,,228025.0,46500.0,A-DOOR
1241,X-HLP3-AR-F3-LAY-02-001,门,电梯门_客梯 - 2T洁净货梯-4055745-LAY-2F-1_500-A,2000*2300(左) DCC-B,DCC-B,R/S轴,北中区,2.00,2.30,左,187725.0,113250.0,A-DOOR
1242,X-HLP3-AR-F3-LAY-02-001,门,电梯门_客梯 - 2T洁净货梯-4055745-LAY-2F-1_500-A,2000*2300(右) DCC-B,DCC-B,R/S轴,北中区,2.00,2.30,右,64275.0,113250.0,A-DOOR
1243,X-HLP3-AR-F3-LAY-02-001,扶栏,顶部扶栏类型 - 顶部扶栏_内部_-1176591-LAY-2F-1_500-A,3500x2300(左) DCC-F,DCC-F,A轴,南区,3.50,2.30,左,-0.0,0.0,A-FLOR-HRAL
1244,X-HLP3-AR-F3-LAY-02-001,扶栏,顶部扶栏类型 - 顶部扶栏_内部_-V5-LAY-2F-1_500-A,3500x2300(左) DCC-F,DCC-F,A轴,南区,3.50,2.30,左,-0.0,0.0,A-FLOR-HRAL
1245,X-HLP3-AR-F3-LAY-02-001,单扇防火门,单扇平开防火门_带观察窗 - FM乙1123-4703350-LAY-2F-1_500-A,2850x2300(右) DCC-D*2,DCC-D*2,F/G轴,南区,2.85,2.30,右,18325.0,43925.0,A-DOOR
1246,X-HLP3-AR-F3-LAY-02-001,单扇防火门,单扇平开防火门_带观察窗 - FM乙1123-4703410-LAY-2F-1_500-A,2850x2300(右) DCC-E*2,DCC-E*2,F/G轴,南区,2.85,2.30,右,125675.0,43925.0,A-DOOR
1247,X-HLP3-AR-F3-LAY-02-001,单扇防火门,单扇平开防火门_带观察窗 - GM1123-4703346-LAY-2F-1_500-A,,,C/D轴,南区,,,,283700.0,19650.0,A-DOOR
1248,X-HLP3-AR-F3-LAY-02-001,门,电梯门_客梯 - 5T货梯-4221831-LAY-2F-1_500-A,,,C/D轴,南区,,,,283700.0,16800.0,A-DOOR
1249,X-HLP3-AR-F3-LAY-02-001,门,电梯门_客梯 - 20T货梯-4055739-LAY-2F-1_500-A,,,A/B轴,南区,,,,283700.0,4050.0,A-DOOR
1250,X-HLP3-AR-F3-LAY-02-001,门,电梯门_客梯 - 20T货梯-4055739-LAY-2F-1_500-A,,,B/C轴,南区,,,,283700.0,10850.0,A-DOOR
1251,X-HLP3-AR-F3-LAY-02-001,卷帘门,电梯卷帘门 - FJLM5340_2H_-3900285-LAY-2F-1_500-A,,,A/B轴,南区,,,,283700.0,3950.0,A-DOOR
1252,X-HLP3-AR-F3-LAY-02-001,卷帘门,电梯卷帘门 - FJLM6040_2H_-3900241-LAY-2F-1_500-A,,,B/C轴,南区,,,,283700.0,10800.0,A-DOOR
1253,X-HLP3-AR-F3-LAY-02-001,其他,混凝土雨棚1 - 混凝土雨棚-300mm-2000 2-4361591-LAY-2F-1_500-A,MD 1200x2200 DCC-F*2,DCC-F*2,A轴,南区,1.20,2.20,,201600.0,-650.0,A-GENM
1254,X-HLP3-AR-F3-LAY-02-001,其他,混凝土雨棚1 - 混凝土雨棚-300mm-2000 2-V6-LAY-2F-1_500-A,3500x2300(右) DCC-F,DCC-F,A轴,南区,3.50,2.30,右,223200.0,-650.0,A-GENM
1255,X-HLP3-AR-F3-LAY-02-001,其他,混凝土雨棚1 - 混凝土雨棚-300mm-2000 2-4366884-LAY-2F-1_500-A,3500x2300(右) DCC-F*2,DCC-F*2,A轴,南区,3.50,2.30,右,238800.0,-650.0,A-GENM
1256,X-HLP3-AR-F3-LAY-02-001,其他,混凝土雨棚1 - 混凝土雨棚-300mm-2000 2-4858537-LAY-2F-1_500-A,3500x2300(左) DCC-F,DCC-F,X/Y轴,北区,3.50,2.30,左,65350.0,159050.0,A-GENM
1257,X-HLP3-AR-F3-LAY-02-001,其他,混凝土雨棚1 - 混凝土雨棚-300mm-2000 2-4373710-LAY-2F-1_500-A,,,L/M轴,北中区,,,,293100.0,73412.5,A-GENM
1258,X-HLP3-AR-F3-LAY-02-001,其他,混凝土雨棚1 - 混凝土雨棚-300mm-2000 2-4311647-LAY-2F-1_500-A,3500x2300(左) DCC-F,DCC-F,X/Y轴,北区,3.50,2.30,左,188725.0,159050.0,A-GENM
1259,X-HLP3-AR-F3-LAY-02-001,其他,混凝土雨棚1 - 混凝土雨棚-300mm-2000 2-4311648-LAY-2F-1_500-A,3500x2300(右) DCC-F,DCC-F,A轴,南区,3.50,2.30,右,182700.0,-650.0,A-GENM
1260,X-HLP3-AR-F3-LAY-02-001,单扇防火门,单扇平开防火门_带观察窗 - GM1123-4703412-LAY-2F-1_500-A,,,A/B轴,南区,,,,260250.0,3700.0,A-DOOR
1261,X-HLP3-AR-F3-LAY-02-001,楼板洞口,楼板洞口 - 楼板洞口-翻边100mm-2515039-LAY-2F-1_500-A,2850x2600(右) DCC-E*2,DCC-E*2,R/S轴,北中区,2.85,2.60,右,87025.0,115225.0,A-GENM
1262,X-HLP3-AR-F3-LAY-02-001,楼板洞口,楼板洞口 - 楼板洞口-翻边100mm-2515250-LAY-2F-1_500-A,2850x2600(右) DCC-E,DCC-E,R/S轴,北中区,2.85,2.60,右,161975.0,115225.0,A-GENM
1263,X-HLP3-AR-F3-LAY-02-001,楼板洞口,楼板洞口 - 楼板洞口-翻边100mm-2515039-LAY-2F-1_500-A,2850x1800(右) DCC-C*2,DCC-C*2,R/S轴,北中区,2.85,1.80,右,202225.0,115225.0,A-GENM
1264,X-HLP3-AR-F3-LAY-02-001,楼板洞口,楼板洞口 - 楼板洞口-翻边100mm-2515039-LAY-2F-1_500-A,2850x1800(右) DCC-C,DCC-C,R/S轴,北中区,2.85,1.80,右,209425.0,115225.0,A-GENM
1265,X-HLP3-AR-F3-LAY-02-001,楼板洞口,楼板洞口 - 楼板洞口-翻边100mm-2515039-LAY-2F-1_500-A,2850x1800(右) DCC-C,DCC-C,R/S轴,北中区,2.85,1.80,右,223825.0,115225.0,A-GENM
1266,X-HLP3-AR-F3-LAY-02-001,楼板洞口,楼板洞口 - 楼板洞口-翻边100mm-2515039-LAY-2F-1_500-A,2850x2300(左) DCC,DCC,Q/R轴,北中区,2.85,2.30,左,195025.0,108025.0,A-GENM
1267,X-HLP3-AR-F3-LAY-02-001,楼板洞口,楼板洞口 - 楼板洞口-翻边100mm-V38-LAY-2F-1_500-A,2850x1800(右) DCC-C*2,DCC-C*2,F/G轴,南区,2.85,1.80,右,79825.0,43825.0,A-GENM
1268,X-HLP3-AR-F3-LAY-02-001,楼板洞口,楼板洞口 - 楼板洞口-翻边100mm-V38-LAY-2F-1_500-A,2850x2300(右) DCC-D*2,DCC-D*2,F/G轴,南区,2.85,2.30,右,195025.0,43825.0,A-GENM
1269,X-HLP3-AR-F3-LAY-02-001,楼板洞口,楼板洞口 - 楼板洞口-翻边100mm-V38-LAY-2F-1_500-A,2850x1800(左) DCC-C,DCC-C,F/G轴,南区,2.85,1.80,左,209425.0,43825.0,A-GENM
1270,X-HLP3-AR-F3-LAY-02-001,楼板洞口,楼板洞口 - 楼板洞口-翻边100mm-V38-LAY-2F-1_500-A,2850x2600(左) DCC-E*2,DCC-E*2,F/G轴,南区,2.85,2.60,左,216625.0,43825.0,A-GENM
1271,X-HLP3-AR-F3-LAY-02-001,其他,混凝土雨棚1 - 混凝土雨棚-300mm-2000 2-4311649-LAY-2F-1_500-A,,,X/Y轴,北区,,,,257412.5,159050.0,A-GENM
1272,X-HLP3-AR-F3-LAY-02-001,卷帘门,墙外卷帘门1 - JLM6050-4447037-LAY-2F-1_500-A,,,A轴,南区,,,,268800.0,75.0,A-DOOR
1273,X-HLP3-AR-F3-LAY-02-001,其他,混凝土雨棚1 - 混凝土雨棚-500x5500-4380737-LAY-2F-1_500-A,500x5500 2850x1800(左) DCC-C*2,DCC-C*2,M/N轴,北中区,0.50,5.50,左,-300.0,82800.0,A-GENM
1274,X-HLP3-AR-F3-LAY-02-001,其他,混凝土雨棚1 - 混凝土雨棚-300mm-2000 2-4859310-LAY-2F-1_500-A,2850x2600(右) DCC-E*2,DCC-E*2,S/T轴,北中区,2.85,2.60,右,-300.0,118300.0,A-GENM
1275,X-HLP3-AR-F3-LAY-02-001,单扇防火门,单扇平开防火门_带观察窗 - FM甲1123-4703356-LAY-2F-1_500-A,,,F/G轴,南区,,,,290625.0,39400.0,A-DOOR
1276,X-HLP3-AR-F3-LAY-02-001,墙洞口,矩形墙洞-A2 - 矩形墙洞-A-4128900-LAY-2F-1_500-A,,,A轴,南区,,,,255662.5,100.0,A-GENM
1277,X-HLP3-AR-F3-LAY-02-001,门,双扇平开门-角度可调 - FM甲2427_160__-4636703-LAY-2F-1_500-A,,,T/U轴,北中区,,,,273600.0,126500.0,A-DOOR
1278,X-HLP3-AR-F3-LAY-02-001,单扇防火门,单扇平开防火门_带观察窗 - FM甲1123-4703356-LAY-2F-1_500-A,,,M/N轴,北中区,,,,273600.0,81750.0,A-DOOR
1279,X-HLP3-AR-F3-LAY-02-001,门,双扇平开门-角度可调 - FDM甲2427_160__-4797546-LAY-2F-1_500-A,2365x765 DCC,DCC,R/S轴,北中区,2.37,0.77,,273625.0,112100.0,A-DOOR
1280,X-HLP3-AR-F3-LAY-02-001,单扇防火门,单扇平开防火门_带观察窗 - FM甲1123-4715513-LAY-2F-1_500-A,,,H/J轴,南中区,,,,273600.0,51750.0,A-DOOR
1281,X-HLP3-AR-F3-LAY-02-001,门,双扇平开门-角度可调 - FM甲2427_160__-4636703-LAY-2F-1_500-A,,,N/P轴,北中区,,,,273600.0,90000.0,A-DOOR
1282,X-HLP3-AR-F3-LAY-02-001,单扇防火门,单扇平开防火门_带观察窗 - FM乙0818-4703344-LAY-2F-1_500-A,,,A/B轴,南区,,,,254800.0,3200.0,A-DOOR
1283,X-HLP3-AR-F3-LAY-02-001,窗,百叶窗 - BYC3210-4128903-LAY-2F-1_500-A,,,A轴,南区,,,,262411.36,200.0,A-GLAZ
1284,X-HLP3-AR-F3-LAY-02-001,门,双扇平开门-角度可调 - FM甲2030_160__-4907183-LAY-2F-1_500-A,2365x1165（右） DCC,DCC,C/D轴,南区,2.37,1.17,右,254800.0,19000.0,A-DOOR
1285,X-HLP3-AR-F3-LAY-02-001,双扇防火门,双扇平开防火门_带观察窗 - FM甲2030-4642942-LAY-2F-1_500-A,2365x1165（右） DCC,DCC,C/D轴,南区,2.37,1.17,右,244275.0,19000.0,A-DOOR
1286,X-HLP3-AR-F3-LAY-02-001,双扇防火门,双扇平开防火门_带观察窗 - QM3728-4644389-LAY-2F-1_500-A,2365x1165（右） DCC,DCC,B/C轴,南区,2.37,1.17,右,254800.0,10800.0,A-DOOR
1287,X-HLP3-AR-F3-LAY-02-001,双扇防火门,双扇平开防火门_带观察窗 - QM3728-4643107-LAY-2F-1_500-A,2365x1165（右） DCC,DCC,B/C轴,南区,2.37,1.17,右,244275.0,10800.0,A-DOOR
1288,X-HLP3-AR-F3-LAY-02-001,门,双扇平开门-角度可调 - FM甲2427_160__-4636703-LAY-2F-1_500-A,,,G/H轴,南中区,,,,273600.0,47100.0,A-DOOR
1289,X-HLP3-AR-F3-LAY-02-001,单扇防火门,单扇平开防火门_带观察窗 - FM甲1123-4715553-LAY-2F-1_500-A,2365x1165（右） DCC,DCC,C/D轴,南区,2.37,1.17,右,256700.0,21600.0,A-DOOR
1290,X-HLP3-AR-F3-LAY-02-001,单扇防火门,单扇平开防火门_带观察窗 - FM甲1123-4703391-LAY-2F-1_500-A,2365x1165（右） DCC,DCC,F/G轴,南区,2.37,1.17,右,269550.0,41750.0,A-DOOR
1291,X-HLP3-AR-F3-LAY-02-001,门,双扇平开门-角度可调 - FM甲2427_160__-4715543-LAY-2F-1_500-A,2365x1165 DCC,DCC,D/E轴,南区,2.37,1.17,,269550.0,25700.0,A-DOOR
1292,X-HLP3-AR-F3-LAY-02-001,单扇防火门,单扇平开防火门_带观察窗 - FM甲1123-4703327-LAY-2F-1_500-A,,,F/G轴,南区,,,,284450.0,42700.0,A-DOOR
1293,X-HLP3-AR-F3-LAY-02-001,单扇防火门,单扇平开防火门_带观察窗 - FM甲1123-4703391-LAY-2F-1_500-A,2365x765 DCC,DCC,S/T轴,北中区,2.37,0.77,,273600.0,117750.0,A-DOOR
1294,X-HLP3-AR-F3-LAY-02-001,双扇防火门,双扇平开防火门_带观察窗 - FM甲1523-4965112-LAY-2F-1_500-A,,,D/E轴,南区,,,,273600.0,27100.0,A-DOOR
1295,X-HLP3-AR-F3-LAY-02-001,单扇防火门,单扇平开防火门_带观察窗 - FDM甲1123-4909654-LAY-2F-1_500-A,,,P/Q轴,北中区,,,,273625.0,95950.0,A-DOOR
1296,X-HLP3-AR-F3-LAY-02-001,单扇防火门,单扇平开防火门_带观察窗 - FM甲1123-4703424-LAY-2F-1_500-A,,,V/W轴,北区,,,,273600.0,138150.0,A-DOOR
1297,X-HLP3-AR-F3-LAY-02-001,门,双扇平开门-角度可调 - FM甲2427_160__-4636703-LAY-2F-1_500-A,2365x765 DCC,DCC,R/S轴,北中区,2.37,0.77,,269550.0,112200.0,A-DOOR
1298,X-HLP3-AR-F3-LAY-02-001,双扇防火门,双扇平开防火门_带观察窗 - KBM2427-4644587-LAY-2F-1_500-A,,,W/X轴,北区,,,,269450.0,146650.0,A-DOOR
1299,X-HLP3-AR-F3-LAY-02-001,双扇防火门,双扇平开防火门_带观察窗 - FM甲1523-4644315-LAY-2F-1_500-A,2365x1165（右） DCC,DCC,B/C轴,南区,2.37,1.17,右,265550.0,13900.0,A-DOOR
1300,X-HLP3-AR-F3-LAY-02-001,门,双扇平开门-角度可调 - FM甲2530_130__-4911531-LAY-2F-1_500-A,,,L/M轴,北中区,,,,273600.0,76600.0,A-DOOR
1301,X-HLP3-AR-F3-LAY-02-001,单扇防火门,单扇平开防火门_带观察窗 - FM甲1123-4703534-LAY-2F-1_500-A,2365x1165（右） DCC,DCC,E/F轴,南区,2.37,1.17,右,269550.0,34950.0,A-DOOR
1302,X-HLP3-AR-F3-LAY-02-001,门,双扇平开门-角度可调 - FM甲2427_160__-4690015-LAY-2F-1_500-A,,,K/L轴,南中区,,,,269550.0,69200.0,A-DOOR
1303,X-HLP3-AR-F3-LAY-02-001,单扇防火门,单扇平开防火门_带观察窗 - FM甲1123-4703327-LAY-2F-1_500-A,,,U/V轴,北中区,,,,273600.0,134150.0,A-DOOR
1304,X-HLP3-AR-F3-LAY-02-001,门,双扇平开门-角度可调 - FDM甲2427_160__-4797546-LAY-2F-1_500-A,2365x765 DCC,DCC,Q/R轴,北中区,2.37,0.77,,273625.0,104800.0,A-DOOR
1305,X-HLP3-AR-F3-LAY-02-001,单扇防火门,单扇平开防火门_带观察窗 - GM0821-4833220-LAY-2F-1_500-A,,,V/W轴,北区,,,,292950.0,141400.0,A-DOOR
1306,X-HLP3-AR-F3-LAY-02-001,单扇防火门,单扇平开防火门_带观察窗 - FM甲1123-4703329-LAY-2F-1_500-A,,,U/V轴,北中区,,,,269550.0,131050.0,A-DOOR
1307,X-HLP3-AR-F3-LAY-02-001,双扇防火门,双扇平开防火门_带观察窗 - FM甲1523-4644315-LAY-2F-1_500-A,2365x1165（右） DCC,DCC,E/F轴,南区,2.37,1.17,右,269550.0,31450.0,A-DOOR
1308,X-HLP3-AR-F3-LAY-02-001,单扇防火门,单扇平开防火门_带观察窗 - FM甲1123-4703329-LAY-2F-1_500-A,,,P/Q轴,北中区,,,,269550.0,95950.0,A-DOOR
1309,X-HLP3-AR-F3-LAY-02-001,单扇防火门,单扇平开防火门_带观察窗 - FM甲1123-4703329-LAY-2F-1_500-A,2365x765 DCC,DCC,Q/R轴,北中区,2.37,0.77,,269550.0,103250.0,A-DOOR
1310,X-HLP3-AR-F3-LAY-02-001,双扇防火门,双扇平开防火门_带观察窗 - FM甲1223-4642656-LAY-2F-1_500-A,,,X/Y轴,北区,,,,256400.0,154700.0,A-DOOR
1311,X-HLP3-AR-F3-LAY-02-001,双扇防火门,双扇平开防火门_带观察窗 - KBM1223-4795271-LAY-2F-1_500-A,,,X/Y轴,北区,,,,261300.0,154700.0,A-DOOR
1312,X-HLP3-AR-F3-LAY-02-001,单扇防火门,单扇平开防火门_带观察窗 - FM甲1123-4703358-LAY-2F-1_500-A,,,X/Y轴,北区,,,,253850.0,154700.0,A-DOOR
1313,X-HLP3-AR-F3-LAY-02-001,单扇防火门,单扇平开防火门_带观察窗 - FM乙1123-4703410-LAY-2F-1_500-A,,,A/B轴,南区,,,,253950.0,3700.0,A-DOOR
1314,X-HLP3-AR-F3-LAY-02-001,双扇防火门,双扇平开防火门_带观察窗 - FM甲1523-4643333-LAY-2F-1_500-A,,,X/Y轴,北区,,,,252400.0,152950.0,A-DOOR
1315,X-HLP3-AR-F3-LAY-02-001,门,双扇平开门1 - GM1523-4718479-LAY-2F-1_500-A,,,V/W轴,北区,,,,260000.0,142950.0,A-DOOR
1316,X-HLP3-AR-F3-LAY-02-001,双扇防火门,双扇平开防火门_带观察窗 - FM甲1223-4642740-LAY-2F-1_500-A,,,F/G轴,南区,,,,277100.0,39400.0,A-DOOR
1317,X-HLP3-AR-F3-LAY-02-001,双扇防火门,双扇平开防火门_带观察窗 - FM甲1223-4642740-LAY-2F-1_500-A,,,F/G轴,南区,,,,278900.0,39400.0,A-DOOR
1318,X-HLP3-AR-F3-LAY-02-001,双扇防火门,双扇平开防火门_带观察窗 - FM甲1223-4643343-LAY-2F-1_500-A,,,A/B轴,南区,,,,252100.0,5600.0,A-DOOR
1319,X-HLP3-AR-F3-LAY-02-001,单扇防火门,单扇平开防火门_带观察窗 - GM1123-4703414-LAY-2F-1_500-A,,,A/B轴,南区,,,,258550.0,3700.0,A-DOOR
1320,X-HLP3-AR-F3-LAY-02-001,双扇防火门,双扇平开防火门_带观察窗 - KBM2427-4644361-LAY-2F-1_500-A,,,W/X轴,北区,,,,264375.0,146650.0,A-DOOR
1321,X-HLP3-AR-F3-LAY-02-001,双扇防火门,双扇平开防火门_带观察窗 - FM甲1223-4642656-LAY-2F-1_500-A,,,X/Y轴,北区,,,,259050.0,154700.0,A-DOOR
1322,X-HLP3-AR-F3-LAY-02-001,双扇防火门,双扇平开防火门_带观察窗 - KBM1223-4644379-LAY-2F-1_500-A,,,X/Y轴,北区,,,,264350.0,155700.0,A-DOOR
1323,X-HLP3-AR-F3-LAY-02-001,单扇防火门,单扇平开防火门_带观察窗 - FM甲1123-4703329-LAY-2F-1_500-A,,,U/V轴,北中区,,,,269550.0,135250.0,A-DOOR
1324,X-HLP3-AR-F3-LAY-02-001,窗,三列窗 - XC3612-4606075-LAY-2F-1_500-A,MD 1200x2200 DCC-F*2,DCC-F*2,A轴,南区,1.20,2.20,,27000.0,-325.0,A-GLAZ
1325,X-HLP3-AR-F3-LAY-02-001,窗,三列窗 - XC3612-V39-LAY-2F-1_500-A,MD 1200x2200 DCC-F*2,DCC-F*2,A轴,南区,1.20,2.20,,55800.0,-325.0,A-GLAZ
1326,X-HLP3-AR-F3-LAY-02-001,窗,三列窗 - XC3612-4606075-LAY-2F-1_500-A,MD 1200x2200 DCC-F*2,DCC-F*2,A轴,南区,1.20,2.20,,84600.0,-325.0,A-GLAZ
1327,X-HLP3-AR-F3-LAY-02-001,窗,三列窗 - XC3612-V39-LAY-2F-1_500-A,MD 1200x2200 DCC-F*2,DCC-F*2,A轴,南区,1.20,2.20,,113400.0,-325.0,A-GLAZ
1328,X-HLP3-AR-F3-LAY-02-001,窗,三列窗 - XC3612-V39-LAY-2F-1_500-A,MD 1200x2200 DCC-F,DCC-F,A轴,南区,1.20,2.20,,142200.0,-325.0,A-GLAZ
1329,X-HLP3-AR-F3-LAY-02-001,窗,三列窗 - XC3612-V39-LAY-2F-1_500-A,MD 1200x2200 DCC-F*2,DCC-F*2,A轴,南区,1.20,2.20,,171000.0,-325.0,A-GLAZ
1330,X-HLP3-AR-F3-LAY-02-001,窗,三列窗 - XC3612-V39-LAY-2F-1_500-A,MD 1200x2200 DCC-F*2,DCC-F*2,A轴,南区,1.20,2.20,,199800.0,-325.0,A-GLAZ
1331,X-HLP3-AR-F3-LAY-02-001,窗,三列窗 - XC3612-V39-LAY-2F-1_500-A,MD 1200x2200 DCC-F,DCC-F,A轴,南区,1.20,2.20,,228600.0,-325.0,A-GLAZ
1332,X-HLP3-AR-F3-LAY-02-001,窗,三列窗 - XC3612-4606069-LAY-2F-1_500-A,3500x2300(左) DCC-F,DCC-F,X/Y轴,北区,3.50,2.30,左,55800.0,158725.0,A-GLAZ
1333,X-HLP3-AR-F3-LAY-02-001,窗,三列窗 - XC3612-V40-LAY-2F-1_500-A,3500x2300(左) DCC-F,DCC-F,X/Y轴,北区,3.50,2.30,左,84600.0,158725.0,A-GLAZ
1334,X-HLP3-AR-F3-LAY-02-001,窗,三列窗 - XC3612-V40-LAY-2F-1_500-A,MD 1200x2200 DCC-F,DCC-F,X/Y轴,北区,1.20,2.20,,113400.0,158725.0,A-GLAZ
1335,X-HLP3-AR-F3-LAY-02-001,窗,三列窗 - XC3612-V41-LAY-2F-1_500-A,3500x2300(左) DCC-F*2,DCC-F*2,X/Y轴,北区,3.50,2.30,左,142200.0,158725.0,A-GLAZ
1336,X-HLP3-AR-F3-LAY-02-001,窗,三列窗 - XC3612-V41-LAY-2F-1_500-A,3500x2300(左) DCC-F,DCC-F,X/Y轴,北区,3.50,2.30,左,171000.0,158725.0,A-GLAZ
1337,X-HLP3-AR-F3-LAY-02-001,窗,三列窗 - XC3612-V41-LAY-2F-1_500-A,MD 1200x2200 DCC-F,DCC-F,X/Y轴,北区,1.20,2.20,,199800.0,158725.0,A-GLAZ
1338,X-HLP3-AR-F3-LAY-02-001,窗,三列窗 - XC3612-V41-LAY-2F-1_500-A,3500x2300(左) DCC-F,DCC-F,X/Y轴,北区,3.50,2.30,左,228600.0,158725.0,A-GLAZ
1339,X-HLP3-AR-F3-LAY-02-001,窗,单扇窗 - XPYC1212-4534986-LAY-2F-1_500-A,,,X/Y轴,北区,,,,252800.0,158730.0,A-GLAZ
1340,X-HLP3-AR-F3-LAY-02-001,窗,单扇窗 - XC1212-4534988-LAY-2F-1_500-A,,,M/N轴,北中区,,,,292955.0,81000.0,A-GLAZ
1341,X-HLP3-AR-F3-LAY-02-001,双扇防火门,双扇平开防火门_带观察窗 - FM甲1223-4642656-LAY-2F-1_500-A,2850x1800(右) DCC-C*2,DCC-C*2,R/S轴,北中区,2.85,1.80,右,14400.0,112500.0,A-DOOR
1342,X-HLP3-AR-F3-LAY-02-001,双扇防火门,双扇平开防火门_带观察窗 - FM甲1223-4642656-LAY-2F-1_500-A,2850x2600(右) DCC-E*2,DCC-E*2,R/S轴,北中区,2.85,2.60,右,14400.0,110700.0,A-DOOR
1343,X-HLP3-AR-F3-LAY-02-001,单扇防火门,单扇平开防火门_带观察窗 - FM乙1123-4703410-LAY-2F-1_500-A,2850x2300(右) DCC-D,DCC-D,R/S轴,北中区,2.85,2.30,右,18325.0,114475.0,A-DOOR
1344,X-HLP3-AR-F3-LAY-02-001,楼板洞口,楼板洞口-A - H-无翻边-3920029-LAY-2F-1_500-A,2000x2300(右) DCC-B,DCC-B,Q/R轴,北中区,2.00,2.30,右,233975.0,107975.0,A-GENM
1345,X-HLP3-AR-F3-LAY-02-001,楼板洞口,楼板洞口-A - H-无翻边-3884558-LAY-2F-1_500-A,2850x2300(右) DCC-E*2,DCC-E*2,F/G轴,南区,2.85,2.30,右,121325.0,43200.0,A-GENM
1346,X-HLP3-AR-F3-LAY-02-001,单扇防火门,单扇平开防火门_带观察窗 - FM甲1123-4703356-LAY-2F-1_500-A,,,F/G轴,南区,,,,279800.0,41850.0,A-DOOR
1347,X-HLP3-AR-F3-LAY-02-001,楼板洞口,楼板洞口-A - H-无翻边-V42-LAY-2F-1_500-A,2850x2300(左) DCC-D,DCC-D,G/H轴,南中区,2.85,2.30,左,233975.0,45500.0,A-GENM
1348,X-HLP3-AR-F3-LAY-02-001,楼板洞口,楼板洞口-A - H-无翻边-3890946-LAY-2F-1_500-A,2850x2300(右) DCC-D*2,DCC-D*2,F/G轴,南区,2.85,2.30,右,178725.0,43825.0,A-GENM
1349,X-HLP3-AR-F3-LAY-02-001,楼板洞口,楼板洞口-A - H-无翻边-V43-LAY-2F-1_500-A,2850x2300(右) DCC-D*2,DCC-D*2,F/G轴,南区,2.85,2.30,右,72225.0,43200.0,A-GENM
1350,X-HLP3-AR-F3-LAY-02-001,楼板洞口,楼板洞口-A - H-无翻边-V44-LAY-2F-1_500-A,2850x2300(右) DCC-D*2,DCC-D*2,G/H轴,南中区,2.85,2.30,右,17175.0,45500.0,A-GENM
1351,X-HLP3-AR-F3-LAY-02-001,楼板洞口,楼板洞口-A - H-无翻边-V45-LAY-2F-1_500-A,2850x2600(右) DCC-E*2,DCC-E*2,Q/R轴,北中区,2.85,2.60,右,17175.0,107975.0,A-GENM
1352,X-HLP3-AR-F3-LAY-02-001,楼板洞口,楼板洞口-A - H-无翻边-V43-LAY-2F-1_500-A,2000x2600(右) DCC-C*2,DCC-C*2,Q/R轴,北中区,2.00,2.60,右,72225.0,108000.0,A-GENM
1353,X-HLP3-AR-F3-LAY-02-001,楼板洞口,楼板洞口-A - H-无翻边-3884558-LAY-2F-1_500-A,2850x2300(左) DCC,DCC,Q/R轴,北中区,2.85,2.30,左,121325.0,108000.0,A-GENM
1354,X-HLP3-AR-F3-LAY-02-001,楼板洞口,楼板洞口-A - H-无翻边-3884558-LAY-2F-1_500-A,2850x2300(左) DCC,DCC,Q/R轴,北中区,2.85,2.30,左,178925.0,108000.0,A-GENM
1355,X-HLP3-AR-F3-LAY-02-001,窗,单扇窗 - XPYC1212-4534990-LAY-2F-1_500-A,,,A轴,南区,,,,252800.0,-330.0,A-GLAZ
1356,X-HLP3-AR-F3-LAY-02-001,楼板洞口,楼板洞口-A - F01-翻边100-4495548-LAY-2F-1_500-A,,,V/W轴,北区,,,,245000.0,144600.0,A-GENM
1357,X-HLP3-AR-F3-LAY-02-001,门,双扇平开门1 - GM1523-4718480-LAY-2F-1_500-A,,,V/W轴,北区,,,,260000.0,145050.0,A-DOOR
1358,X-HLP3-AR-F3-LAY-02-001,楼板洞口,楼板洞口-A - F01-无翻边-3906482-LAY-2F-1_500-A,,,N/P轴,北中区,,,,245000.0,93900.0,A-GENM
1359,X-HLP3-AR-F3-LAY-02-001,楼板洞口,楼板洞口-A - F01-无翻边-4493804-LAY-2F-1_500-A,2850x2300(右) DCC-D,DCC-D,Q/R轴,北中区,2.85,2.30,右,245000.0,108300.0,A-GENM
1360,X-HLP3-AR-F3-LAY-02-001,楼板洞口,楼板洞口-A - F01-无翻边-3906483-LAY-2F-1_500-A,2000x2300(右) DCC-B,DCC-B,Q/R轴,北中区,2.00,2.30,右,245000.0,104600.0,A-GENM
1361,X-HLP3-AR-F3-LAY-02-001,楼板洞口,楼板洞口-A - F01-无翻边-V46-LAY-2F-1_500-A,,,M/N轴,北中区,,,,245000.0,86700.0,A-GENM
1362,X-HLP3-AR-F3-LAY-02-001,楼板洞口,楼板洞口-A - F01-无翻边-3906482-LAY-2F-1_500-A,2400x1300(右) DCC,DCC,L/M轴,北中区,2.40,1.30,右,245000.0,79500.0,A-GENM
1363,X-HLP3-AR-F3-LAY-02-001,楼板洞口,楼板洞口-A - F01-无翻边-V46-LAY-2F-1_500-A,2400x1300(右) DCC,DCC,K/L轴,南中区,2.40,1.30,右,245000.0,72300.0,A-GENM
1364,X-HLP3-AR-F3-LAY-02-001,楼板洞口,楼板洞口-A - F01-无翻边-V47-LAY-2F-1_500-A,2400x1300(右) DCC,DCC,J/K轴,南中区,2.40,1.30,右,245000.0,65100.0,A-GENM
1365,X-HLP3-AR-F3-LAY-02-001,楼板洞口,楼板洞口-A - F01-无翻边-V47-LAY-2F-1_500-A,2400x1300(右) DCC,DCC,H/J轴,南中区,2.40,1.30,右,245000.0,57900.0,A-GENM
1366,X-HLP3-AR-F3-LAY-02-001,楼板洞口,楼板洞口-A - F01-翻边300-4495428-LAY-2F-1_500-A,,,C/D轴,南区,,,,274200.0,20650.0,A-GENM
1367,X-HLP3-AR-F3-LAY-02-001,双扇防火门,双扇平开防火门_带观察窗 - KBM2427-4644361-LAY-2F-1_500-A,,,X/Y轴,北区,,,,264375.0,153300.0,A-DOOR
1368,X-HLP3-AR-F3-LAY-02-001,单扇防火门,单扇平开防火门_带观察窗 - FM甲1123-4703356-LAY-2F-1_500-A,,,C/D轴,南区,,,,290750.0,22100.0,A-DOOR
1369,X-HLP3-AR-F3-LAY-02-001,单扇防火门,单扇平开防火门_带观察窗 - FM甲1123-V48-LAY-2F-1_500-A,,,E/F轴,南区,,,,290625.0,36400.38,A-DOOR
1370,X-HLP3-AR-F3-LAY-02-001,双扇防火门,双扇平开防火门_带观察窗 - FM甲1523_3H_-4964460-LAY-2F-1_500-A,,,D/E轴,南区,,,,292725.0,27100.0,A-DOOR
1371,X-HLP3-AR-F3-LAY-02-001,窗,三列窗 - XC3612_A_-4606072-LAY-2F-1_500-A,2850x2300(右) DCC-D,DCC-D,F/G轴,南区,2.85,2.30,右,-150.0,37800.0,A-GLAZ
1372,X-HLP3-AR-F3-LAY-02-001,窗,三列窗 - XC3612_A_-V49-LAY-2F-1_500-A,2850x2600(右) DCC-E*2,DCC-E*2,S/T轴,北中区,2.85,2.60,右,-150.0,120600.0,A-GLAZ
1373,X-HLP3-AR-F3-LAY-02-001,窗,单扇窗 - XC1212-4534988-LAY-2F-1_500-A,,,S/T轴,北中区,,,,292955.0,117000.0,A-GLAZ
1374,X-HLP3-AR-F3-LAY-02-001,楼板洞口,楼板洞口-A - F03-翻边100-4033502-LAY-2F-1_500-A,,,V/W轴,北区,,,,271300.0,144600.0,A-GENM
1375,X-HLP3-AR-F3-LAY-02-001,楼板洞口,楼板洞口-A - F03-翻边100-V50-LAY-2F-1_500-A,,,U/V轴,北中区,,,,258200.0,133000.0,A-GENM
1376,X-HLP3-AR-F3-LAY-02-001,楼板洞口,楼板洞口-A - F03-翻边100-4493737-LAY-2F-1_500-A,,,S/T轴,北中区,,,,274200.0,122700.0,A-GENM
1377,X-HLP3-AR-F3-LAY-02-001,楼板洞口,楼板洞口-A - F03-翻边100-4034100-LAY-2F-1_500-A,,,N/P轴,北中区,,,,281600.0,92800.0,A-GENM
1378,X-HLP3-AR-F3-LAY-02-001,楼板洞口,楼板洞口-A - F03-翻边100-4494795-LAY-2F-1_500-A,,,N/P轴,北中区,,,,273900.0,94200.0,A-GENM
1379,X-HLP3-AR-F3-LAY-02-001,楼板洞口,楼板洞口-A - F03-翻边100-4034564-LAY-2F-1_500-A,,,K/L轴,南中区,,,,268900.0,72300.0,A-GENM
1380,X-HLP3-AR-F3-LAY-02-001,楼板洞口,楼板洞口-A - F03-翻边100-4034564-LAY-2F-1_500-A,,,J/K轴,南中区,,,,268900.0,65100.0,A-GENM
1381,X-HLP3-AR-F3-LAY-02-001,楼板洞口,楼板洞口-A - F01-无翻边-4499167-LAY-2F-1_500-A,2365x765 DCC,DCC,S/T轴,北中区,2.37,0.77,,274300.0,118900.0,A-GENM
1382,X-HLP3-AR-F3-LAY-02-001,其他,混凝土雨棚1 - 混凝土雨棚-300mm-2000 2-4360904-LAY-2F-1_500-A,3500x2300(右) DCC-F,DCC-F,A轴,南区,3.50,2.30,右,149275.0,-650.0,A-GENM
1383,X-HLP3-AR-F3-LAY-02-001,其他,混凝土雨棚1 - 混凝土雨棚-300mm-2000 2-4311655-LAY-2F-1_500-A,3500x2300(左) DCC-F,DCC-F,A轴,南区,3.50,2.30,左,127500.0,-650.0,A-GENM
1384,X-HLP3-AR-F3-LAY-02-001,其他,混凝土雨棚1 - 混凝土雨棚-300mm-2000 2-V51-LAY-2F-1_500-A,3500x2300(左) DCC-F*2,DCC-F*2,A轴,南区,3.50,2.30,左,54000.0,-650.0,A-GENM
1385,X-HLP3-AR-F3-LAY-02-001,其他,混凝土雨棚1 - 混凝土雨棚-300mm-2000 2-4311657-LAY-2F-1_500-A,3500x2300(左) DCC-F*2,DCC-F*2,A轴,南区,3.50,2.30,左,25000.0,-650.0,A-GENM
1386,X-HLP3-AR-F3-LAY-02-001,其他,混凝土雨棚1 - 混凝土雨棚-300mm-2000 2-4311651-LAY-2F-1_500-A,3500x2300(左) DCC-F,DCC-F,X/Y轴,北区,3.50,2.30,左,118800.0,159050.0,A-GENM
1387,X-HLP3-AR-F3-LAY-02-001,其他,混凝土雨棚1 - 混凝土雨棚-300mm-2000 2-4430288-LAY-2F-1_500-A,3500x2300(左) DCC-F,DCC-F,X/Y轴,北区,3.50,2.30,左,235050.0,159050.0,A-GENM
1388,X-HLP3-AR-F3-LAY-02-001,其他,混凝土雨棚1 - 混凝土雨棚-300mm-2000 2-4311660-LAY-2F-1_500-A,3500x2300(左) DCC-F,DCC-F,X/Y轴,北区,3.50,2.30,左,242487.5,159050.0,A-GENM
1389,X-HLP3-AR-F3-LAY-02-001,其他,混凝土雨棚1 - 混凝土雨棚-300mm-2000 2-4311661-LAY-2F-1_500-A,2850x2300(右) DCC-D,DCC-D,E/F轴,南区,2.85,2.30,右,-300.0,36712.5,A-GENM
1390,X-HLP3-AR-F3-LAY-02-001,双扇防火门,双扇平开防火门_带观察窗 - FM甲2530-4643137-LAY-2F-1_500-A,2365x1165（右） DCC,DCC,F/G轴,南区,2.37,1.17,右,271375.0,42700.0,A-DOOR
1391,X-HLP3-AR-F3-LAY-02-001,单扇防火门,单扇平开防火门_带观察窗 - FM甲1123-4703391-LAY-2F-1_500-A,,,J/K轴,南中区,,,,269550.0,63450.0,A-DOOR
1392,X-HLP3-AR-F3-LAY-02-001,楼板洞口,楼板洞口-A - F01-无翻边-4496217-LAY-2F-1_500-A,,,U/V轴,北中区,,,,267850.0,137400.0,A-GENM
1393,X-HLP3-AR-F3-LAY-02-001,楼板洞口,楼板洞口-A - F01-无翻边-4499192-LAY-2F-1_500-A,,,M/N轴,北中区,,,,273900.0,82800.0,A-GENM
1394,X-HLP3-AR-F3-LAY-02-001,其他,混凝土雨棚1 - 混凝土雨棚-500x5500-4382462-LAY-2F-1_500-A,500x5500,,A/B轴,南区,0.50,5.50,,293100.0,6425.0,A-GENM
1395,X-HLP3-AR-F3-LAY-02-001,窗,单扇固定窗 - C1212-4882769-LAY-2F-1_500-A,MD 1200x2200 DCC-F*2,DCC-F*2,A轴,南区,1.20,2.20,,25840.0,195.0,A-GLAZ
1396,X-HLP3-AR-F3-LAY-02-001,窗,单扇固定窗 - C1212-4882769-LAY-2F-1_500-A,MD 1200x2200 DCC-F*2,DCC-F*2,A轴,南区,1.20,2.20,,83440.0,195.0,A-GLAZ
1397,X-HLP3-AR-F3-LAY-02-001,窗,单扇固定窗 - C1212-4882769-LAY-2F-1_500-A,MD 1200x2200 DCC-F,DCC-F,A轴,南区,1.20,2.20,,112240.0,195.0,A-GLAZ
1398,X-HLP3-AR-F3-LAY-02-001,窗,单扇固定窗 - C1212-4882769-LAY-2F-1_500-A,MD 1200x2200 DCC-F,DCC-F,A轴,南区,1.20,2.20,,141040.0,195.0,A-GLAZ
1399,X-HLP3-AR-F3-LAY-02-001,窗,单扇固定窗 - C1212-4882769-LAY-2F-1_500-A,MD 1200x2200 DCC-F*2,DCC-F*2,A轴,南区,1.20,2.20,,169840.0,195.0,A-GLAZ
1400,X-HLP3-AR-F3-LAY-02-001,窗,单扇固定窗 - C1212-4882769-LAY-2F-1_500-A,MD 1200x2200 DCC-F*2,DCC-F*2,A轴,南区,1.20,2.20,,198640.0,195.0,A-GLAZ
1401,X-HLP3-AR-F3-LAY-02-001,窗,单扇固定窗 - C1212-4882769-LAY-2F-1_500-A,MD 1200x2200 DCC-F,DCC-F,A轴,南区,1.20,2.20,,227440.0,195.0,A-GLAZ
1402,X-HLP3-AR-F3-LAY-02-001,其他,文件柜 - 风淋-1200X400-4185242-LAY-2F-1_500-A,1200x400 2365x1165（右） DCC,DCC,B/C轴,南区,1.20,0.40,右,245400.0,13400.0,I-FURN
1403,X-HLP3-AR-F3-LAY-02-001,其他,文件柜 - 风淋-1200X400-4185242-LAY-2F-1_500-A,1200x400 2365x1165（右） DCC,DCC,B/C轴,南区,1.20,0.40,右,246600.0,13400.0,I-FURN
1404,X-HLP3-AR-F3-LAY-02-001,其他,文件柜 - 风淋-1200X400-4185242-LAY-2F-1_500-A,1200x400 2365x1165（右） DCC,DCC,B/C轴,南区,1.20,0.40,右,247800.0,13400.0,I-FURN
1405,X-HLP3-AR-F3-LAY-02-001,其他,文件柜 - 风淋-1200X400-4185242-LAY-2F-1_500-A,1200x400 2365x1165（右） DCC,DCC,B/C轴,南区,1.20,0.40,右,249000.0,13400.0,I-FURN
1406,X-HLP3-AR-F3-LAY-02-001,其他,文件柜 - 风淋-1200X400-4185242-LAY-2F-1_500-A,1200x400 2365x1165（右） DCC,DCC,B/C轴,南区,1.20,0.40,右,250200.0,13400.0,I-FURN
1407,X-HLP3-AR-F3-LAY-02-001,其他,文件柜 - 风淋-1200X400-4185242-LAY-2F-1_500-A,1200x400 2365x1165（右） DCC,DCC,B/C轴,南区,1.20,0.40,右,251400.0,13400.0,I-FURN
1408,X-HLP3-AR-F3-LAY-02-001,其他,文件柜 - 风淋-1200X400-4185242-LAY-2F-1_500-A,1200x400 2365x1165（右） DCC,DCC,B/C轴,南区,1.20,0.40,右,252600.0,13400.0,I-FURN
1409,X-HLP3-AR-F3-LAY-02-001,其他,文件柜 - 风淋-1200X400-4185242-LAY-2F-1_500-A,1200x400 2365x1165（右） DCC,DCC,B/C轴,南区,1.20,0.40,右,253800.0,13400.0,I-FURN
1410,X-HLP3-AR-F3-LAY-02-001,其他,文件柜 - 风淋-1200X400-4185242-LAY-2F-1_500-A,1200x400 3500x2300(右) DCC-F*2,DCC-F*2,A/B轴,南区,1.20,0.40,右,245400.0,8200.0,I-FURN
1411,X-HLP3-AR-F3-LAY-02-001,其他,文件柜 - 风淋-1200X400-4185242-LAY-2F-1_500-A,1200x400 3500x2300(右) DCC-F*2,DCC-F*2,A/B轴,南区,1.20,0.40,右,246600.0,8200.0,I-FURN
1412,X-HLP3-AR-F3-LAY-02-001,其他,文件柜 - 风淋-1200X400-4185242-LAY-2F-1_500-A,1200x400 3500x2300(右) DCC-F*2,DCC-F*2,A/B轴,南区,1.20,0.40,右,247800.0,8200.0,I-FURN
1413,X-HLP3-AR-F3-LAY-02-001,其他,文件柜 - 风淋-1200X400-4185242-LAY-2F-1_500-A,1200x400,,A/B轴,南区,1.20,0.40,,249000.0,8200.0,I-FURN
1414,X-HLP3-AR-F3-LAY-02-001,其他,文件柜 - 风淋-1200X400-4185242-LAY-2F-1_500-A,1200x400,,A/B轴,南区,1.20,0.40,,250200.0,8200.0,I-FURN
1415,X-HLP3-AR-F3-LAY-02-001,其他,文件柜 - 风淋-1200X400-4185242-LAY-2F-1_500-A,1200x400,,A/B轴,南区,1.20,0.40,,251400.0,8200.0,I-FURN
1416,X-HLP3-AR-F3-LAY-02-001,其他,文件柜 - 风淋-1200X400-4185242-LAY-2F-1_500-A,1200x400,,A/B轴,南区,1.20,0.40,,252600.0,8200.0,I-FURN
1417,X-HLP3-AR-F3-LAY-02-001,其他,文件柜 - 风淋-1200X400-4185242-LAY-2F-1_500-A,1200x400,,A/B轴,南区,1.20,0.40,,253800.0,8200.0,I-FURN
1418,X-HLP3-AR-F3-LAY-02-001,卷帘门,墙外卷帘门1 - FJLM4030_常闭_利旧F2_-4446911-LAY-2F-1_500-A,2365x1165（右） DCC,DCC,B/C轴,南区,2.37,1.17,右,244400.0,10800.0,A-DOOR
1419,X-HLP3-AR-F3-LAY-02-001,门,坐便器带厕所隔断 内开门 - 坐便器带厕所隔断 内开门-3762917-LAY-2F-1_500-A,,,A轴,南区,,,,263265.0,600.0,A-GENM
1420,X-HLP3-AR-F3-LAY-02-001,门,坐便器带厕所隔断 内开门 - 坐便器带厕所隔断 内开门-V52-LAY-2F-1_500-A,,,A轴,南区,,,,262265.0,600.0,A-GENM
1421,X-HLP3-AR-F3-LAY-02-001,其他,立式小便器-带隔板_左右可选 - 标准-3872505-LAY-2F-1_500-A,,,A/B轴,南区,,,,262675.0,3700.0,P-SANR-FIXT
1422,X-HLP3-AR-F3-LAY-02-001,其他,立式小便器-带隔板_左右可选 - 标准-3881839-LAY-2F-1_500-A,,,A/B轴,南区,,,,263575.0,3700.0,P-SANR-FIXT
1423,X-HLP3-AR-F3-LAY-02-001,其他,立式小便器-带隔板_左右可选 - 标准-V53-LAY-2F-1_500-A,,,A/B轴,南区,,,,261775.0,3700.0,P-SANR-FIXT
1424,X-HLP3-AR-F3-LAY-02-001,其他,洗脸盆-多个有台面有墙 2D - 1800-3767988-LAY-2F-1_500-A,,,A轴,南区,,,,259400.0,475.0,P-SANR-FIXT
1425,X-HLP3-AR-F3-LAY-02-001,其他,单个圆形有台面台盆 - 单个圆形有台面台盆-3767995-LAY-2F-1_500-A,,,A/B轴,南区,,,,259300.0,1850.0,P-SANR-FIXT
1426,X-HLP3-AR-F3-LAY-02-001,其他,单个圆形有台面台盆 - 单个圆形有台面台盆-3767995-LAY-2F-1_500-A,,,A轴,南区,,,,259300.0,1150.0,P-SANR-FIXT
1427,X-HLP3-AR-F3-LAY-02-001,其他,洗脸盆-多个有台面有墙 2D - 1800-V54-LAY-2F-1_500-A,,,A/B轴,南区,,,,259400.0,2525.0,P-SANR-FIXT
1428,X-HLP3-AR-F3-LAY-02-001,其他,单个圆形有台面台盆 - 单个圆形有台面台盆-3767995-LAY-2F-1_500-A,,,A轴,南区,,,,259500.0,1150.0,P-SANR-FIXT
1429,X-HLP3-AR-F3-LAY-02-001,其他,单个圆形有台面台盆 - 单个圆形有台面台盆-3767995-LAY-2F-1_500-A,,,A/B轴,南区,,,,259500.0,1850.0,P-SANR-FIXT
1430,X-HLP3-AR-F3-LAY-02-001,单扇防火门,单扇平开防火门_带观察窗 - GM0818-4841565-LAY-2F-1_500-A,,,A轴,南区,,,,256050.0,-325.0,A-DOOR
1431,X-HLP3-AR-F3-LAY-02-001,双扇防火门,双扇平开防火门_带观察窗 - FM甲2530-4644859-LAY-2F-1_500-A,2365x1165 DCC,DCC,C/D轴,南区,2.37,1.17,,271400.0,20400.0,A-DOOR
1432,X-HLP3-AR-F3-LAY-02-001,门,单扇平开门1 - FM乙0620-4228895-LAY-2F-1_500-A,,,E/F轴,南区,,,,284000.0,36400.38,A-DOOR
1433,X-HLP3-AR-F3-LAY-02-001,消防,室内消火栓箱_带灭火器__左右式_ - SG24D65-P-4294461-LAY-2F-1_500-A,3500x2300(左) DCC-F,DCC-F,A/B轴,南区,3.50,2.30,左,14800.0,7250.0,M-EQPM
1434,X-HLP3-AR-F3-LAY-02-001,消防,室内消火栓箱_带灭火器__左右式_ - SG24D65-P-V55-LAY-2F-1_500-A,2365*965 DCC,DCC,C/D轴,南区,2.37,0.96,,29200.0,21650.0,M-EQPM
1435,X-HLP3-AR-F3-LAY-02-001,消防,室内消火栓箱_带灭火器__左右式_ - SG24D65-P-V55-LAY-2F-1_500-A,100X100 DCC-F,DCC-F,A/B轴,南区,0.10,0.10,,36400.0,7250.0,M-EQPM
1436,X-HLP3-AR-F3-LAY-02-001,消防,室内消火栓箱_带灭火器__左右式_ - SG24D65-P-V55-LAY-2F-1_500-A,MD 1200x2200 DCC-F,DCC-F,A/B轴,南区,1.20,2.20,,58000.0,7250.0,M-EQPM
1437,X-HLP3-AR-F3-LAY-02-001,消防,室内消火栓箱_带灭火器__左右式_ - SG24D65-P-V55-LAY-2F-1_500-A,,,C/D轴,南区,,,,65200.0,21650.0,M-EQPM
1438,X-HLP3-AR-F3-LAY-02-001,消防,室内消火栓箱_带灭火器__左右式_ - SG24D65-P-V55-LAY-2F-1_500-A,3500x2300(左) DCC-F,DCC-F,A/B轴,南区,3.50,2.30,左,79600.0,7250.0,M-EQPM
1439,X-HLP3-AR-F3-LAY-02-001,消防,室内消火栓箱_带灭火器__左右式_ - SG24D65-P-V55-LAY-2F-1_500-A,,,C/D轴,南区,,,,94000.0,21650.0,M-EQPM
1440,X-HLP3-AR-F3-LAY-02-001,消防,室内消火栓箱_带灭火器__左右式_ - SG24D65-P-V55-LAY-2F-1_500-A,3500x2300(左) DCC-F,DCC-F,A/B轴,南区,3.50,2.30,左,101200.0,7250.0,M-EQPM
1441,X-HLP3-AR-F3-LAY-02-001,消防,室内消火栓箱_带灭火器__左右式_ - SG24D65-P-V55-LAY-2F-1_500-A,MD 1200x2200 DCC-F*2,DCC-F*2,A/B轴,南区,1.20,2.20,,115600.0,7250.0,M-EQPM
1442,X-HLP3-AR-F3-LAY-02-001,消防,室内消火栓箱_带灭火器__左右式_ - SG24D65-P-V55-LAY-2F-1_500-A,3500x2300(左) DCC-F,DCC-F,A/B轴,南区,3.50,2.30,左,137200.0,7250.0,M-EQPM
1443,X-HLP3-AR-F3-LAY-02-001,消防,室内消火栓箱_带灭火器__左右式_ - SG24D65-P-V55-LAY-2F-1_500-A,,,C/D轴,南区,,,,137200.0,21650.0,M-EQPM
1444,X-HLP3-AR-F3-LAY-02-001,消防,室内消火栓箱_带灭火器__左右式_ - SG24D65-P-V55-LAY-2F-1_500-A,3500x2300(右) DCC-F,DCC-F,A/B轴,南区,3.50,2.30,右,158800.0,7250.0,M-EQPM
1445,X-HLP3-AR-F3-LAY-02-001,消防,室内消火栓箱_带灭火器__左右式_ - SG24D65-P-V55-LAY-2F-1_500-A,MD 1200x2200 DCC-F,DCC-F,A/B轴,南区,1.20,2.20,,166000.0,7250.0,M-EQPM
1446,X-HLP3-AR-F3-LAY-02-001,消防,室内消火栓箱_带灭火器__左右式_ - SG24D65-P-V55-LAY-2F-1_500-A,3500x2300(右) DCC-F,DCC-F,A/B轴,南区,3.50,2.30,右,187600.0,7250.0,M-EQPM
1447,X-HLP3-AR-F3-LAY-02-001,消防,室内消火栓箱_带灭火器__左右式_ - SG24D65-P-V55-LAY-2F-1_500-A,,,C/D轴,南区,,,,187600.0,21650.0,M-EQPM
1448,X-HLP3-AR-F3-LAY-02-001,消防,室内消火栓箱_带灭火器__左右式_ - SG24D65-P-V55-LAY-2F-1_500-A,3500x2300(右) DCC-F,DCC-F,A/B轴,南区,3.50,2.30,右,209200.0,7250.0,M-EQPM
1449,X-HLP3-AR-F3-LAY-02-001,消防,室内消火栓箱_带灭火器__左右式_ - SG24D65-P-V55-LAY-2F-1_500-A,,,C/D轴,南区,,,,216400.0,21650.0,M-EQPM
1450,X-HLP3-AR-F3-LAY-02-001,消防,室内消火栓箱_带灭火器__左右式_ - SG24D65-P-V55-LAY-2F-1_500-A,3500x2300(右) DCC-F,DCC-F,A/B轴,南区,3.50,2.30,右,223600.0,7250.0,M-EQPM
1451,X-HLP3-AR-F3-LAY-02-001,消防,室内消火栓箱_带灭火器__左右式_ - SG24D65-P-V55-LAY-2F-1_500-A,3500x2300(右) DCC-F,DCC-F,A/B轴,南区,3.50,2.30,右,238000.0,7250.0,M-EQPM
1452,X-HLP3-AR-F3-LAY-02-001,消防,室内消火栓箱_带灭火器__左右式_ - SG24D65-P-V55-LAY-2F-1_500-A,2400x1300(右) DCC-C,DCC-C,F/G轴,南区,2.40,1.30,右,222925.0,42575.0,M-EQPM
1453,X-HLP3-AR-F3-LAY-02-001,消防,室内消火栓箱_带灭火器__左右式_ - SG24D65-P-V55-LAY-2F-1_500-A,2850x1800(左) DCC-C*2,DCC-C*2,F/G轴,南区,2.85,1.80,左,201325.0,42575.0,M-EQPM
1454,X-HLP3-AR-F3-LAY-02-001,消防,室内消火栓箱_带灭火器__左右式_ - SG24D65-P-V56-LAY-2F-1_500-A,2850x2300(右) DCC-D*2,DCC-D*2,F/G轴,南区,2.85,2.30,右,179075.0,42575.0,M-EQPM
1455,X-HLP3-AR-F3-LAY-02-001,消防,室内消火栓箱_带灭火器__左右式_ - SG24D65-P-V55-LAY-2F-1_500-A,2850x1800(右) DCC-C,DCC-C,F/G轴,南区,2.85,1.80,右,158125.0,42575.0,M-EQPM
1456,X-HLP3-AR-F3-LAY-02-001,消防,室内消火栓箱_带灭火器__左右式_ - SG24D65-P-V55-LAY-2F-1_500-A,2850x1800(左) DCC-C*2,DCC-C*2,F/G轴,南区,2.85,1.80,左,136525.0,42575.0,M-EQPM
1457,X-HLP3-AR-F3-LAY-02-001,消防,室内消火栓箱_带灭火器__左右式_ - SG24D65-P-V55-LAY-2F-1_500-A,2850x2300(右) DCC-D,DCC-D,F/G轴,南区,2.85,2.30,右,114925.0,42575.0,M-EQPM
1458,X-HLP3-AR-F3-LAY-02-001,消防,室内消火栓箱_带灭火器__左右式_ - SG24D65-P-4299218-LAY-2F-1_500-A,2850x2300(右) DCC-D*2,DCC-D*2,F/G轴,南区,2.85,2.30,右,93875.0,42575.0,M-EQPM
1459,X-HLP3-AR-F3-LAY-02-001,消防,室内消火栓箱_带灭火器__左右式_ - SG24D65-P-V57-LAY-2F-1_500-A,2850x2300(右) DCC-D*2,DCC-D*2,F/G轴,南区,2.85,2.30,右,74761.76,42575.0,M-EQPM
1460,X-HLP3-AR-F3-LAY-02-001,消防,室内消火栓箱_带灭火器__左右式_ - SG24D65-P-V55-LAY-2F-1_500-A,2850x2600(左) DCC-E*2,DCC-E*2,F/G轴,南区,2.85,2.60,左,50125.0,42575.0,M-EQPM
1461,X-HLP3-AR-F3-LAY-02-001,消防,室内消火栓箱_带灭火器__左右式_ - SG24D65-P-V55-LAY-2F-1_500-A,2850x2300(右) DCC-D,DCC-D,F/G轴,南区,2.85,2.30,右,28525.0,42575.0,M-EQPM
1462,X-HLP3-AR-F3-LAY-02-001,消防,室内消火栓箱_带灭火器__左右式_ - SG24D65-P-V57-LAY-2F-1_500-A,2000x2300(右) DCC-B*2,DCC-B*2,F/G轴,南区,2.00,2.30,右,10375.0,42575.0,M-EQPM
1463,X-HLP3-AR-F3-LAY-02-001,消防,室内消火栓箱_带灭火器__左右式_ - SG24D65-P-V58-LAY-2F-1_500-A,2850x2300(右) DCC-D,DCC-D,G/H轴,南中区,2.85,2.30,右,240800.0,46425.0,M-EQPM
1464,X-HLP3-AR-F3-LAY-02-001,消防,室内消火栓箱_带灭火器__左右式_ - SG24D65-P-4299218-LAY-2F-1_500-A,2000*2300(左) DCC-B,DCC-B,G/H轴,南中区,2.00,2.30,左,237717.06,51025.0,M-EQPM
1465,X-HLP3-AR-F3-LAY-02-001,消防,室内消火栓箱_带灭火器__左右式_ - SG24D65-P-4299218-LAY-2F-1_500-A,2850x2300(右) DCC-D*2,DCC-D*2,G/H轴,南中区,2.85,2.30,右,222925.0,51025.0,M-EQPM
1466,X-HLP3-AR-F3-LAY-02-001,消防,室内消火栓箱_带灭火器__左右式_ - SG24D65-P-4299218-LAY-2F-1_500-A,2850x2300(右) DCC,DCC,G/H轴,南中区,2.85,2.30,右,201325.0,51025.0,M-EQPM
1467,X-HLP3-AR-F3-LAY-02-001,消防,室内消火栓箱_带灭火器__左右式_ - SG24D65-P-V55-LAY-2F-1_500-A,2400x1300(右) DCC,DCC,K/L轴,南中区,2.40,1.30,右,202000.0,72050.0,M-EQPM
1468,X-HLP3-AR-F3-LAY-02-001,消防,室内消火栓箱_带灭火器__左右式_ - SG24D65-P-V55-LAY-2F-1_500-A,2400x1300(右) DCC,DCC,L/M轴,北中区,2.40,1.30,右,194450.0,78800.0,M-EQPM
1469,X-HLP3-AR-F3-LAY-02-001,消防,室内消火栓箱_带灭火器__左右式_ - SG24D65-P-V59-LAY-2F-1_500-A,2850x2300(右) DCC,DCC,G/H轴,南中区,2.85,2.30,右,179075.0,51025.0,M-EQPM
1470,X-HLP3-AR-F3-LAY-02-001,消防,室内消火栓箱_带灭火器__左右式_ - SG24D65-P-V55-LAY-2F-1_500-A,2400x1300(右) DCC,DCC,L/M轴,北中区,2.40,1.30,右,173200.0,79250.0,M-EQPM
1471,X-HLP3-AR-F3-LAY-02-001,消防,室内消火栓箱_带灭火器__左右式_ - SG24D65-P-4299218-LAY-2F-1_500-A,2850x2300(右) DCC,DCC,G/H轴,南中区,2.85,2.30,右,158125.0,51025.0,M-EQPM
1472,X-HLP3-AR-F3-LAY-02-001,消防,室内消火栓箱_带灭火器__左右式_ - SG24D65-P-V57-LAY-2F-1_500-A,,,L/M轴,北中区,,,,144405.0,79250.0,M-EQPM
1473,X-HLP3-AR-F3-LAY-02-001,消防,室内消火栓箱_带灭火器__左右式_ - SG24D65-P-4299218-LAY-2F-1_500-A,2850x2300(右) DCC,DCC,G/H轴,南中区,2.85,2.30,右,136525.0,51025.0,M-EQPM
1474,X-HLP3-AR-F3-LAY-02-001,消防,室内消火栓箱_带灭火器__左右式_ - SG24D65-P-V55-LAY-2F-1_500-A,,,L/M轴,北中区,,,,115600.0,79250.0,M-EQPM
1475,X-HLP3-AR-F3-LAY-02-001,消防,室内消火栓箱_带灭火器__左右式_ - SG24D65-P-V55-LAY-2F-1_500-A,,,L/M轴,北中区,,,,86800.0,79250.0,M-EQPM
1476,X-HLP3-AR-F3-LAY-02-001,消防,室内消火栓箱_带灭火器__左右式_ - SG24D65-P-V55-LAY-2F-1_500-A,,,L/M轴,北中区,,,,58000.0,79250.0,M-EQPM
1477,X-HLP3-AR-F3-LAY-02-001,消防,室内消火栓箱_带灭火器__左右式_ - SG24D65-P-4299218-LAY-2F-1_500-A,2850x2300(右) DCC,DCC,G/H轴,南中区,2.85,2.30,右,114925.0,51025.0,M-EQPM
1478,X-HLP3-AR-F3-LAY-02-001,消防,室内消火栓箱_带灭火器__左右式_ - SG24D65-P-4299218-LAY-2F-1_500-A,2850x2600(右) DCC-E*2,DCC-E*2,G/H轴,南中区,2.85,2.60,右,93325.0,51025.0,M-EQPM
1479,X-HLP3-AR-F3-LAY-02-001,消防,室内消火栓箱_带灭火器__左右式_ - SG24D65-P-V58-LAY-2F-1_500-A,2000x2600(右) DCC-J*2,DCC-J*2,G/H轴,南中区,2.00,2.60,右,73825.0,51025.0,M-EQPM
1480,X-HLP3-AR-F3-LAY-02-001,消防,室内消火栓箱_带灭火器__左右式_ - SG24D65-P-4299218-LAY-2F-1_500-A,2850x2600(右) DCC-E*2,DCC-E*2,G/H轴,南中区,2.85,2.60,右,50123.8,51025.0,M-EQPM
1481,X-HLP3-AR-F3-LAY-02-001,消防,室内消火栓箱_带灭火器__左右式_ - SG24D65-P-4299218-LAY-2F-1_500-A,2850x1800(右) DCC-C*2,DCC-C*2,G/H轴,南中区,2.85,1.80,右,28525.0,51025.0,M-EQPM
1482,X-HLP3-AR-F3-LAY-02-001,消防,室内消火栓箱_带灭火器__左右式_ - SG24D65-P-4299218-LAY-2F-1_500-A,,,J/K轴,南中区,,,,21200.0,64850.0,M-EQPM
1483,X-HLP3-AR-F3-LAY-02-001,消防,室内消火栓箱_带灭火器__左右式_ - SG24D65-P-V55-LAY-2F-1_500-A,,,L/M轴,北中区,,,,29200.0,79250.0,M-EQPM
1484,X-HLP3-AR-F3-LAY-02-001,消防,室内消火栓箱_带灭火器__左右式_ - SG24D65-P-4299218-LAY-2F-1_500-A,2850x2600(右) DCC-E*2,DCC-E*2,P/Q轴,北中区,2.85,2.60,右,7600.0,100750.0,M-EQPM
1485,X-HLP3-AR-F3-LAY-02-001,消防,室内消火栓箱_带灭火器__左右式_ - SG24D65-P-V55-LAY-2F-1_500-A,2850x2600(右) DCC-E*2,DCC-E*2,Q/R轴,北中区,2.85,2.60,右,35725.78,107375.0,M-EQPM
1486,X-HLP3-AR-F3-LAY-02-001,消防,室内消火栓箱_带灭火器__左右式_ - SG24D65-P-V55-LAY-2F-1_500-A,2000*2300(右) DCC-B,DCC-B,Q/R轴,北中区,2.00,2.30,右,57325.0,107375.0,M-EQPM
1487,X-HLP3-AR-F3-LAY-02-001,消防,室内消火栓箱_带灭火器__左右式_ - SG24D65-P-V55-LAY-2F-1_500-A,2850x1800(右) DCC-C*2,DCC-C*2,Q/R轴,北中区,2.85,1.80,右,78925.0,107375.0,M-EQPM
1488,X-HLP3-AR-F3-LAY-02-001,消防,室内消火栓箱_带灭火器__左右式_ - SG24D65-P-V55-LAY-2F-1_500-A,2850x1800(右) DCC-C*2,DCC-C*2,Q/R轴,北中区,2.85,1.80,右,100525.0,107375.0,M-EQPM
1489,X-HLP3-AR-F3-LAY-02-001,消防,室内消火栓箱_带灭火器__左右式_ - SG24D65-P-V58-LAY-2F-1_500-A,2850x2300(左) DCC,DCC,Q/R轴,北中区,2.85,2.30,左,120197.9,107375.0,M-EQPM
1490,X-HLP3-AR-F3-LAY-02-001,消防,室内消火栓箱_带灭火器__左右式_ - SG24D65-P-V55-LAY-2F-1_500-A,2850x2300(左) DCC,DCC,Q/R轴,北中区,2.85,2.30,左,143725.0,107375.0,M-EQPM
1491,X-HLP3-AR-F3-LAY-02-001,消防,室内消火栓箱_带灭火器__左右式_ - SG24D65-P-V55-LAY-2F-1_500-A,2850x2300(左) DCC,DCC,Q/R轴,北中区,2.85,2.30,左,165325.0,107375.0,M-EQPM
1492,X-HLP3-AR-F3-LAY-02-001,消防,室内消火栓箱_带灭火器__左右式_ - SG24D65-P-V57-LAY-2F-1_500-A,2000*2300(左) DCC,DCC,Q/R轴,北中区,2.00,2.30,左,191606.29,107375.0,M-EQPM
1493,X-HLP3-AR-F3-LAY-02-001,消防,室内消火栓箱_带灭火器__左右式_ - SG24D65-P-V58-LAY-2F-1_500-A,2850x2300(左) DCC,DCC,Q/R轴,北中区,2.85,2.30,左,209075.0,107370.0,M-EQPM
1494,X-HLP3-AR-F3-LAY-02-001,消防,室内消火栓箱_带灭火器__左右式_ - SG24D65-P-V58-LAY-2F-1_500-A,2850x2300(左) DCC,DCC,Q/R轴,北中区,2.85,2.30,左,228215.7,107370.0,M-EQPM
1495,X-HLP3-AR-F3-LAY-02-001,消防,室内消火栓箱_带灭火器__左右式_ - SG24D65-P-V57-LAY-2F-1_500-A,2400x1300(右) DCC,DCC,M/N轴,北中区,2.40,1.30,右,226913.84,85080.0,M-EQPM
1496,X-HLP3-AR-F3-LAY-02-001,消防,室内消火栓箱_带灭火器__左右式_ - SG24D65-P-V58-LAY-2F-1_500-A,2400x1300(右) DCC,DCC,M/N轴,北中区,2.40,1.30,右,226913.84,85125.0,M-EQPM
1497,X-HLP3-AR-F3-LAY-02-001,消防,室内消火栓箱_带灭火器__左右式_ - SG24D65-P-V55-LAY-2F-1_500-A,2850x2300(右) DCC-D,DCC-D,R/S轴,北中区,2.85,2.30,右,237411.49,115825.0,M-EQPM
1498,X-HLP3-AR-F3-LAY-02-001,消防,室内消火栓箱_带灭火器__左右式_ - SG24D65-P-V55-LAY-2F-1_500-A,2850x1800(右) DCC-C,DCC-C,R/S轴,北中区,2.85,1.80,右,223475.0,115825.0,M-EQPM
1499,X-HLP3-AR-F3-LAY-02-001,消防,室内消火栓箱_带灭火器__左右式_ - SG24D65-P-V55-LAY-2F-1_500-A,2850x1800(右) DCC-C*2,DCC-C*2,R/S轴,北中区,2.85,1.80,右,201870.0,115825.0,M-EQPM
1500,X-HLP3-AR-F3-LAY-02-001,消防,室内消火栓箱_带灭火器__左右式_ - SG24D65-P-V57-LAY-2F-1_500-A,2850x2300(右) DCC-D*2,DCC-D*2,R/S轴,北中区,2.85,2.30,右,177275.0,115585.0,M-EQPM
1501,X-HLP3-AR-F3-LAY-02-001,消防,室内消火栓箱_带灭火器__左右式_ - SG24D65-P-V55-LAY-2F-1_500-A,2850x2600(右) DCC-E*2,DCC-E*2,R/S轴,北中区,2.85,2.60,右,158675.0,115825.0,M-EQPM
1502,X-HLP3-AR-F3-LAY-02-001,消防,室内消火栓箱_带灭火器__左右式_ - SG24D65-P-4299218-LAY-2F-1_500-A,2850x2600(右) DCC-E,DCC-E,R/S轴,北中区,2.85,2.60,右,136525.0,115825.0,M-EQPM
1503,X-HLP3-AR-F3-LAY-02-001,消防,室内消火栓箱_带灭火器__左右式_ - SG24D65-P-V59-LAY-2F-1_500-A,2850x1800(右) DCC-C*2,DCC-C*2,R/S轴,北中区,2.85,1.80,右,121475.0,115825.0,M-EQPM
1504,X-HLP3-AR-F3-LAY-02-001,消防,室内消火栓箱_带灭火器__左右式_ - SG24D65-P-4299218-LAY-2F-1_500-A,2850x2600(右) DCC-E,DCC-E,R/S轴,北中区,2.85,2.60,右,93336.47,115825.0,M-EQPM
1505,X-HLP3-AR-F3-LAY-02-001,消防,室内消火栓箱_带灭火器__左右式_ - SG24D65-P-4299218-LAY-2F-1_500-A,2850x1800(右) DCC-C,DCC-C,R/S轴,北中区,2.85,1.80,右,78925.0,115825.0,M-EQPM
1506,X-HLP3-AR-F3-LAY-02-001,消防,室内消火栓箱_带灭火器__左右式_ - SG24D65-P-4299218-LAY-2F-1_500-A,2850x2300(右) DCC-D*2,DCC-D*2,R/S轴,北中区,2.85,2.30,右,57325.0,115825.0,M-EQPM
1507,X-HLP3-AR-F3-LAY-02-001,消防,室内消火栓箱_带灭火器__左右式_ - SG24D65-P-4299218-LAY-2F-1_500-A,2850x2300(右) DCC-D,DCC-D,R/S轴,北中区,2.85,2.30,右,35725.78,115825.0,M-EQPM
1508,X-HLP3-AR-F3-LAY-02-001,消防,室内消火栓箱_带灭火器__左右式_ - SG24D65-P-V57-LAY-2F-1_500-A,2850x1800(右) DCC-C*2,DCC-C*2,R/S轴,北中区,2.85,1.80,右,10150.0,115585.0,M-EQPM
1509,X-HLP3-AR-F3-LAY-02-001,消防,室内消火栓箱_带灭火器__左右式_ - SG24D65-P-V58-LAY-2F-1_500-A,,,U/V轴,北中区,,,,150.0,135204.0,M-EQPM
1510,X-HLP3-AR-F3-LAY-02-001,消防,室内消火栓箱_带灭火器__左右式_ - SG24D65-P-V60-LAY-2F-1_500-A,2400x1300(右) DCC,DCC,W/X轴,北区,2.40,1.30,右,14250.0,151600.0,M-EQPM
1511,X-HLP3-AR-F3-LAY-02-001,消防,室内消火栓箱_带灭火器__左右式_ - SG24D65-P-4299218-LAY-2F-1_500-A,,,U/V轴,北中区,,,,22000.0,136750.0,M-EQPM
1512,X-HLP3-AR-F3-LAY-02-001,消防,室内消火栓箱_带灭火器__左右式_ - SG24D65-P-V60-LAY-2F-1_500-A,2400x1300(右) DCC,DCC,W/X轴,北区,2.40,1.30,右,28650.0,151600.0,M-EQPM
1513,X-HLP3-AR-F3-LAY-02-001,消防,室内消火栓箱_带灭火器__左右式_ - SG24D65-P-V60-LAY-2F-1_500-A,MD 1200x2200 DCC-F,DCC-F,W/X轴,北区,1.20,2.20,,50250.0,151600.0,M-EQPM
1514,X-HLP3-AR-F3-LAY-02-001,消防,室内消火栓箱_带灭火器__左右式_ - SG24D65-P-4299218-LAY-2F-1_500-A,,,U/V轴,北中区,,,,58000.0,136750.0,M-EQPM
1515,X-HLP3-AR-F3-LAY-02-001,消防,室内消火栓箱_带灭火器__左右式_ - SG24D65-P-V60-LAY-2F-1_500-A,3500x2300(左) DCC-F,DCC-F,W/X轴,北区,3.50,2.30,左,71850.0,151600.0,M-EQPM
1516,X-HLP3-AR-F3-LAY-02-001,消防,室内消火栓箱_带灭火器__左右式_ - SG24D65-P-4299218-LAY-2F-1_500-A,,,U/V轴,北中区,,,,79600.0,136750.0,M-EQPM
1517,X-HLP3-AR-F3-LAY-02-001,消防,室内消火栓箱_带灭火器__左右式_ - SG24D65-P-V60-LAY-2F-1_500-A,3500x2300(左) DCC-F,DCC-F,W/X轴,北区,3.50,2.30,左,93450.0,151600.0,M-EQPM
1518,X-HLP3-AR-F3-LAY-02-001,消防,室内消火栓箱_带灭火器__左右式_ - SG24D65-P-V60-LAY-2F-1_500-A,MD 1200x2200 DCC-F,DCC-F,W/X轴,北区,1.20,2.20,,115050.0,151600.0,M-EQPM
1519,X-HLP3-AR-F3-LAY-02-001,消防,室内消火栓箱_带灭火器__左右式_ - SG24D65-P-V60-LAY-2F-1_500-A,MD 1200x2200 DCC-F,DCC-F,W/X轴,北区,1.20,2.20,,136650.0,151600.0,M-EQPM
1520,X-HLP3-AR-F3-LAY-02-001,消防,室内消火栓箱_带灭火器__左右式_ - SG24D65-P-V60-LAY-2F-1_500-A,3500x2300(左) DCC-F,DCC-F,W/X轴,北区,3.50,2.30,左,158250.0,151600.0,M-EQPM
1521,X-HLP3-AR-F3-LAY-02-001,消防,室内消火栓箱_带灭火器__左右式_ - SG24D65-P-V60-LAY-2F-1_500-A,3500x2300(左) DCC-F,DCC-F,W/X轴,北区,3.50,2.30,左,187050.0,151600.0,M-EQPM
1522,X-HLP3-AR-F3-LAY-02-001,消防,室内消火栓箱_带灭火器__左右式_ - SG24D65-P-V60-LAY-2F-1_500-A,3500x2300(左) DCC-F,DCC-F,W/X轴,北区,3.50,2.30,左,223050.0,151600.0,M-EQPM
1523,X-HLP3-AR-F3-LAY-02-001,消防,室内消火栓箱_带灭火器__左右式_ - SG24D65-P-V55-LAY-2F-1_500-A,,,U/V轴,北中区,,,,100850.0,136400.0,M-EQPM
1524,X-HLP3-AR-F3-LAY-02-001,消防,室内消火栓箱_带灭火器__左右式_ - SG24D65-P-V55-LAY-2F-1_500-A,,,U/V轴,北中区,,,,122450.0,136400.0,M-EQPM
1525,X-HLP3-AR-F3-LAY-02-001,消防,室内消火栓箱_带灭火器__左右式_ - SG24D65-P-V55-LAY-2F-1_500-A,,,U/V轴,北中区,,,,144050.0,136400.0,M-EQPM
1526,X-HLP3-AR-F3-LAY-02-001,消防,室内消火栓箱_带灭火器__左右式_ - SG24D65-P-V55-LAY-2F-1_500-A,,,U/V轴,北中区,,,,187250.0,136400.0,M-EQPM
1527,X-HLP3-AR-F3-LAY-02-001,消防,室内消火栓箱_带灭火器__左右式_ - SG24D65-P-V55-LAY-2F-1_500-A,,,U/V轴,北中区,,,,216050.0,136400.0,M-EQPM
1528,X-HLP3-AR-F3-LAY-02-001,消防,室内消火栓箱_带灭火器__左右式_ - SG24D65-P-4299218-LAY-2F-1_500-A,MD 1200x2200,,W/X轴,北区,1.20,2.20,,202000.0,151150.0,M-EQPM
1529,X-HLP3-AR-F3-LAY-02-001,消防,室内消火栓箱_带灭火器__左右式_ - SG24D65-P-V61-LAY-2F-1_500-A,,,W/X轴,北区,,,,253550.0,151300.0,M-EQPM
1530,X-HLP3-AR-F3-LAY-02-001,消防,室内消火栓箱_带灭火器__左右式_ - SG24D65-P-V58-LAY-2F-1_500-A,,,X/Y轴,北区,,,,262725.0,158200.0,M-EQPM
1531,X-HLP3-AR-F3-LAY-02-001,消防,室内消火栓箱_带灭火器__左右式_ - SG24D65-P-V58-LAY-2F-1_500-A,,,W/X轴,北区,,,,264200.0,150150.0,M-EQPM
1532,X-HLP3-AR-F3-LAY-02-001,消防,室内消火栓箱_带灭火器__左右式_ - SG24D65-P-V58-LAY-2F-1_500-A,,,V/W轴,北区,,,,265050.0,144600.0,M-EQPM
1533,X-HLP3-AR-F3-LAY-02-001,消防,室内消火栓箱_带灭火器__左右式_ - SG24D65-P-V57-LAY-2F-1_500-A,,,V/W轴,北区,,,,274650.0,144300.0,M-EQPM
1534,X-HLP3-AR-F3-LAY-02-001,消防,室内消火栓箱_带灭火器__左右式_ - SG24D65-P-V57-LAY-2F-1_500-A,,,U/V轴,北中区,,,,265050.0,137200.0,M-EQPM
1535,X-HLP3-AR-F3-LAY-02-001,消防,室内消火栓箱_带灭火器__左右式_ - SG24D65-P-V62-LAY-2F-1_500-A,,,T/U轴,北中区,,,,273500.0,130550.0,M-EQPM
1536,X-HLP3-AR-F3-LAY-02-001,消防,室内消火栓箱_带灭火器__左右式_ - SG24D65-P-4299218-LAY-2F-1_500-A,,,T/U轴,北中区,,,,263950.0,129000.0,M-EQPM
1537,X-HLP3-AR-F3-LAY-02-001,消防,室内消火栓箱_带灭火器__左右式_ - SG24D65-P-V63-LAY-2F-1_500-A,,,S/T轴,北中区,,,,273500.0,121450.0,M-EQPM
1538,X-HLP3-AR-F3-LAY-02-001,消防,室内消火栓箱_带灭火器__左右式_ - SG24D65-P-V55-LAY-2F-1_500-A,2365x765 DCC,DCC,Q/R轴,北中区,2.37,0.77,,263950.0,108600.0,M-EQPM
1539,X-HLP3-AR-F3-LAY-02-001,消防,室内消火栓箱_带灭火器__左右式_ - SG24D65-P-V57-LAY-2F-1_500-A,2365x765 DCC,DCC,Q/R轴,北中区,2.37,0.77,,269410.0,105150.0,M-EQPM
1540,X-HLP3-AR-F3-LAY-02-001,消防,室内消火栓箱_带灭火器__左右式_ - SG24D65-P-V63-LAY-2F-1_500-A,2365x765,,P/Q轴,北中区,2.37,0.77,,273500.0,99850.0,M-EQPM
1541,X-HLP3-AR-F3-LAY-02-001,消防,室内消火栓箱_带灭火器__左右式_ - SG24D65-P-V55-LAY-2F-1_500-A,,,N/P轴,北中区,,,,263950.0,94200.0,M-EQPM
1542,X-HLP3-AR-F3-LAY-02-001,消防,室内消火栓箱_带灭火器__左右式_ - SG24D65-P-V63-LAY-2F-1_500-A,,,M/N轴,北中区,,,,273500.0,85450.0,M-EQPM
1543,X-HLP3-AR-F3-LAY-02-001,消防,室内消火栓箱_带灭火器__左右式_ - SG24D65-P-4299218-LAY-2F-1_500-A,,,K/L轴,南中区,,,,263950.0,71400.0,M-EQPM
1544,X-HLP3-AR-F3-LAY-02-001,消防,室内消火栓箱_带灭火器__左右式_ - SG24D65-P-V58-LAY-2F-1_500-A,2365x1165（右） DCC,DCC,H/J轴,南中区,2.37,1.17,右,263950.0,56995.0,M-EQPM
1545,X-HLP3-AR-F3-LAY-02-001,消防,室内消火栓箱_带灭火器__左右式_ - SG24D65-P-V57-LAY-2F-1_500-A,2365x1165（右） DCC,DCC,F/G轴,南区,2.37,1.17,右,269410.0,43350.0,M-EQPM
1546,X-HLP3-AR-F3-LAY-02-001,消防,室内消火栓箱_带灭火器__左右式_ - SG24D65-P-V58-LAY-2F-1_500-A,,,F/G轴,南区,,,,284106.58,39500.0,M-EQPM
1547,X-HLP3-AR-F3-LAY-02-001,消防,室内消火栓箱_带灭火器__左右式_ - SG24D65-P-V57-LAY-2F-1_500-A,2365x1165（右） DCC,DCC,D/E轴,南区,2.37,1.17,右,269410.0,29265.0,M-EQPM
1548,X-HLP3-AR-F3-LAY-02-001,消防,室内消火栓箱_带灭火器__左右式_ - SG24D65-P-V57-LAY-2F-1_500-A,2365x1165（右） DCC,DCC,E/F轴,南区,2.37,1.17,右,263950.0,36605.0,M-EQPM
1549,X-HLP3-AR-F3-LAY-02-001,消防,室内消火栓箱_带灭火器__左右式_ - SG24D65-P-V64-LAY-2F-1_500-A,,,D/E轴,南区,,,,273500.0,29750.0,M-EQPM
1550,X-HLP3-AR-F3-LAY-02-001,消防,室内消火栓箱_带灭火器__左右式_ - SG24D65-P-V58-LAY-2F-1_500-A,,,C/D轴,南区,,,,282150.0,20495.0,M-EQPM
1551,X-HLP3-AR-F3-LAY-02-001,消防,室内消火栓箱_带灭火器__左右式_ - SG24D65-P-V55-LAY-2F-1_500-A,,,A/B轴,南区,,,,273100.0,7250.0,M-EQPM
1552,X-HLP3-AR-F3-LAY-02-001,消防,室内消火栓箱_带灭火器__左右式_ - SG24D65-P-4299218-LAY-2F-1_500-A,,,A/B轴,南区,,,,254900.0,7250.0,M-EQPM
1553,X-HLP3-AR-F3-LAY-02-001,消防,室内消火栓箱_带灭火器__左右式_ - SG24D65-P-V63-LAY-2F-1_500-A,,,K/L轴,南中区,,,,273500.0,71050.0,M-EQPM
1554,X-HLP3-AR-F3-LAY-02-001,消防,室内消火栓箱_带灭火器__左右式_ - SG24D65-P-V63-LAY-2F-1_500-A,,,J/K轴,南中区,,,,273500.0,63850.0,M-EQPM
1555,X-HLP3-AR-F3-LAY-02-001,楼板洞口,楼板洞口-A - CO-翻边100mm-3802876-LAY-2F-1_500-A,2365x1165（右） DCC,DCC,B/C轴,南区,2.37,1.17,右,261800.0,14000.0,A-GENM
1556,X-HLP3-AR-F3-LAY-02-001,其他,混凝土雨棚1 - 混凝土雨棚-300mm-2000 2-4311659-LAY-2F-1_500-A,3500x2300(左) DCC-F,DCC-F,A轴,南区,3.50,2.30,左,46250.0,-650.0,A-GENM
1557,X-HLP3-AR-F3-LAY-02-001,窗,百叶窗-带贴面 - BYC9640-4864323-LAY-2F-1_500-A,,,A轴,南区,,,,278411.66,-225.0,A-GLAZ
1558,X-HLP3-AR-F3-LAY-02-001,其他,混凝土雨棚1 - 混凝土雨棚-300mm-2000 2-4350888-LAY-2F-1_500-A,,,T/U轴,北中区,,,,293100.0,127475.0,A-GENM
1559,X-HLP3-AR-F3-LAY-02-001,窗,百叶窗-带贴面 - BYC7218-4911921-LAY-2F-1_500-A,,,G/H轴,南中区,,,,292850.0,46811.36,A-GLAZ
1560,X-HLP3-AR-F3-LAY-02-001,窗,百叶窗-带贴面 - BYC3618-4660152-LAY-2F-1_500-A,,,N/P轴,北中区,,,,292850.0,88211.36,A-GLAZ
1561,X-HLP3-AR-F3-LAY-02-001,窗,百叶窗-带贴面 - BYC3618-4660152-LAY-2F-1_500-A,,,P/Q轴,北中区,,,,292850.0,99011.36,A-GLAZ
1562,X-HLP3-AR-F3-LAY-02-001,窗,百叶窗-带贴面 - BYC3618-4660152-LAY-2F-1_500-A,,,R/S轴,北中区,,,,292850.0,111611.36,A-GLAZ
1563,X-HLP3-AR-F3-LAY-02-001,窗,百叶窗-带贴面 - BYC3618-4660152-LAY-2F-1_500-A,,,T/U轴,北中区,,,,292850.0,124211.36,A-GLAZ
1564,X-HLP3-AR-F3-LAY-02-001,窗,百叶窗-带贴面 - BYC3608-4826285-LAY-2F-1_500-A,,,U/V轴,北中区,,,,292850.0,135011.36,A-GLAZ
1565,X-HLP3-AR-F3-LAY-02-001,窗,百叶窗-带贴面 - BYC3618-4830262-LAY-2F-1_500-A,,,X/Y轴,北区,,,,292950.0,154811.36,A-GLAZ
1566,X-HLP3-AR-F3-LAY-02-001,其他,混凝土雨棚1 - 混凝土雨棚-300mm-2000 2-4376026-LAY-2F-1_500-A,3500x2300(左) DCC-F,DCC-F,X/Y轴,北区,3.50,2.30,左,126075.0,159050.0,A-GENM
1567,X-HLP3-AR-F3-LAY-02-001,其他,混凝土雨棚1 - 混凝土雨棚-300mm-2000 2-4376020-LAY-2F-1_500-A,3500x2300(左) DCC-F,DCC-F,X/Y轴,北区,3.50,2.30,左,135525.0,159050.0,A-GENM
1568,X-HLP3-AR-F3-LAY-02-001,窗,三列窗 - XC3612_A_-V49-LAY-2F-1_500-A,2850x1800(左) DCC-C*2,DCC-C*2,L/M轴,北中区,2.85,1.80,左,-150.0,77400.0,A-GLAZ
1569,X-HLP3-AR-F3-LAY-02-001,其他,混凝土雨棚1 - 混凝土雨棚-300mm-2000 2-4311659-LAY-2F-1_500-A,,,U/V轴,北中区,,,,-300.0,135175.0,A-GENM
1570,X-HLP3-AR-F3-LAY-02-001,单扇防火门,单扇平开防火门_带观察窗 - KBM1123-4703546-LAY-2F-1_500-A,,,W/X轴,北区,,,,266850.0,148300.0,A-DOOR
1571,X-HLP3-AR-F3-LAY-02-001,单扇防火门,单扇平开防火门_带观察窗 - FM甲1123-4715513-LAY-2F-1_500-A,,,K/L轴,南中区,,,,273600.0,66150.0,A-DOOR
1572,X-HLP3-AR-F3-LAY-02-001,门,双扇平开门-角度可调 - FM甲3030_160__-4835888-LAY-2F-1_500-A,,,F/G轴,南区,,,,276300.0,42700.0,A-DOOR
1573,X-HLP3-AR-F3-LAY-02-001,其他,混凝土雨棚1 - 混凝土雨棚-300mm-2000 2-V65-LAY-2F-1_500-A,,,A轴,南区,,,,252675.0,-650.0,A-GENM
1574,X-HLP3-AR-F3-LAY-02-001,门,双扇平开门-角度可调 - FM甲2427_160__-4689997-LAY-2F-1_500-A,2365x1165（右） DCC,DCC,G/H轴,南中区,2.37,1.17,右,269550.0,47100.0,A-DOOR
1575,X-HLP3-AR-F3-LAY-02-001,墙洞口,矩形墙洞-D - F06-4488941-LAY-2F-1_500-A,,,Q/R轴,北中区,,,,248800.0,105925.0,A-GENM
1576,X-HLP3-AR-F3-LAY-02-001,墙洞口,矩形墙洞-D - F06-4905437-LAY-2F-1_500-A,2365x765 DCC,DCC,Q/R轴,北中区,2.37,0.77,,269550.0,106725.0,A-GENM
1577,X-HLP3-AR-F3-LAY-02-001,墙洞口,矩形墙洞-D - F06-4486145-LAY-2F-1_500-A,,,L/M轴,北中区,,,,273600.0,77600.0,A-GENM
1578,X-HLP3-AR-F3-LAY-02-001,墙洞口,矩形墙洞-D - F07-4911431-LAY-2F-1_500-A,,,H/J轴,南中区,,,,273600.0,51875.0,A-GENM
1579,X-HLP3-AR-F3-LAY-02-001,楼板洞口,楼板洞口-A - F03-翻边100-4497544-LAY-2F-1_500-A,2365x1165（右） DCC,DCC,E/F轴,南区,2.37,1.17,右,268900.0,36300.0,A-GENM
1580,X-HLP3-AR-F3-LAY-02-001,楼板洞口,楼板洞口-A - F01-翻边300-4495429-LAY-2F-1_500-A,,,C/D轴,南区,,,,276950.0,20650.0,A-GENM
1581,X-HLP3-AR-F3-LAY-02-001,楼板洞口,楼板洞口-A - F01-翻边300-V66-LAY-2F-1_500-A,,,C/D轴,南区,,,,280150.0,20650.0,A-GENM
1582,X-HLP3-AR-F3-LAY-02-001,楼板洞口,楼板洞口-A - F01-翻边100-4495427-LAY-2F-1_500-A,,,C/D轴,南区,,,,283800.0,21000.0,A-GENM
1583,X-HLP3-AR-F3-LAY-02-001,楼板洞口,楼板洞口-A - F01-翻边100-4495792-LAY-2F-1_500-A,2365x1165（右） DCC,DCC,B/C轴,南区,2.37,1.17,右,249000.0,14700.0,A-GENM
1584,X-HLP3-AR-F3-LAY-02-001,楼板洞口,楼板洞口-A - F01-翻边100-4499255-LAY-2F-1_500-A,3500x2300(右) DCC-F*2,DCC-F*2,A/B轴,南区,3.50,2.30,右,245175.0,4000.47,A-GENM
1585,X-HLP3-AR-F3-LAY-02-001,楼板洞口,楼板洞口-A - F01-翻边100-4495952-LAY-2F-1_500-A,2365x1165（右）,,B/C轴,南区,2.37,1.17,右,251350.0,14700.0,A-GENM
1586,X-HLP3-AR-F3-LAY-02-001,楼板洞口,楼板洞口-A - UT-翻边100-4499166-LAY-2F-1_500-A,,,U/V轴,北中区,,,,264600.0,137400.0,A-GENM
1587,X-HLP3-AR-F3-LAY-02-001,窗,单扇固定窗 - C1212-V67-LAY-2F-1_500-A,2850x1800(左) DCC-C*2,DCC-C*2,H/J轴,南中区,2.85,1.80,左,205.0,55800.0,A-GLAZ
1588,X-HLP3-AR-F3-LAY-02-001,窗,单扇固定窗 - C1212-V67-LAY-2F-1_500-A,2850x2600(右) DCC-E*2,DCC-E*2,Q/R轴,北中区,2.85,2.60,右,205.0,102600.0,A-GLAZ
1589,X-HLP3-AR-F3-LAY-02-001,窗,单扇固定窗 - C1212-V67-LAY-2F-1_500-A,,,T/U轴,北中区,,,,205.0,124200.0,A-GLAZ
1590,X-HLP3-AR-F3-LAY-02-001,窗,单扇固定窗 - C1212-V67-LAY-2F-1_500-A,,,W/X轴,北区,,,,205.0,145800.0,A-GLAZ
1591,X-HLP3-AR-F3-LAY-02-001,门,坐便器带厕所隔断 内开门 - 坐便器带厕所隔断 内开门-3756326-LAY-2F-1_500-A,,,A/B轴,南区,,,,255910.0,3600.0,A-GENM
1592,X-HLP3-AR-F3-LAY-02-001,门,坐便器带厕所隔断 内开门 - 坐便器带厕所隔断 内开门-V68-LAY-2F-1_500-A,,,A/B轴,南区,,,,256910.0,3600.0,A-GENM
1593,X-HLP3-AR-F3-LAY-02-001,其他,文件柜 - 风淋-4100815-LAY-2F-1_500-A,3500x2300(左) DCC-F,DCC-F,X/Y轴,北区,3.50,2.30,左,245725.0,154375.0,I-FURN
1594,X-HLP3-AR-F3-LAY-02-001,其他,文件柜 - 风淋-4100815-LAY-2F-1_500-A,3500x2300(左) DCC-F,DCC-F,X/Y轴,北区,3.50,2.30,左,246525.0,154375.0,I-FURN
1595,X-HLP3-AR-F3-LAY-02-001,其他,文件柜 - 风淋-4100815-LAY-2F-1_500-A,3500x2300(左) DCC-F,DCC-F,X/Y轴,北区,3.50,2.30,左,245725.0,153275.0,I-FURN
1596,X-HLP3-AR-F3-LAY-02-001,其他,文件柜 - 风淋-4100815-LAY-2F-1_500-A,3500x2300(左) DCC-F,DCC-F,X/Y轴,北区,3.50,2.30,左,246525.0,153275.0,I-FURN
1597,X-HLP3-AR-F3-LAY-02-001,单扇防火门,单扇平开防火门_带观察窗 - QM0921-4742574-LAY-2F-1_500-A,3500x2300(左) DCC-F,DCC-F,X/Y轴,北区,3.50,2.30,左,246950.0,153825.0,A-DOOR
1598,X-HLP3-AR-F3-LAY-02-001,柱,防撞柱 - 防撞柱-4749834-LAY-2F-1_500-A,,,A轴,南区,,,,265720.0,630.0,Q-SPCQ
1599,X-HLP3-AR-F3-LAY-02-001,柱,防撞柱 - 防撞柱-V69-LAY-2F-1_500-A,,,A轴,南区,,,,265720.0,-1000.0,Q-SPCQ
1600,X-HLP3-AR-F3-LAY-02-001,柱,防撞柱 - 防撞柱-4750317-LAY-2F-1_500-A,,,A轴,南区,,,,271880.0,630.0,Q-SPCQ
1601,X-HLP3-AR-F3-LAY-02-001,柱,防撞柱 - 防撞柱-V70-LAY-2F-1_500-A,,,A轴,南区,,,,271880.0,-1000.0,Q-SPCQ
1602,X-HLP3-AR-F3-LAY-02-001,其他,橡胶防撞护角 - 橡胶防撞护角-4757622-LAY-2F-1_500-A,,,A/B轴,南区,,,,273100.0,6600.0,Q-SPCQ
1603,X-HLP3-AR-F3-LAY-02-001,其他,橡胶防撞护角 - 橡胶防撞护角-4757622-LAY-2F-1_500-A,,,B/C轴,南区,,,,273100.0,13800.0,Q-SPCQ
1604,X-HLP3-AR-F3-LAY-02-001,其他,橡胶防撞护角 - 橡胶防撞护角-4756569-LAY-2F-1_500-A,,,B/C轴,南区,,,,282800.0,13800.0,Q-SPCQ
1605,X-HLP3-AR-F3-LAY-02-001,其他,橡胶防撞护角 - 橡胶防撞护角-4756640-LAY-2F-1_500-A,,,A轴,南区,,,,282350.0,100.0,Q-SPCQ
1606,X-HLP3-AR-F3-LAY-02-001,其他,橡胶防撞护角 - 橡胶防撞护角-4756849-LAY-2F-1_500-A,,,A轴,南区,,,,272875.0,-150.0,Q-SPCQ
1607,X-HLP3-AR-F3-LAY-02-001,其他,橡胶防撞护角 - 橡胶防撞护角-4757884-LAY-2F-1_500-A,,,B/C轴,南区,,,,268650.0,13800.0,Q-SPCQ
1608,X-HLP3-AR-F3-LAY-02-001,其他,橡胶防撞护角 - 橡胶防撞护角-4757962-LAY-2F-1_500-A,,,A/B轴,南区,,,,263100.0,2600.0,Q-SPCQ
1609,X-HLP3-AR-F3-LAY-02-001,其他,橡胶防撞护角 - 橡胶防撞护角-V71-LAY-2F-1_500-A,,,A轴,南区,,,,263725.0,100.0,Q-SPCQ
1610,X-HLP3-AR-F3-LAY-02-001,其他,混凝土雨棚1 - 混凝土雨棚-300mm-2000 2-4783405-LAY-2F-1_500-A,3500x2300(左) DCC-F,DCC-F,A轴,南区,3.50,2.30,左,64550.0,-650.0,A-GENM
1611,X-HLP3-AR-F3-LAY-02-001,其他,混凝土雨棚1 - 混凝土雨棚-300mm-2000 2-4800231-LAY-2F-1_500-A,,,V/W轴,北区,,,,293100.0,142225.0,A-GENM
1612,X-HLP3-AR-F3-LAY-02-001,其他,穿孔铝板 - 穿孔铝板-2F-4827101-LAY-2F-1_500-A,3500x2300(右) DCC-F*2,DCC-F*2,A轴,南区,3.50,2.30,右,246525.0,-325.0,A-GENM
1613,X-HLP3-AR-F3-LAY-02-001,窗,百叶窗-带贴面 - BYC2808-4843137-LAY-2F-1_500-A,,,V/W轴,北区,,,,292850.0,142211.36,A-GLAZ
1614,X-HLP3-AR-F3-LAY-02-001,其他,穿孔铝板 - 穿孔铝板-2F-4830806-LAY-2F-1_500-A,2365*765 DCC,DCC,A/B轴,南区,2.37,0.77,,-150.0,5275.0,A-GENM
1615,X-HLP3-AR-F3-LAY-02-001,其他,穿孔铝板 - 穿孔铝板-2F-4830806-LAY-2F-1_500-A,DCC,DCC,B/C轴,南区,,,,-150.0,12475.0,A-GENM
1616,X-HLP3-AR-F3-LAY-02-001,洞口,立面洞口 - F01-电气洞口-直径100-4833092-LAY-2F-1_500-A,,,V/W轴,北区,,,,292600.0,142945.9,A-GENM
1617,X-HLP3-AR-F3-LAY-02-001,洞口,立面洞口 - F01-电气洞口-直径100-V72-LAY-2F-1_500-A,,,V/W轴,北区,,,,292600.0,143256.2,A-GENM
1618,X-HLP3-AR-F3-LAY-02-001,洞口,立面洞口 - F01-电气洞口-直径100-V73-LAY-2F-1_500-A,,,V/W轴,北区,,,,292600.0,143905.76,A-GENM
1619,X-HLP3-AR-F3-LAY-02-001,洞口,立面洞口 - F01-电气洞口-直径100-V73-LAY-2F-1_500-A,,,V/W轴,北区,,,,292600.0,143645.46,A-GENM
1620,X-HLP3-AR-F3-LAY-02-001,洞口,立面洞口 - F01-电气洞口-直径100-4833092-LAY-2F-1_500-A,,,V/W轴,北区,,,,292600.0,142736.27,A-GENM
1621,X-HLP3-AR-F3-LAY-02-001,洞口,立面洞口 - F01-电气洞口-直径65-4833094-LAY-2F-1_500-A,,,V/W轴,北区,,,,292600.0,142581.95,A-GENM
1622,X-HLP3-AR-F3-LAY-02-001,洞口,立面洞口 - F01-电气洞口-直径65-4833094-LAY-2F-1_500-A,,,V/W轴,北区,,,,292600.0,142433.65,A-GENM
1623,X-HLP3-AR-F3-LAY-02-001,洞口,立面洞口 - F01-电气洞口-直径100-4833092-LAY-2F-1_500-A,,,V/W轴,北区,,,,292600.0,142279.37,A-GENM
1624,X-HLP3-AR-F3-LAY-02-001,洞口,立面洞口 - F01-电气洞口-直径100-4833092-LAY-2F-1_500-A,,,V/W轴,北区,,,,292600.0,141969.07,A-GENM
1625,X-HLP3-AR-F3-LAY-02-001,洞口,立面洞口 - F01-电气洞口-直径150-4833098-LAY-2F-1_500-A,,,V/W轴,北区,,,,292600.0,141794.43,A-GENM
1626,X-HLP3-AR-F3-LAY-02-001,洞口,立面洞口 - F01-电气洞口-直径600-4833084-LAY-2F-1_500-A,,,V/W轴,北区,,,,292600.0,140417.0,A-GENM
1627,X-HLP3-AR-F3-LAY-02-001,洞口,立面洞口 - F01-电气洞口-直径250-4833102-LAY-2F-1_500-A,,,V/W轴,北区,,,,292600.0,141411.9,A-GENM
1628,X-HLP3-AR-F3-LAY-02-001,墙洞口,矩形墙洞-D - F01-4833465-LAY-2F-1_500-A,,,A轴,南区,,,,257300.0,-325.0,A-GENM
1629,X-HLP3-AR-F3-LAY-02-001,墙洞口,矩形墙洞-D - F01-4875453-LAY-2F-1_500-A,,,A轴,南区,,,,258625.0,-325.0,A-GENM
1630,X-HLP3-AR-F3-LAY-02-001,墙洞口,矩形墙洞-D - F01-4842384-LAY-2F-1_500-A,,,A轴,南区,,,,257825.0,-325.0,A-GENM
1631,X-HLP3-AR-F3-LAY-02-001,窗,百叶窗-带贴面 - BYC3608-4826285-LAY-2F-1_500-A,,,J/K轴,南中区,,,,292850.0,63011.36,A-GLAZ
1632,X-HLP3-AR-F3-LAY-02-001,窗,百叶窗-带贴面 - BYC3618-4660152-LAY-2F-1_500-A,,,L/M轴,北中区,,,,292850.0,75611.36,A-GLAZ
1633,X-HLP3-AR-F3-LAY-02-001,墙洞口,矩形墙洞-D - F04-4841620-LAY-2F-1_500-A,,,A轴,南区,,,,258425.0,-325.0,A-GENM
1634,X-HLP3-AR-F3-LAY-02-001,墙洞口,矩形墙洞-D - F07-4841795-LAY-2F-1_500-A,,,A轴,南区,,,,257025.0,-325.0,A-GENM
1635,X-HLP3-AR-F3-LAY-02-001,墙洞口,矩形墙洞-D - F07-4841864-LAY-2F-1_500-A,,,A轴,南区,,,,257675.0,-325.0,A-GENM
1636,X-HLP3-AR-F3-LAY-02-001,墙洞口,矩形墙洞-D - F12C-4842025-LAY-2F-1_500-A,,,A轴,南区,,,,258675.0,-325.0,A-GENM
1637,X-HLP3-AR-F3-LAY-02-001,墙洞口,矩形墙洞-D - F01-4842473-LAY-2F-1_500-A,,,A轴,南区,,,,258825.0,-325.0,A-GENM
1638,X-HLP3-AR-F3-LAY-02-001,墙洞口,矩形墙洞-D - F01-4899671-LAY-2F-1_500-A,,,R/S轴,北中区,,,,290724.96,115575.0,A-GENM
1639,X-HLP3-AR-F3-LAY-02-001,墙洞口,矩形墙洞-D - F01-4899605-LAY-2F-1_500-A,,,M/N轴,北中区,,,,291350.0,82600.0,A-GENM
1640,X-HLP3-AR-F3-LAY-02-001,墙洞口,矩形墙洞-D - F01-4899643-LAY-2F-1_500-A,,,F/G轴,南区,,,,284700.0,38825.0,A-GENM
1641,X-HLP3-AR-F3-LAY-02-001,墙洞口,矩形墙洞-D - F01-4899618-LAY-2F-1_500-A,3500x2300(右),,A/B轴,南区,3.50,2.30,右,244275.0,5375.0,A-GENM
1642,X-HLP3-AR-F3-LAY-02-001,墙洞口,矩形墙洞-D - F01-4899617-LAY-2F-1_500-A,2365x1165（右） DCC,DCC,C/D轴,南区,2.37,1.17,右,244275.0,20000.0,A-GENM
1643,X-HLP3-AR-F3-LAY-02-001,墙洞口,矩形墙洞-D - F01-4899633-LAY-2F-1_500-A,2365x1165（右） DCC,DCC,C/D轴,南区,2.37,1.17,右,254800.0,20000.0,A-GENM
1644,X-HLP3-AR-F3-LAY-02-001,墙洞口,矩形墙洞-D - F01-4899623-LAY-2F-1_500-A,2365x1165（右） DCC,DCC,C/D轴,南区,2.37,1.17,右,257625.0,20025.0,A-GENM
1645,X-HLP3-AR-F3-LAY-02-001,墙洞口,矩形墙洞-D - F01-4899623-LAY-2F-1_500-A,2365x1165 DCC,DCC,C/D轴,南区,2.37,1.17,,269550.0,16425.0,A-GENM
1646,X-HLP3-AR-F3-LAY-02-001,墙洞口,矩形墙洞-D - F01-4899631-LAY-2F-1_500-A,2365x1165（右） DCC,DCC,B/C轴,南区,2.37,1.17,右,250425.0,14400.0,A-GENM
1647,X-HLP3-AR-F3-LAY-02-001,墙洞口,矩形墙洞-D - F01-4899630-LAY-2F-1_500-A,2365x1165（右） DCC,DCC,B/C轴,南区,2.37,1.17,右,252750.0,14400.0,A-GENM
1648,X-HLP3-AR-F3-LAY-02-001,墙洞口,矩形墙洞-D - F01-4899632-LAY-2F-1_500-A,2365x1165（右） DCC,DCC,B/C轴,南区,2.37,1.17,右,254800.0,11275.0,A-GENM
1649,X-HLP3-AR-F3-LAY-02-001,墙洞口,矩形墙洞-D - F01-4899644-LAY-2F-1_500-A,2365x1165 DCC,DCC,C/D轴,南区,2.37,1.17,,270850.0,20400.0,A-GENM
1650,X-HLP3-AR-F3-LAY-02-001,墙洞口,矩形墙洞-D - F01-4899646-LAY-2F-1_500-A,,,C/D轴,南区,,,,272450.0,20400.0,A-GENM
1651,X-HLP3-AR-F3-LAY-02-001,墙洞口,矩形墙洞-D - F01-4899622-LAY-2F-1_500-A,,,E/F轴,南区,,,,273600.0,30825.0,A-GENM
1652,X-HLP3-AR-F3-LAY-02-001,墙洞口,矩形墙洞-D - F01-4899622-LAY-2F-1_500-A,2365x1165（右） DCC,DCC,E/F轴,南区,2.37,1.17,右,269550.0,30825.0,A-GENM
1653,X-HLP3-AR-F3-LAY-02-001,墙洞口,矩形墙洞-D - F01-4899621-LAY-2F-1_500-A,,,E/F轴,南区,,,,273600.0,34925.0,A-GENM
1654,X-HLP3-AR-F3-LAY-02-001,墙洞口,矩形墙洞-D - F01-4899620-LAY-2F-1_500-A,,,E/F轴,南区,,,,273600.0,33775.0,A-GENM
1655,X-HLP3-AR-F3-LAY-02-001,墙洞口,矩形墙洞-D - F01-V74-LAY-2F-1_500-A,2365x1165（右） DCC,DCC,E/F轴,南区,2.37,1.17,右,269550.0,34925.0,A-GENM
1656,X-HLP3-AR-F3-LAY-02-001,墙洞口,矩形墙洞-D - F01-4899620-LAY-2F-1_500-A,2365x1165（右） DCC,DCC,E/F轴,南区,2.37,1.17,右,269550.0,33775.0,A-GENM
1657,X-HLP3-AR-F3-LAY-02-001,墙洞口,矩形墙洞-D - F01-4899616-LAY-2F-1_500-A,2365x1165（左） DCC,DCC,E/F轴,南区,2.37,1.17,左,244275.0,30825.0,A-GENM
1658,X-HLP3-AR-F3-LAY-02-001,墙洞口,矩形墙洞-D - F01-4902068-LAY-2F-1_500-A,,,G/H轴,南中区,,,,273600.0,44575.0,A-GENM
1659,X-HLP3-AR-F3-LAY-02-001,墙洞口,矩形墙洞-D - F01-4899615-LAY-2F-1_500-A,2365x765 DCC,DCC,Q/R轴,北中区,2.37,0.77,,269550.0,103350.0,A-GENM
1660,X-HLP3-AR-F3-LAY-02-001,墙洞口,矩形墙洞-D - F01-4899615-LAY-2F-1_500-A,2000x2300(右) DCC-B,DCC-B,Q/R轴,北中区,2.00,2.30,右,244275.0,103350.0,A-GENM
1661,X-HLP3-AR-F3-LAY-02-001,墙洞口,矩形墙洞-D - F01-4899609-LAY-2F-1_500-A,,,P/Q轴,北中区,,,,250575.0,100800.0,A-GENM
1662,X-HLP3-AR-F3-LAY-02-001,墙洞口,矩形墙洞-D - F01-4899608-LAY-2F-1_500-A,,,P/Q轴,北中区,,,,253000.0,100800.0,A-GENM
1663,X-HLP3-AR-F3-LAY-02-001,墙洞口,矩形墙洞-D - F01-4899609-LAY-2F-1_500-A,,,Q/R轴,北中区,,,,250575.0,108000.0,A-GENM
1664,X-HLP3-AR-F3-LAY-02-001,墙洞口,矩形墙洞-D - F01-4899608-LAY-2F-1_500-A,,,Q/R轴,北中区,,,,253000.0,108000.0,A-GENM
1665,X-HLP3-AR-F3-LAY-02-001,墙洞口,矩形墙洞-D - F01-4899642-LAY-2F-1_500-A,2365x765 DCC,DCC,Q/R轴,北中区,2.37,0.77,,267240.0,108000.0,A-GENM
1666,X-HLP3-AR-F3-LAY-02-001,墙洞口,矩形墙洞-D - F01-4899626-LAY-2F-1_500-A,,,S/T轴,北中区,,,,269550.0,121150.0,A-GENM
1667,X-HLP3-AR-F3-LAY-02-001,墙洞口,矩形墙洞-D - F01-V75-LAY-2F-1_500-A,,,S/T轴,北中区,,,,273600.0,121150.0,A-GENM
1668,X-HLP3-AR-F3-LAY-02-001,墙洞口,矩形墙洞-D - F01-4899624-LAY-2F-1_500-A,2365x765 DCC,DCC,S/T轴,北中区,2.37,0.77,,273600.0,117125.0,A-GENM
1669,X-HLP3-AR-F3-LAY-02-001,墙洞口,矩形墙洞-D - F01-4899628-LAY-2F-1_500-A,2365x765 DCC,DCC,S/T轴,北中区,2.37,0.77,,278625.0,118600.0,A-GENM
1670,X-HLP3-AR-F3-LAY-02-001,墙洞口,矩形墙洞-D - F01-4899627-LAY-2F-1_500-A,2365x765 DCC,DCC,S/T轴,北中区,2.37,0.77,,275275.0,118600.0,A-GENM
1671,X-HLP3-AR-F3-LAY-02-001,墙洞口,矩形墙洞-D - F01-4899672-LAY-2F-1_500-A,2365x765 DCC,DCC,R/S轴,北中区,2.37,0.77,,275275.0,115575.0,A-GENM
1672,X-HLP3-AR-F3-LAY-02-001,墙洞口,矩形墙洞-D - F01-4899625-LAY-2F-1_500-A,,,U/V轴,北中区,,,,273600.0,131075.0,A-GENM
1673,X-HLP3-AR-F3-LAY-02-001,墙洞口,矩形墙洞-D - F01-4899625-LAY-2F-1_500-A,,,U/V轴,北中区,,,,269550.0,131075.0,A-GENM
1674,X-HLP3-AR-F3-LAY-02-001,墙洞口,矩形墙洞-D - F01-4899611-LAY-2F-1_500-A,,,P/Q轴,北中区,,,,248800.0,98225.0,A-GENM
1675,X-HLP3-AR-F3-LAY-02-001,墙洞口,矩形墙洞-D - F01-4899610-LAY-2F-1_500-A,2400x1300(右),,J/K轴,南中区,2.40,1.30,右,248800.0,59725.0,A-GENM
1676,X-HLP3-AR-F3-LAY-02-001,墙洞口,矩形墙洞-D - F01-4910852-LAY-2F-1_500-A,,,G/H轴,南中区,,,,273600.0,47525.0,A-GENM
1677,X-HLP3-AR-F3-LAY-02-001,墙洞口,矩形墙洞-D - F01-4899634-LAY-2F-1_500-A,2365x1165（右） DCC,DCC,G/H轴,南中区,2.37,1.17,右,269550.0,47525.0,A-GENM
1678,X-HLP3-AR-F3-LAY-02-001,墙洞口,矩形墙洞-D - F01-4899624-LAY-2F-1_500-A,,,G/H轴,南中区,,,,278875.0,49900.0,A-GENM
1679,X-HLP3-AR-F3-LAY-02-001,墙洞口,矩形墙洞-D - F01-4899640-LAY-2F-1_500-A,,,G/H轴,南中区,,,,280250.0,49900.0,A-GENM
1680,X-HLP3-AR-F3-LAY-02-001,墙洞口,矩形墙洞-D - F01-4899623-LAY-2F-1_500-A,,,G/H轴,南中区,,,,290025.0,49900.0,A-GENM
1681,X-HLP3-AR-F3-LAY-02-001,墙洞口,矩形墙洞-D - F01-4899624-LAY-2F-1_500-A,,,G/H轴,南中区,,,,287200.0,49900.0,A-GENM
1682,X-HLP3-AR-F3-LAY-02-001,墙洞口,矩形墙洞-D - F01-4899639-LAY-2F-1_500-A,,,M/N轴,北中区,,,,273600.0,87475.0,A-GENM
1683,X-HLP3-AR-F3-LAY-02-001,墙洞口,矩形墙洞-D - F01-4899638-LAY-2F-1_500-A,,,N/P轴,北中区,,,,273600.0,88925.0,A-GENM
1684,X-HLP3-AR-F3-LAY-02-001,墙洞口,矩形墙洞-D - F01-V76-LAY-2F-1_500-A,,,M/N轴,北中区,,,,269550.0,87475.0,A-GENM
1685,X-HLP3-AR-F3-LAY-02-001,墙洞口,矩形墙洞-D - F01-4899638-LAY-2F-1_500-A,,,N/P轴,北中区,,,,269550.0,88925.0,A-GENM
1686,X-HLP3-AR-F3-LAY-02-001,墙洞口,矩形墙洞-D - F01-4899645-LAY-2F-1_500-A,2365x1165 DCC,DCC,C/D轴,南区,2.37,1.17,,270550.0,20400.0,A-GENM
1687,X-HLP3-AR-F3-LAY-02-001,墙洞口,矩形墙洞-D - F01-4899607-LAY-2F-1_500-A,,,V/W轴,北区,,,,260000.0,141000.0,A-GENM
1688,X-HLP3-AR-F3-LAY-02-001,墙洞口,矩形墙洞-D - F01-4899648-LAY-2F-1_500-A,,,V/W轴,北区,,,,255600.0,144000.0,A-GENM
1689,X-HLP3-AR-F3-LAY-02-001,墙洞口,矩形墙洞-D - F01-4899607-LAY-2F-1_500-A,,,V/W轴,北区,,,,269550.0,138650.0,A-GENM
1690,X-HLP3-AR-F3-LAY-02-001,墙洞口,矩形墙洞-D - F01-4899636-LAY-2F-1_500-A,,,F/G轴,南区,,,,290725.0,42700.0,A-GENM
1691,X-HLP3-AR-F3-LAY-02-001,墙洞口,矩形墙洞-D - F01-4899607-LAY-2F-1_500-A,3500x2300(左) DCC-F,DCC-F,X/Y轴,北区,3.50,2.30,左,246050.0,154700.0,A-GENM
1692,X-HLP3-AR-F3-LAY-02-001,墙洞口,矩形墙洞-D - F01-4899619-LAY-2F-1_500-A,,,P/Q轴,北中区,,,,244275.0,97325.0,A-GENM
1693,X-HLP3-AR-F3-LAY-02-001,墙洞口,矩形墙洞-D - F01-4899614-LAY-2F-1_500-A,2400x1300(右) DCC,DCC,L/M轴,北中区,2.40,1.30,右,244275.0,73600.0,A-GENM
1694,X-HLP3-AR-F3-LAY-02-001,墙洞口,矩形墙洞-D - F01-4899613-LAY-2F-1_500-A,2850x2300(右) DCC-D,DCC-D,S/T轴,北中区,2.85,2.30,右,244275.0,121125.0,A-GENM
1695,X-HLP3-AR-F3-LAY-02-001,墙洞口,矩形墙洞-D - F01-4899612-LAY-2F-1_500-A,,,T/U轴,北中区,,,,244275.0,123725.0,A-GENM
1696,X-HLP3-AR-F3-LAY-02-001,墙洞口,矩形墙洞-D - F01-4899615-LAY-2F-1_500-A,2365x1165（右） DCC,DCC,F/G轴,南区,2.37,1.17,右,270850.0,42700.0,A-GENM
1697,X-HLP3-AR-F3-LAY-02-001,墙洞口,矩形墙洞-D - F01-4899635-LAY-2F-1_500-A,2365x1165（右）,,F/G轴,南区,2.37,1.17,右,272450.0,42700.0,A-GENM
1698,X-HLP3-AR-F3-LAY-02-001,墙洞口,矩形墙洞-D - F01-4899673-LAY-2F-1_500-A,2365x765 DCC,DCC,Q/R轴,北中区,2.37,0.77,,273625.0,106825.0,A-GENM
1699,X-HLP3-AR-F3-LAY-02-001,墙洞口,矩形墙洞-D - F01-4899641-LAY-2F-1_500-A,2365x765 DCC,DCC,Q/R轴,北中区,2.37,0.77,,269550.0,106825.0,A-GENM
1700,X-HLP3-AR-F3-LAY-02-001,单扇防火门,单扇平开防火门_带观察窗 - QM0921-4742574-LAY-2F-1_500-A,3500x2300(左) DCC-F,DCC-F,X/Y轴,北区,3.50,2.30,左,245300.0,153825.0,A-DOOR
1701,X-HLP3-AR-F3-LAY-02-001,卷帘门,电梯卷帘门 - FJLM2830_3H_-4966115-LAY-2F-1_500-A,3500x2300(左) DCC-F,DCC-F,X/Y轴,北区,3.50,2.30,左,244125.0,153200.0,A-DOOR
1702,X-HLP3-AR-F3-LAY-02-001,墙洞口,矩形墙洞-D - F01-V77-LAY-2F-1_500-A,2850x1800(右) DCC-C*2,DCC-C*2,G/H轴,南中区,2.85,1.80,右,18325.0,47125.0,A-GENM
1703,X-HLP3-AR-F3-LAY-02-001,墙洞口,矩形墙洞-D - F01-V77-LAY-2F-1_500-A,2850x2600(右) DCC-D,DCC-D,R/S轴,北中区,2.85,2.60,右,18325.0,111525.0,A-GENM
1704,X-HLP3-AR-F3-LAY-02-001,墙洞口,矩形墙洞-D - F01-4899607-LAY-2F-1_500-A,,,X/Y轴,北区,,,,252400.0,152800.0,A-GENM
1705,X-HLP3-AR-F3-LAY-02-001,单扇防火门,单扇平开防火门_带观察窗 - FM甲0821-4703376-LAY-2F-1_500-A,,,L/M轴,北中区,,,,248800.0,79200.0,A-DOOR
1706,X-HLP3-AR-F3-LAY-02-001,单扇防火门,单扇平开防火门_带观察窗 - FM甲0821-4703376-LAY-2F-1_500-A,,,N/P轴,北中区,,,,248800.0,93600.0,A-DOOR
1707,X-HLP3-AR-F3-LAY-02-001,单扇防火门,单扇平开防火门_带观察窗 - FM甲0821-4703382-LAY-2F-1_500-A,2850x2300(右) DCC-D,DCC-D,R/S轴,北中区,2.85,2.30,右,245925.0,115300.0,A-DOOR
1708,X-HLP3-AR-F3-LAY-02-001,双扇防火门,双扇平开防火门_带观察窗 - FM甲1523-4964982-LAY-2F-1_500-A,,,D/E轴,南区,,,,289900.0,27100.0,A-DOOR
1709,X-HLP3-AR-F3-LAY-02-001,单扇防火门,单扇平开防火门_带观察窗 - GM1123-4965399-LAY-2F-1_500-A,,,D/E轴,南区,,,,284450.0,28150.0,A-DOOR
1710,X-HLP3-AR-F3-LAY-02-001,单扇防火门,单扇平开防火门_带观察窗 - GM1123-4965417-LAY-2F-1_500-A,,,D/E轴,南区,,,,284550.0,26050.0,A-DOOR
1711,X-HLP3-AR-F3-LAY-02-001,单扇防火门,单扇平开防火门_带观察窗 - GM1123-4965417-LAY-2F-1_500-A,,,D/E轴,南区,,,,279191.0,26050.0,A-DOOR
1712,X-HLP3-AR-F3-LAY-02-001,单扇防火门,单扇平开防火门_带观察窗 - GM1123-4965399-LAY-2F-1_500-A,,,D/E轴,南区,,,,277609.0,26050.0,A-DOOR
1713,X-HLP3-AR-F3-LAY-02-001,单扇防火门,单扇平开防火门_带观察窗 - GM1123-4965399-LAY-2F-1_500-A,,,D/E轴,南区,,,,274850.0,28150.0,A-DOOR
1714,X-HLP3-AR-F3-LAY-02-001,单扇防火门,单扇平开防火门_带观察窗 - QM1123-4703576-LAY-2F-1_500-A,3500x2300(左) DCC-F,DCC-F,X/Y轴,北区,3.50,2.30,左,244475.0,152525.0,A-DOOR
1715,X-HLP3-AR-F3-LAY-02-001,其他,高程点-说明仿宋-2 - 高程点-说明仿宋-2-1141479-LAY-2F-1_500-A,,,L/M轴,北中区,,,,255417.0,74760.04,A-ANNO-NOTE
1716,X-HLP3-AR-F3-LAY-02-001,其他,高程点-说明仿宋-2 - 高程点-说明仿宋-2-1141479-LAY-2F-1_500-A,,,A/B轴,南区,,,,275452.15,4512.61,A-ANNO-NOTE
1717,X-HLP3-AR-F3-LAY-02-001,其他,高程点-说明仿宋-2 - 高程点-说明仿宋-2-1141479-LAY-2F-1_500-A,,,J/K轴,南中区,,,,225781.91,63593.01,A-ANNO-NOTE
1718,X-HLP3-AR-F3-LAY-02-001,其他,高程点-说明仿宋-2 - 高程点-说明仿宋-2-1141479-LAY-2F-1_500-A,,,L/M轴,北中区,,,,59088.34,74767.73,A-ANNO-NOTE
1719,X-HLP3-AR-F3-LAY-02-001,其他,高程点-说明仿宋-2 - 高程点-说明仿宋-2-1141479-LAY-2F-1_500-A,,,C/D轴,南区,,,,109236.09,16860.04,A-ANNO-NOTE
1720,X-HLP3-AR-F3-LAY-02-001,其他,高程点-说明仿宋-2 - 高程点-说明仿宋-2-1141479-LAY-2F-1_500-A,,,C/D轴,南区,,,,51934.67,16860.04,A-ANNO-NOTE
1721,X-HLP3-AR-F3-LAY-02-001,其他,高程点-说明仿宋-2 - 高程点-说明仿宋-2-1141479-LAY-2F-1_500-A,,,C/D轴,南区,,,,177311.09,16860.04,A-ANNO-NOTE
1722,X-HLP3-AR-F3-LAY-02-001,其他,高程点-说明仿宋-2 - 高程点-说明仿宋-2-1141479-LAY-2F-1_500-A,,,C/D轴,南区,,,,220511.09,16860.04,A-ANNO-NOTE
1723,X-HLP3-AR-F3-LAY-02-001,其他,高程点-说明仿宋-2 - 高程点-说明仿宋-2-1141479-LAY-2F-1_500-A,,,L/M轴,北中区,,,,149575.74,73928.58,A-ANNO-NOTE
1724,X-HLP3-AR-F3-LAY-02-001,其他,高程点-说明仿宋-2 - 高程点-说明仿宋-2-1141479-LAY-2F-1_500-A,,,N/P轴,北中区,,,,225781.91,90187.67,A-ANNO-NOTE
1725,X-HLP3-AR-F3-LAY-02-001,其他,高程点-说明仿宋-2 - 高程点-说明仿宋-2-1141479-LAY-2F-1_500-A,,,U/V轴,北中区,,,,12803.35,131254.76,A-ANNO-NOTE
1726,X-HLP3-AR-F3-LAY-02-001,其他,高程点-说明仿宋-2 - 高程点-说明仿宋-2-1141479-LAY-2F-1_500-A,,,U/V轴,北中区,,,,94377.79,131254.76,A-ANNO-NOTE
1727,X-HLP3-AR-F3-LAY-02-001,其他,高程点-说明仿宋-2 - 高程点-说明仿宋-2-1141479-LAY-2F-1_500-A,,,U/V轴,北中区,,,,192803.35,131254.76,A-ANNO-NOTE
1728,X-HLP3-AR-F3-LAY-02-001,其他,高程点-说明仿宋 - 高程点-说明仿宋-3488177-LAY-2F-1_500-A,,,T/U轴,北中区,,,,23003.35,125000.08,A-ANNO-NOTE
1729,X-HLP3-AR-F3-LAY-02-001,其他,高程点-说明仿宋 - 高程点-说明仿宋-3488177-LAY-2F-1_500-A,2850x1800(右),,T/U轴,北中区,2.85,1.80,右,72878.35,124500.08,A-ANNO-NOTE
1730,X-HLP3-AR-F3-LAY-02-001,其他,高程点-说明仿宋 - 高程点-说明仿宋-3488177-LAY-2F-1_500-A,2850x2600(右),,T/U轴,北中区,2.85,2.60,右,140603.35,124500.08,A-ANNO-NOTE
1731,X-HLP3-AR-F3-LAY-02-001,其他,高程点-说明仿宋 - 高程点-说明仿宋-3488177-LAY-2F-1_500-A,,,T/U轴,北中区,,,,174528.35,124500.08,A-ANNO-NOTE
1732,X-HLP3-AR-F3-LAY-02-001,其他,高程点-说明仿宋 - 高程点-说明仿宋-3488177-LAY-2F-1_500-A,2850x1800(右),,T/U轴,北中区,2.85,1.80,右,224303.35,124500.08,A-ANNO-NOTE
1733,X-HLP3-AR-F3-LAY-02-001,其他,高程点-说明仿宋 - 高程点-说明仿宋-3488177-LAY-2F-1_500-A,,,E/F轴,南区,,,,72878.35,30900.08,A-ANNO-NOTE
1734,X-HLP3-AR-F3-LAY-02-001,其他,高程点-说明仿宋 - 高程点-说明仿宋-3488177-LAY-2F-1_500-A,,,D/E轴,南区,,,,140603.35,29900.08,A-ANNO-NOTE
1735,X-HLP3-AR-F3-LAY-02-001,其他,高程点-说明仿宋 - 高程点-说明仿宋-3488177-LAY-2F-1_500-A,,,D/E轴,南区,,,,173400.0,29700.08,A-ANNO-NOTE
1736,X-HLP3-AR-F3-LAY-02-001,其他,高程点-说明仿宋 - 高程点-说明仿宋-3488177-LAY-2F-1_500-A,,,D/E轴,南区,,,,224303.35,29900.08,A-ANNO-NOTE
1737,X-HLP3-AR-F3-LAY-02-001,其他,高程点-说明仿宋-3 - 高程点-说明仿宋-3-3226476-LAY-2F-1_500-A,,,A/B轴,南区,,,,265249.42,2778.55,A-ANNO-NOTE
1738,X-HLP3-AR-F3-LAY-02-001,其他,坡度_2_0mm - 实心箭头-4447091-LAY-2F-1_500-A,,,A轴,南区,,,,270154.12,-1573.5,A-ANNO-NOTE
1739,X-HLP3-AR-F3-LAY-02-001,其他,高程点-说明仿宋-2 - 高程点-说明仿宋-2-1141479-LAY-2F-1_500-A,2850x1800(左) DCC-C*2,DCC-C*2,K/L轴,南中区,2.85,1.80,左,7768.17,72775.0,A-ANNO-NOTE
1740,X-HLP3-AR-F3-LAY-04-001,其他,AR-F3-00-STA-001_HLP2_rvt-1-LAY-4F-1_500-A,3500x2300(左) DCC-F,DCC-F,A轴,南区,3.50,2.30,左,-0.0,0.0,0
1741,X-HLP3-AR-F3-LAY-04-001,单扇防火门,单扇平开防火门_带观察窗 - FM乙1123-4703410-LAY-4F-1_500-A,,,M/N轴,北中区,,,,283200.0,81750.47,A-DOOR
1742,X-HLP3-AR-F3-LAY-04-001,单扇防火门,单扇平开防火门_带观察窗 - FM乙1123-4703350-LAY-4F-1_500-A,2365x765 DCC,DCC,S/T轴,北中区,2.37,0.77,,283200.0,116550.47,A-DOOR
1743,X-HLP3-AR-F3-LAY-04-001,单扇防火门,单扇平开防火门_带观察窗 - FM乙1123-V1-LAY-4F-1_500-A,2850x2300(右) DCC-D*2,DCC-D*2,F/G轴,南区,2.85,2.30,右,183275.0,44150.0,A-DOOR
1744,X-HLP3-AR-F3-LAY-04-001,单扇防火门,单扇平开防火门_带观察窗 - FM乙1123-V1-LAY-4F-1_500-A,2850x2300(右) DCC-E*2,DCC-E*2,F/G轴,南区,2.85,2.30,右,125675.0,44150.0,A-DOOR
1745,X-HLP3-AR-F3-LAY-04-001,扶栏,顶部扶栏类型 - 顶部扶栏_内部_-1177810-LAY-4F-1_500-A,3500x2300(左) DCC-F,DCC-F,A轴,南区,3.50,2.30,左,-0.0,0.0,A-FLOR-HRAL
1746,X-HLP3-AR-F3-LAY-04-001,扶栏,顶部扶栏类型 - 顶部扶栏_内部_-V2-LAY-4F-1_500-A,3500x2300(左) DCC-F,DCC-F,A轴,南区,3.50,2.30,左,-0.0,0.0,A-FLOR-HRAL
1747,X-HLP3-AR-F3-LAY-04-001,单扇防火门,单扇平开防火门_带观察窗 - FM甲1123-4703436-LAY-4F-1_500-A,2000*2300(右) DCC-B,DCC-B,R/S轴,北中区,2.00,2.30,右,65000.0,110775.0,A-DOOR
1748,X-HLP3-AR-F3-LAY-04-001,单扇防火门,单扇平开防火门_带观察窗 - FM甲1123-4703438-LAY-4F-1_500-A,2000*2300(右) DCC-B,DCC-B,Q/R轴,北中区,2.00,2.30,右,65000.0,109225.0,A-DOOR
1749,X-HLP3-AR-F3-LAY-04-001,单扇防火门,单扇平开防火门_带观察窗 - FM乙1123-V3-LAY-4F-1_500-A,2850x1800(右) DCC-C*2,DCC-C*2,R/S轴,北中区,2.85,1.80,右,125675.0,114250.0,A-DOOR
1750,X-HLP3-AR-F3-LAY-04-001,单扇防火门,单扇平开防火门_带观察窗 - FM甲1123-V4-LAY-4F-1_500-A,2850x1800(左) DCC-C*2,DCC-C*2,R/S轴,北中区,2.85,1.80,左,129600.0,110800.0,A-DOOR
1751,X-HLP3-AR-F3-LAY-04-001,单扇防火门,单扇平开防火门_带观察窗 - FM甲1123-V5-LAY-4F-1_500-A,2000*2300(右) DCC-B,DCC-B,G/H轴,南中区,2.00,2.30,右,65000.0,49150.0,A-DOOR
1752,X-HLP3-AR-F3-LAY-04-001,单扇防火门,单扇平开防火门_带观察窗 - FM甲1123-V6-LAY-4F-1_500-A,2000*2300(右) DCC-B,DCC-B,G/H轴,南中区,2.00,2.30,右,65000.0,47750.0,A-DOOR
1753,X-HLP3-AR-F3-LAY-04-001,单扇防火门,单扇平开防火门_带观察窗 - FM甲1123-V7-LAY-4F-1_500-A,2850x1800(右) DCC-C*2,DCC-C*2,G/H轴,南中区,2.85,1.80,右,129600.0,47600.0,A-DOOR
1754,X-HLP3-AR-F3-LAY-04-001,单扇防火门,单扇平开防火门_带观察窗 - FM甲1123-V8-LAY-4F-1_500-A,2000*2300(左) DCC-B,DCC-B,G/H轴,南中区,2.00,2.30,左,187200.0,47600.0,A-DOOR
1755,X-HLP3-AR-F3-LAY-04-001,单扇防火门,单扇平开防火门_带观察窗 - FM乙1123-V1-LAY-4F-1_500-A,2850x2300(左),,F/G轴,南区,2.85,2.30,左,233675.0,44150.0,A-DOOR
1756,X-HLP3-AR-F3-LAY-04-001,单扇防火门,单扇平开防火门_带观察窗 - GM1123-4703346-LAY-4F-1_500-A,,,C/D轴,南区,,,,283700.0,19850.0,A-DOOR
1757,X-HLP3-AR-F3-LAY-04-001,单扇防火门,单扇平开防火门_带观察窗 - FM乙1123-V3-LAY-4F-1_500-A,2850x2300(右) DCC-D*2,DCC-D*2,R/S轴,北中区,2.85,2.30,右,183275.0,114250.0,A-DOOR
1758,X-HLP3-AR-F3-LAY-04-001,门,电梯门_客梯 - 5T货梯-4221831-LAY-4F-1_500-A,,,C/D轴,南区,,,,283700.0,16800.0,A-DOOR
1759,X-HLP3-AR-F3-LAY-04-001,门,电梯门_客梯 - 20T货梯-4055739-LAY-4F-1_500-A,,,A/B轴,南区,,,,283700.0,4050.0,A-DOOR
1760,X-HLP3-AR-F3-LAY-04-001,门,电梯门_客梯 - 20T货梯-4055739-LAY-4F-1_500-A,,,B/C轴,南区,,,,283700.0,10850.0,A-DOOR
1761,X-HLP3-AR-F3-LAY-04-001,双扇防火门,双扇平开防火门_带观察窗 - FM甲1223-4642740-LAY-4F-1_500-A,,,L/M轴,北中区,,,,288300.0,76200.0,A-DOOR
1762,X-HLP3-AR-F3-LAY-04-001,双扇防火门,双扇平开防火门_带观察窗 - FM甲1223-4643669-LAY-4F-1_500-A,,,L/M轴,北中区,,,,290100.0,76200.0,A-DOOR
1763,X-HLP3-AR-F3-LAY-04-001,卷帘门,电梯卷帘门 - FJLM5340_2H_-3900285-LAY-4F-1_500-A,,,A/B轴,南区,,,,283700.0,3950.0,A-DOOR
1764,X-HLP3-AR-F3-LAY-04-001,卷帘门,电梯卷帘门 - FJLM6040_2H_-3900241-LAY-4F-1_500-A,,,B/C轴,南区,,,,283700.0,10800.0,A-DOOR
1765,X-HLP3-AR-F3-LAY-04-001,双扇防火门,双扇平开防火门_带观察窗 - FM甲1530-4642602-LAY-4F-1_500-A,,,D/E轴,南区,,,,285300.0,25450.0,A-DOOR
1766,X-HLP3-AR-F3-LAY-04-001,单扇防火门,单扇平开防火门_带观察窗 - FM乙1123-4703446-LAY-4F-1_500-A,2850x2300(右) DCC-D,DCC-D,R/S轴,北中区,2.85,2.30,右,18453.0,114244.0,A-DOOR
1767,X-HLP3-AR-F3-LAY-04-001,单扇防火门,单扇平开防火门_带观察窗 - FM乙1123-V3-LAY-4F-1_500-A,2850x2300(右) DCC-D*2,DCC-D*2,F/G轴,南区,2.85,2.30,右,18325.0,44150.0,A-DOOR
1768,X-HLP3-AR-F3-LAY-04-001,单扇防火门,单扇平开防火门_带观察窗 - FM甲1123-4703356-LAY-4F-1_500-A,,,F/G轴,南区,,,,283100.0,41850.0,A-DOOR
1769,X-HLP3-AR-F3-LAY-04-001,单扇防火门,单扇平开防火门_带观察窗 - FM乙1123-V1-LAY-4F-1_500-A,2850x1800(右) DCC-C*2,DCC-C*2,R/S轴,北中区,2.85,1.80,右,68725.0,114250.0,A-DOOR
1770,X-HLP3-AR-F3-LAY-04-001,楼板洞口,楼板洞口 - 楼板洞口-翻边100mm-2146857-LAY-4F-1_500-A,2000*2300(左) DCC-B,DCC-B,G/H轴,南中区,2.00,2.30,左,190000.0,45750.0,A-GENM
1771,X-HLP3-AR-F3-LAY-04-001,楼板洞口,楼板洞口 - 楼板洞口-翻边100mm-2147558-LAY-4F-1_500-A,2850x1800(右) DCC-C*2,DCC-C*2,G/H轴,南中区,2.85,1.80,右,129900.0,46650.0,A-GENM
1772,X-HLP3-AR-F3-LAY-04-001,楼板洞口,楼板洞口 - 楼板洞口-翻边100mm-V423-LAY-4F-1_500-A,2000*2300(右) DCC-B,DCC-B,G/H轴,南中区,2.00,2.30,右,61400.0,48300.0,A-GENM
1773,X-HLP3-AR-F3-LAY-04-001,楼板洞口,楼板洞口 - 楼板洞口-翻边100mm-2060212-LAY-4F-1_500-A,2000*2300(右) DCC-B,DCC-B,R/S轴,北中区,2.00,2.30,右,61400.0,109825.0,A-GENM
1774,X-HLP3-AR-F3-LAY-04-001,楼板洞口,楼板洞口 - 楼板洞口-翻边100mm-2146857-LAY-4F-1_500-A,2850x1800(左) DCC-C*2,DCC-C*2,R/S轴,北中区,2.85,1.80,左,131350.0,110375.0,A-GENM
1775,X-HLP3-AR-F3-LAY-04-001,楼板洞口,楼板洞口 - 楼板洞口-翻边100mm-V424-LAY-4F-1_500-A,2000*2300(左) DCC-B,DCC-B,R/S轴,北中区,2.00,2.30,左,190400.0,109750.0,A-GENM
1776,X-HLP3-AR-F3-LAY-04-001,单扇防火门,单扇平开防火门_带观察窗 - FM乙1123-4703410-LAY-4F-1_500-A,,,F/G轴,南区,,,,290750.0,39400.0,A-DOOR
1777,X-HLP3-AR-F3-LAY-04-001,单扇防火门,单扇平开防火门_带观察窗 - FM乙1123-V3-LAY-4F-1_500-A,2850x2300(右) DCC-D*2,DCC-D*2,F/G轴,南区,2.85,2.30,右,68725.0,44150.0,A-DOOR
1778,X-HLP3-AR-F3-LAY-04-001,单扇防火门,单扇平开防火门_带观察窗 - FM甲1123-V425-LAY-4F-1_500-A,2000*2300(左) DCC-B,DCC-B,R/S轴,北中区,2.00,2.30,左,187400.0,110650.0,A-DOOR
1779,X-HLP3-AR-F3-LAY-04-001,单扇防火门,单扇平开防火门_带观察窗 - FM甲1123-V426-LAY-4F-1_500-A,2000*2300(左) DCC,DCC,Q/R轴,北中区,2.00,2.30,左,187400.0,109225.0,A-DOOR
1780,X-HLP3-AR-F3-LAY-04-001,单扇防火门,单扇平开防火门_带观察窗 - FM甲1123-V427-LAY-4F-1_500-A,2850x2600(右) DCC-E,DCC-E,R/S轴,北中区,2.85,2.60,右,131000.0,115425.0,A-DOOR
1781,X-HLP3-AR-F3-LAY-04-001,单扇防火门,单扇平开防火门_带观察窗 - FM甲1123-V428-LAY-4F-1_500-A,2850x1800(左) DCC-C*2,DCC-C*2,F/G轴,南区,2.85,1.80,左,131000.0,42975.0,A-DOOR
1782,X-HLP3-AR-F3-LAY-04-001,单扇防火门,单扇平开防火门_带观察窗 - FM甲1123-V6-LAY-4F-1_500-A,2000*2300(左) DCC-B,DCC-B,F/G轴,南区,2.00,2.30,左,188400.0,42975.0,A-DOOR
1783,X-HLP3-AR-F3-LAY-04-001,楼板洞口,楼板洞口-A - 楼板洞口-翻边100mm-3429796-LAY-4F-1_500-A,,,C/D轴,南区,,,,283800.0,20900.0,A-GENM
1784,X-HLP3-AR-F3-LAY-04-001,双扇防火门,双扇平开防火门_带观察窗 - FM甲1223-4644325-LAY-4F-1_500-A,2365x1165（右） DCC,DCC,B/C轴,南区,2.37,1.17,右,254800.0,11700.0,A-DOOR
1785,X-HLP3-AR-F3-LAY-04-001,双扇防火门,双扇平开防火门_带观察窗 - FM甲2225-4670530-LAY-4F-1_500-A,,,A/B轴,南区,,,,254800.0,5500.0,A-DOOR
1786,X-HLP3-AR-F3-LAY-04-001,单扇防火门,单扇平开防火门_带观察窗 - FM甲1123-4703391-LAY-4F-1_500-A,,,L/M轴,北中区,,,,255650.0,79200.0,A-DOOR
1787,X-HLP3-AR-F3-LAY-04-001,门,双扇平开门-角度可调 - FM甲2436_160__-4636667-LAY-4F-1_500-A,,,L/M轴,北中区,,,,280200.0,79200.0,A-DOOR
1788,X-HLP3-AR-F3-LAY-04-001,单扇防火门,单扇平开防火门_带观察窗 - FM甲1123-4703534-LAY-4F-1_500-A,2365x1165（右） DCC,DCC,B/C轴,南区,2.37,1.17,右,255650.0,14400.0,A-DOOR
1789,X-HLP3-AR-F3-LAY-04-001,扶栏,顶部扶栏类型 - 顶部扶栏_内部_-3241268-LAY-4F-1_500-A,3500x2300(左) DCC-F,DCC-F,A轴,南区,3.50,2.30,左,-0.0,0.0,A-FLOR-HRAL
1790,X-HLP3-AR-F3-LAY-04-001,扶栏,顶部扶栏类型 - 顶部扶栏_内部_-V429-LAY-4F-1_500-A,3500x2300(左) DCC-F,DCC-F,A轴,南区,3.50,2.30,左,-0.0,0.0,A-FLOR-HRAL
1791,X-HLP3-AR-F3-LAY-04-001,扶栏,顶部扶栏类型 - 顶部扶栏_内部_-3241286-LAY-4F-1_500-A,3500x2300(左) DCC-F,DCC-F,A轴,南区,3.50,2.30,左,-0.0,0.0,A-FLOR-HRAL
1792,X-HLP3-AR-F3-LAY-04-001,扶栏,顶部扶栏类型 - 顶部扶栏_内部_-V430-LAY-4F-1_500-A,3500x2300(左) DCC-F,DCC-F,A轴,南区,3.50,2.30,左,-0.0,0.0,A-FLOR-HRAL
1793,X-HLP3-AR-F3-LAY-04-001,扶栏,顶部扶栏类型 - 顶部扶栏_内部_-3241304-LAY-4F-1_500-A,3500x2300(左) DCC-F,DCC-F,A轴,南区,3.50,2.30,左,-0.0,0.0,A-FLOR-HRAL
1794,X-HLP3-AR-F3-LAY-04-001,扶栏,顶部扶栏类型 - 顶部扶栏_内部_-V431-LAY-4F-1_500-A,3500x2300(左) DCC-F,DCC-F,A轴,南区,3.50,2.30,左,-0.0,0.0,A-FLOR-HRAL
1795,X-HLP3-AR-F3-LAY-04-001,扶栏,顶部扶栏类型 - 顶部扶栏_内部_-3241325-LAY-4F-1_500-A,3500x2300(左) DCC-F,DCC-F,A轴,南区,3.50,2.30,左,-0.0,0.0,A-FLOR-HRAL
1796,X-HLP3-AR-F3-LAY-04-001,扶栏,顶部扶栏类型 - 顶部扶栏_内部_-V432-LAY-4F-1_500-A,3500x2300(左) DCC-F,DCC-F,A轴,南区,3.50,2.30,左,-0.0,0.0,A-FLOR-HRAL
1797,X-HLP3-AR-F3-LAY-04-001,扶栏,顶部扶栏类型 - 顶部扶栏_内部_-3241342-LAY-4F-1_500-A,3500x2300(左) DCC-F,DCC-F,A轴,南区,3.50,2.30,左,-0.0,0.0,A-FLOR-HRAL
1798,X-HLP3-AR-F3-LAY-04-001,扶栏,顶部扶栏类型 - 顶部扶栏_内部_-V433-LAY-4F-1_500-A,3500x2300(左) DCC-F,DCC-F,A轴,南区,3.50,2.30,左,-0.0,0.0,A-FLOR-HRAL
1799,X-HLP3-AR-F3-LAY-04-001,扶栏,顶部扶栏类型 - 顶部扶栏_内部_-3241360-LAY-4F-1_500-A,3500x2300(左) DCC-F,DCC-F,A轴,南区,3.50,2.30,左,-0.0,0.0,A-FLOR-HRAL
1800,X-HLP3-AR-F3-LAY-04-001,扶栏,顶部扶栏类型 - 顶部扶栏_内部_-V434-LAY-4F-1_500-A,3500x2300(左) DCC-F,DCC-F,A轴,南区,3.50,2.30,左,-0.0,0.0,A-FLOR-HRAL
1801,X-HLP3-AR-F3-LAY-04-001,扶栏,顶部扶栏类型 - 顶部扶栏_内部_-3241377-LAY-4F-1_500-A,3500x2300(左) DCC-F,DCC-F,A轴,南区,3.50,2.30,左,-0.0,0.0,A-FLOR-HRAL
1802,X-HLP3-AR-F3-LAY-04-001,扶栏,顶部扶栏类型 - 顶部扶栏_内部_-V435-LAY-4F-1_500-A,3500x2300(左) DCC-F,DCC-F,A轴,南区,3.50,2.30,左,-0.0,0.0,A-FLOR-HRAL
1803,X-HLP3-AR-F3-LAY-04-001,扶栏,顶部扶栏类型 - 顶部扶栏_内部_-3241397-LAY-4F-1_500-A,3500x2300(左) DCC-F,DCC-F,A轴,南区,3.50,2.30,左,-0.0,0.0,A-FLOR-HRAL
1804,X-HLP3-AR-F3-LAY-04-001,扶栏,顶部扶栏类型 - 顶部扶栏_内部_-V436-LAY-4F-1_500-A,3500x2300(左) DCC-F,DCC-F,A轴,南区,3.50,2.30,左,-0.0,0.0,A-FLOR-HRAL
1805,X-HLP3-AR-F3-LAY-04-001,扶栏,顶部扶栏类型 - 顶部扶栏_内部_-3241414-LAY-4F-1_500-A,3500x2300(左) DCC-F,DCC-F,A轴,南区,3.50,2.30,左,-0.0,0.0,A-FLOR-HRAL
1806,X-HLP3-AR-F3-LAY-04-001,扶栏,顶部扶栏类型 - 顶部扶栏_内部_-V437-LAY-4F-1_500-A,3500x2300(左) DCC-F,DCC-F,A轴,南区,3.50,2.30,左,-0.0,0.0,A-FLOR-HRAL
1807,X-HLP3-AR-F3-LAY-04-001,扶栏,顶部扶栏类型 - 顶部扶栏_内部_-3241433-LAY-4F-1_500-A,3500x2300(左) DCC-F,DCC-F,A轴,南区,3.50,2.30,左,-0.0,0.0,A-FLOR-HRAL
1808,X-HLP3-AR-F3-LAY-04-001,扶栏,顶部扶栏类型 - 顶部扶栏_内部_-V438-LAY-4F-1_500-A,3500x2300(左) DCC-F,DCC-F,A轴,南区,3.50,2.30,左,-0.0,0.0,A-FLOR-HRAL
1809,X-HLP3-AR-F3-LAY-04-001,扶栏,顶部扶栏类型 - 顶部扶栏_内部_-3241451-LAY-4F-1_500-A,3500x2300(左) DCC-F,DCC-F,A轴,南区,3.50,2.30,左,-0.0,0.0,A-FLOR-HRAL
1810,X-HLP3-AR-F3-LAY-04-001,扶栏,顶部扶栏类型 - 顶部扶栏_内部_-V439-LAY-4F-1_500-A,3500x2300(左) DCC-F,DCC-F,A轴,南区,3.50,2.30,左,-0.0,0.0,A-FLOR-HRAL
1811,X-HLP3-AR-F3-LAY-04-001,扶栏,顶部扶栏类型 - 顶部扶栏_内部_-3241510-LAY-4F-1_500-A,3500x2300(左) DCC-F,DCC-F,A轴,南区,3.50,2.30,左,-0.0,0.0,A-FLOR-HRAL
1812,X-HLP3-AR-F3-LAY-04-001,扶栏,顶部扶栏类型 - 顶部扶栏_内部_-V440-LAY-4F-1_500-A,3500x2300(左) DCC-F,DCC-F,A轴,南区,3.50,2.30,左,-0.0,0.0,A-FLOR-HRAL
1813,X-HLP3-AR-F3-LAY-04-001,扶栏,顶部扶栏类型 - 顶部扶栏_内部_-3241526-LAY-4F-1_500-A,3500x2300(左) DCC-F,DCC-F,A轴,南区,3.50,2.30,左,-0.0,0.0,A-FLOR-HRAL
1814,X-HLP3-AR-F3-LAY-04-001,扶栏,顶部扶栏类型 - 顶部扶栏_内部_-V441-LAY-4F-1_500-A,3500x2300(左) DCC-F,DCC-F,A轴,南区,3.50,2.30,左,-0.0,0.0,A-FLOR-HRAL
1815,X-HLP3-AR-F3-LAY-04-001,扶栏,顶部扶栏类型 - 顶部扶栏_内部_-3241542-LAY-4F-1_500-A,3500x2300(左) DCC-F,DCC-F,A轴,南区,3.50,2.30,左,-0.0,0.0,A-FLOR-HRAL
1816,X-HLP3-AR-F3-LAY-04-001,扶栏,顶部扶栏类型 - 顶部扶栏_内部_-V442-LAY-4F-1_500-A,3500x2300(左) DCC-F,DCC-F,A轴,南区,3.50,2.30,左,-0.0,0.0,A-FLOR-HRAL
1817,X-HLP3-AR-F3-LAY-04-001,扶栏,顶部扶栏类型 - 顶部扶栏_内部_-3241558-LAY-4F-1_500-A,3500x2300(左) DCC-F,DCC-F,A轴,南区,3.50,2.30,左,-0.0,0.0,A-FLOR-HRAL
1818,X-HLP3-AR-F3-LAY-04-001,扶栏,顶部扶栏类型 - 顶部扶栏_内部_-V443-LAY-4F-1_500-A,3500x2300(左) DCC-F,DCC-F,A轴,南区,3.50,2.30,左,-0.0,0.0,A-FLOR-HRAL
1819,X-HLP3-AR-F3-LAY-04-001,扶栏,顶部扶栏类型 - 顶部扶栏_内部_-3241574-LAY-4F-1_500-A,3500x2300(左) DCC-F,DCC-F,A轴,南区,3.50,2.30,左,-0.0,0.0,A-FLOR-HRAL
1820,X-HLP3-AR-F3-LAY-04-001,扶栏,顶部扶栏类型 - 顶部扶栏_内部_-V444-LAY-4F-1_500-A,3500x2300(左) DCC-F,DCC-F,A轴,南区,3.50,2.30,左,-0.0,0.0,A-FLOR-HRAL
1821,X-HLP3-AR-F3-LAY-04-001,扶栏,顶部扶栏类型 - 顶部扶栏_内部_-3241605-LAY-4F-1_500-A,3500x2300(左) DCC-F,DCC-F,A轴,南区,3.50,2.30,左,-0.0,0.0,A-FLOR-HRAL
1822,X-HLP3-AR-F3-LAY-04-001,扶栏,顶部扶栏类型 - 顶部扶栏_内部_-V445-LAY-4F-1_500-A,3500x2300(左) DCC-F,DCC-F,A轴,南区,3.50,2.30,左,-0.0,0.0,A-FLOR-HRAL
1823,X-HLP3-AR-F3-LAY-04-001,扶栏,顶部扶栏类型 - 顶部扶栏_内部_-3241625-LAY-4F-1_500-A,3500x2300(左) DCC-F,DCC-F,A轴,南区,3.50,2.30,左,-0.0,0.0,A-FLOR-HRAL
1824,X-HLP3-AR-F3-LAY-04-001,扶栏,顶部扶栏类型 - 顶部扶栏_内部_-V446-LAY-4F-1_500-A,3500x2300(左) DCC-F,DCC-F,A轴,南区,3.50,2.30,左,-0.0,0.0,A-FLOR-HRAL
1825,X-HLP3-AR-F3-LAY-04-001,扶栏,顶部扶栏类型 - 顶部扶栏_内部_-3241649-LAY-4F-1_500-A,3500x2300(左) DCC-F,DCC-F,A轴,南区,3.50,2.30,左,-0.0,0.0,A-FLOR-HRAL
1826,X-HLP3-AR-F3-LAY-04-001,扶栏,顶部扶栏类型 - 顶部扶栏_内部_-V447-LAY-4F-1_500-A,3500x2300(左) DCC-F,DCC-F,A轴,南区,3.50,2.30,左,-0.0,0.0,A-FLOR-HRAL
1827,X-HLP3-AR-F3-LAY-04-001,扶栏,顶部扶栏类型 - 顶部扶栏_内部_-3241665-LAY-4F-1_500-A,3500x2300(左) DCC-F,DCC-F,A轴,南区,3.50,2.30,左,-0.0,0.0,A-FLOR-HRAL
1828,X-HLP3-AR-F3-LAY-04-001,扶栏,顶部扶栏类型 - 顶部扶栏_内部_-V448-LAY-4F-1_500-A,3500x2300(左) DCC-F,DCC-F,A轴,南区,3.50,2.30,左,-0.0,0.0,A-FLOR-HRAL
1829,X-HLP3-AR-F3-LAY-04-001,扶栏,顶部扶栏类型 - 顶部扶栏_内部_-3241686-LAY-4F-1_500-A,3500x2300(左) DCC-F,DCC-F,A轴,南区,3.50,2.30,左,-0.0,0.0,A-FLOR-HRAL
1830,X-HLP3-AR-F3-LAY-04-001,扶栏,顶部扶栏类型 - 顶部扶栏_内部_-V449-LAY-4F-1_500-A,3500x2300(左) DCC-F,DCC-F,A轴,南区,3.50,2.30,左,-0.0,0.0,A-FLOR-HRAL
1831,X-HLP3-AR-F3-LAY-04-001,扶栏,顶部扶栏类型 - 顶部扶栏_内部_-3241717-LAY-4F-1_500-A,3500x2300(左) DCC-F,DCC-F,A轴,南区,3.50,2.30,左,-0.0,0.0,A-FLOR-HRAL
1832,X-HLP3-AR-F3-LAY-04-001,扶栏,顶部扶栏类型 - 顶部扶栏_内部_-V450-LAY-4F-1_500-A,3500x2300(左) DCC-F,DCC-F,A轴,南区,3.50,2.30,左,-0.0,0.0,A-FLOR-HRAL
1833,X-HLP3-AR-F3-LAY-04-001,扶栏,顶部扶栏类型 - 顶部扶栏_内部_-3241747-LAY-4F-1_500-A,3500x2300(左) DCC-F,DCC-F,A轴,南区,3.50,2.30,左,-0.0,0.0,A-FLOR-HRAL
1834,X-HLP3-AR-F3-LAY-04-001,扶栏,顶部扶栏类型 - 顶部扶栏_内部_-V451-LAY-4F-1_500-A,3500x2300(左) DCC-F,DCC-F,A轴,南区,3.50,2.30,左,-0.0,0.0,A-FLOR-HRAL
1835,X-HLP3-AR-F3-LAY-04-001,扶栏,顶部扶栏类型 - 顶部扶栏_内部_-3241767-LAY-4F-1_500-A,3500x2300(左) DCC-F,DCC-F,A轴,南区,3.50,2.30,左,-0.0,0.0,A-FLOR-HRAL
1836,X-HLP3-AR-F3-LAY-04-001,扶栏,顶部扶栏类型 - 顶部扶栏_内部_-V452-LAY-4F-1_500-A,3500x2300(左) DCC-F,DCC-F,A轴,南区,3.50,2.30,左,-0.0,0.0,A-FLOR-HRAL
1837,X-HLP3-AR-F3-LAY-04-001,单扇防火门,单扇平开防火门_带观察窗 - FM甲1123-V427-LAY-4F-1_500-A,2850x2300(右) DCC-D,DCC-D,R/S轴,北中区,2.85,2.30,右,239750.0,113750.0,A-DOOR
1838,X-HLP3-AR-F3-LAY-04-001,单扇防火门,单扇平开防火门_带观察窗 - FM甲1123-V428-LAY-4F-1_500-A,2850x2300(右) DCC-D,DCC-D,G/H轴,南中区,2.85,2.30,右,239750.0,45000.0,A-DOOR
1839,X-HLP3-AR-F3-LAY-04-001,双扇防火门,双扇平开防火门_带观察窗 - FM甲1223-4644529-LAY-4F-1_500-A,2365x1165（右）,,B/C轴,南区,2.37,1.17,右,254800.0,9900.0,A-DOOR
1840,X-HLP3-AR-F3-LAY-04-001,单扇防火门,单扇平开防火门_带观察窗 - FM乙1123-V453-LAY-4F-1_500-A,,,A/B轴,南区,,,,254800.0,3050.0,A-DOOR
1841,X-HLP3-AR-F3-LAY-04-001,卷帘门,墙外卷帘门1 - JLM6055-4476211-LAY-4F-1_500-A,,,A轴,南区,,,,268800.0,75.0,A-DOOR
1842,X-HLP3-AR-F3-LAY-04-001,窗,单扇窗 - XPYC1212-4534990-LAY-4F-1_500-A,,,A轴,南区,,,,252800.0,-330.0,A-GLAZ
1843,X-HLP3-AR-F3-LAY-04-001,单扇防火门,单扇平开防火门_带观察窗 - QM1123-4703428-LAY-4F-1_500-A,2850x2300(右) DCC-D,DCC-D,R/S轴,北中区,2.85,2.30,右,16225.0,112000.0,A-DOOR
1844,X-HLP3-AR-F3-LAY-04-001,窗,单扇窗 - XPYC1212-4534986-LAY-4F-1_500-A,,,X/Y轴,北区,,,,252800.0,158730.0,A-GLAZ
1845,X-HLP3-AR-F3-LAY-04-001,双扇防火门,双扇平开防火门_带观察窗 - FM甲1223-4642656-LAY-4F-1_500-A,,,X/Y轴,北区,,,,258300.0,154700.0,A-DOOR
1846,X-HLP3-AR-F3-LAY-04-001,双扇防火门,双扇平开防火门_带观察窗 - FM甲1223-4642656-LAY-4F-1_500-A,,,X/Y轴,北区,,,,260100.0,154700.0,A-DOOR
1847,X-HLP3-AR-F3-LAY-04-001,单扇防火门,单扇平开防火门_带观察窗 - FM乙1123-4703410-LAY-4F-1_500-A,,,X/Y轴,北区,,,,254800.0,155650.0,A-DOOR
1848,X-HLP3-AR-F3-LAY-04-001,门,双扇平开门-角度可调 - FM甲2436_160__-4636667-LAY-4F-1_500-A,,,C/D轴,南区,,,,280400.0,20500.0,A-DOOR
1849,X-HLP3-AR-F3-LAY-04-001,双扇防火门,双扇平开防火门_带观察窗 - FM甲2225-4644519-LAY-4F-1_500-A,3500x2300(右) DCC-F*2,DCC-F*2,A/B轴,南区,3.50,2.30,右,245025.0,5500.0,A-DOOR
1850,X-HLP3-AR-F3-LAY-04-001,双扇防火门,双扇平开防火门_带观察窗 - FM甲1530-4642602-LAY-4F-1_500-A,,,X/Y轴,北区,,,,287800.0,156000.0,A-DOOR
1851,X-HLP3-AR-F3-LAY-04-001,窗,单扇窗 - PYC1212-4534992-LAY-4F-1_500-A,,,M/N轴,北中区,,,,292955.0,81000.0,A-GLAZ
1852,X-HLP3-AR-F3-LAY-04-001,窗,单扇窗 - PYC1212-4534992-LAY-4F-1_500-A,,,S/T轴,北中区,,,,292955.0,117000.0,A-GLAZ
1853,X-HLP3-AR-F3-LAY-04-001,窗,三列窗 - XC3612_A_-4606072-LAY-4F-1_500-A,,,P/Q轴,北中区,,,,292950.0,99000.0,A-GLAZ
1854,X-HLP3-AR-F3-LAY-04-001,窗,三列窗 - XC3612_A_-4606072-LAY-4F-1_500-A,,,J/K轴,南中区,,,,292950.0,63000.0,A-GLAZ
1855,X-HLP3-AR-F3-LAY-04-001,单扇防火门,单扇平开防火门_带观察窗 - FM甲1123-4703356-LAY-4F-1_500-A,,,L/M轴,北中区,,,,284450.0,79600.47,A-DOOR
1856,X-HLP3-AR-F3-LAY-04-001,单扇防火门,单扇平开防火门_带观察窗 - FM甲1123-4703356-LAY-4F-1_500-A,,,L/M轴,北中区,,,,284450.0,76200.0,A-DOOR
1857,X-HLP3-AR-F3-LAY-04-001,其他,室内坡道 - 坡道-房间内坡道 2-4432998-LAY-4F-1_500-A,3500x2300(右) DCC-F*2,DCC-F*2,A/B轴,南区,3.50,2.30,右,245700.0,5450.0,Q-SPCQ
1858,X-HLP3-AR-F3-LAY-04-001,单扇防火门,单扇平开防火门_带观察窗 - FM甲1123_3H_-4796242-LAY-4F-1_500-A,,,F/G轴,南区,,,,292700.0,37475.0,A-DOOR
1859,X-HLP3-AR-F3-LAY-04-001,楼板洞口,楼板洞口-A - UT-翻边100-4950327-LAY-4F-1_500-A,,,B/C轴,南区,,,,289750.0,15125.0,A-GENM
1860,X-HLP3-AR-F3-LAY-04-001,双扇防火门,双扇平开防火门_带观察窗 - QM1523-4721382-LAY-4F-1_500-A,2850x2300(左) DCC-D,DCC-D,G/H轴,南中区,2.85,2.30,左,236325.0,46400.0,A-DOOR
1861,X-HLP3-AR-F3-LAY-04-001,单扇防火门,单扇平开防火门_带观察窗 - FM乙1123-V3-LAY-4F-1_500-A,2850x2300(右) DCC-D,DCC-D,R/S轴,北中区,2.85,2.30,右,233675.0,114350.0,A-DOOR
1862,X-HLP3-AR-F3-LAY-04-001,双扇防火门,双扇平开防火门_带观察窗 - QM1523-4721372-LAY-4F-1_500-A,2850x2300(右) DCC-D,DCC-D,R/S轴,北中区,2.85,2.30,右,236175.0,112000.0,A-DOOR
1863,X-HLP3-AR-F3-LAY-04-001,双扇防火门,双扇平开防火门_带观察窗 - QM1523-4721372-LAY-4F-1_500-A,2850x2300(右) DCC-D,DCC-D,R/S轴,北中区,2.85,2.30,右,242875.0,112000.0,A-DOOR
1864,X-HLP3-AR-F3-LAY-04-001,双扇防火门,双扇平开防火门_带观察窗 - QM1523-4721382-LAY-4F-1_500-A,2365x1165（左） DCC,DCC,G/H轴,南中区,2.37,1.17,左,242725.0,46400.0,A-DOOR
1865,X-HLP3-AR-F3-LAY-04-001,门,单扇平开门1 - FM乙0620-4228895-LAY-4F-1_500-A,,,E/F轴,南区,,,,284000.0,36400.0,A-DOOR
1866,X-HLP3-AR-F3-LAY-04-001,楼板洞口,楼板洞口-A - F01-翻边100-4955235-LAY-4F-1_500-A,3500x2300(左) DCC-F,DCC-F,X/Y轴,北区,3.50,2.30,左,245525.0,154800.0,A-GENM
1867,X-HLP3-AR-F3-LAY-04-001,窗,百叶窗-带贴面 - BYC7218-4911921-LAY-4F-1_500-A,,,G/H轴,南中区,,,,292850.0,46811.36,A-GLAZ
1868,X-HLP3-AR-F3-LAY-04-001,窗,百叶窗-带贴面 - BYC3618-4660152-LAY-4F-1_500-A,,,U/V轴,北中区,,,,292850.0,135011.36,A-GLAZ
1869,X-HLP3-AR-F3-LAY-04-001,窗,百叶窗-带贴面 - BYC3618-4660152-LAY-4F-1_500-A,,,X/Y轴,北区,,,,292850.0,154811.36,A-GLAZ
1870,X-HLP3-AR-F3-LAY-04-001,楼板洞口,楼板洞口-A - F01-翻边100-4575697-LAY-4F-1_500-A,,,A轴,南区,,,,254900.0,800.0,A-GENM
1871,X-HLP3-AR-F3-LAY-04-001,窗,百叶窗-带贴面 - BYC3612-4661526-LAY-4F-1_500-A,MD 1200x2200 DCC-F*2,DCC-F*2,A轴,南区,1.20,2.20,,27011.36,-225.0,A-GLAZ
1872,X-HLP3-AR-F3-LAY-04-001,双扇防火门,双扇平开防火门_带观察窗 - QM1523-4721362-LAY-4F-1_500-A,2850x2600(右) DCC-E,DCC-E,G/H轴,南中区,2.85,2.60,右,209350.0,51650.0,A-DOOR
1873,X-HLP3-AR-F3-LAY-04-001,双扇防火门,双扇平开防火门_带观察窗 - QM1523-4721362-LAY-4F-1_500-A,3500x2300(右) DCC-F,DCC-F,A/B轴,南区,3.50,2.30,右,202800.0,6000.0,A-DOOR
1874,X-HLP3-AR-F3-LAY-04-001,双扇防火门,双扇平开防火门_带观察窗 - QM1523-4721362-LAY-4F-1_500-A,3500x2300(右) DCC-F,DCC-F,A/B轴,南区,3.50,2.30,右,159600.0,6000.0,A-DOOR
1875,X-HLP3-AR-F3-LAY-04-001,双扇防火门,双扇平开防火门_带观察窗 - QM1523-4721500-LAY-4F-1_500-A,2850x1800(左) DCC-C*2,DCC-C*2,K/L轴,南中区,2.85,1.80,左,2800.0,69800.0,A-DOOR
1876,X-HLP3-AR-F3-LAY-04-001,双扇防火门,双扇平开防火门_带观察窗 - QM1523-V454-LAY-4F-1_500-A,2850x1800(左) DCC-E*2,DCC-E*2,Q/R轴,北中区,2.85,1.80,左,108600.0,106625.0,A-DOOR
1877,X-HLP3-AR-F3-LAY-04-001,双扇防火门,双扇平开防火门_带观察窗 - QM1523-V455-LAY-4F-1_500-A,2850x2300(左) DCC,DCC,Q/R轴,北中区,2.85,2.30,左,209350.0,106825.0,A-DOOR
1878,X-HLP3-AR-F3-LAY-04-001,双扇防火门,双扇平开防火门_带观察窗 - QM1523-4721500-LAY-4F-1_500-A,MD 1200x2200 DCC-F*2,DCC-F*2,W/X轴,北区,1.20,2.20,,139700.0,152300.0,A-DOOR
1879,X-HLP3-AR-F3-LAY-04-001,双扇防火门,双扇平开防火门_带观察窗 - QM1523-4721500-LAY-4F-1_500-A,3500x2300(左) DCC-F*2,DCC-F*2,W/X轴,北区,3.50,2.30,左,37800.0,152400.0,A-DOOR
1880,X-HLP3-AR-F3-LAY-04-001,双扇防火门,双扇平开防火门_带观察窗 - QM1523-4721500-LAY-4F-1_500-A,2365*1165(右) DCC,DCC,G/H轴,南中区,2.37,1.17,右,108600.0,51475.0,A-DOOR
1881,X-HLP3-AR-F3-LAY-04-001,双扇防火门,双扇平开防火门_带观察窗 - QM1523-4721500-LAY-4F-1_500-A,2400x1300(右) DCC,DCC,M/N轴,北中区,2.40,1.30,右,239175.0,85100.0,A-DOOR
1882,X-HLP3-AR-F3-LAY-04-001,双扇防火门,双扇平开防火门_带观察窗 - QM1523-4721673-LAY-4F-1_500-A,2850x2600(右) DCC-E*2,DCC-E*2,R/S轴,北中区,2.85,2.60,右,2900.0,112000.0,A-DOOR
1883,X-HLP3-AR-F3-LAY-04-001,柱,防撞柱 - 防撞柱-4749834-LAY-4F-1_500-A,,,A轴,南区,,,,265720.0,630.0,Q-SPCQ
1884,X-HLP3-AR-F3-LAY-04-001,柱,防撞柱 - 防撞柱-V456-LAY-4F-1_500-A,,,A轴,南区,,,,265720.0,-1000.0,Q-SPCQ
1885,X-HLP3-AR-F3-LAY-04-001,柱,防撞柱 - 防撞柱-4750317-LAY-4F-1_500-A,,,A轴,南区,,,,271880.0,630.0,Q-SPCQ
1886,X-HLP3-AR-F3-LAY-04-001,柱,防撞柱 - 防撞柱-V457-LAY-4F-1_500-A,,,A轴,南区,,,,271880.0,-1000.0,Q-SPCQ
1887,X-HLP3-AR-F3-LAY-04-001,其他,橡胶防撞护角 - 橡胶防撞护角-4757622-LAY-4F-1_500-A,,,A/B轴,南区,,,,273100.0,6600.0,Q-SPCQ
1888,X-HLP3-AR-F3-LAY-04-001,其他,橡胶防撞护角 - 橡胶防撞护角-4955324-LAY-4F-1_500-A,,,B/C轴,南区,,,,273100.0,13800.0,Q-SPCQ
1889,X-HLP3-AR-F3-LAY-04-001,其他,橡胶防撞护角 - 橡胶防撞护角-4756569-LAY-4F-1_500-A,,,B/C轴,南区,,,,282800.0,13800.0,Q-SPCQ
1890,X-HLP3-AR-F3-LAY-04-001,其他,橡胶防撞护角 - 橡胶防撞护角-4756569-LAY-4F-1_500-A,,,A/B轴,南区,,,,282800.0,6600.0,Q-SPCQ
1891,X-HLP3-AR-F3-LAY-04-001,其他,橡胶防撞护角 - 橡胶防撞护角-4758498-LAY-4F-1_500-A,,,A轴,南区,,,,273000.0,-150.0,Q-SPCQ
1892,X-HLP3-AR-F3-LAY-04-001,其他,橡胶防撞护角 - 橡胶防撞护角-4757622-LAY-4F-1_500-A,,,A/B轴,南区,,,,263500.0,6600.0,Q-SPCQ
1893,X-HLP3-AR-F3-LAY-04-001,其他,橡胶防撞护角 - 橡胶防撞护角-4758498-LAY-4F-1_500-A,,,A轴,南区,,,,263400.0,-150.0,Q-SPCQ
1894,X-HLP3-AR-F3-LAY-04-001,其他,穿孔铝板 - 穿孔铝板-2F-4828019-LAY-4F-1_500-A,3500x2300(右) DCC-F*2,DCC-F*2,A轴,南区,3.50,2.30,右,246525.0,-325.0,A-GENM
1895,X-HLP3-AR-F3-LAY-04-001,其他,穿孔铝板 - 穿孔铝板-2F-4827807-LAY-4F-1_500-A,DCC,DCC,B/C轴,南区,,,,-150.0,12475.0,A-GENM
1896,X-HLP3-AR-F3-LAY-04-001,其他,穿孔铝板 - 穿孔铝板-2F-4827807-LAY-4F-1_500-A,2365*765 DCC,DCC,A/B轴,南区,2.37,0.77,,-150.0,5275.0,A-GENM
1897,X-HLP3-AR-F3-LAY-04-001,窗,百叶窗-带贴面 - BYC3618-4660152-LAY-4F-1_500-A,,,L/M轴,北中区,,,,292850.0,75611.36,A-GLAZ
1898,X-HLP3-AR-F3-LAY-04-001,墙洞口,矩形墙洞-D - F01-4913053-LAY-4F-1_500-A,2365x1165（右） DCC,DCC,C/D轴,南区,2.37,1.17,右,245025.0,16200.0,A-GENM
1899,X-HLP3-AR-F3-LAY-04-001,墙洞口,矩形墙洞-D - F01-V458-LAY-4F-1_500-A,2365x1165（右） DCC,DCC,C/D轴,南区,2.37,1.17,右,245025.0,19550.0,A-GENM
1900,X-HLP3-AR-F3-LAY-04-001,墙洞口,矩形墙洞-D - F01-4913045-LAY-4F-1_500-A,2365x1165（右） DCC,DCC,D/E轴,南区,2.37,1.17,右,245025.0,23325.0,A-GENM
1901,X-HLP3-AR-F3-LAY-04-001,墙洞口,矩形墙洞-D - F01-4913054-LAY-4F-1_500-A,2365x1165（右） DCC,DCC,D/E轴,南区,2.37,1.17,右,245025.0,26700.0,A-GENM
1902,X-HLP3-AR-F3-LAY-04-001,墙洞口,矩形墙洞-D - F01-4913052-LAY-4F-1_500-A,2365x1165（左） DCC,DCC,E/F轴,南区,2.37,1.17,左,245025.0,30925.0,A-GENM
1903,X-HLP3-AR-F3-LAY-04-001,墙洞口,矩形墙洞-D - F01-4913046-LAY-4F-1_500-A,2365x1165（左） DCC,DCC,E/F轴,南区,2.37,1.17,左,245025.0,34275.0,A-GENM
1904,X-HLP3-AR-F3-LAY-04-001,墙洞口,矩形墙洞-D - F01-4913045-LAY-4F-1_500-A,2365x1165（左） DCC,DCC,F/G轴,南区,2.37,1.17,左,245025.0,37725.0,A-GENM
1905,X-HLP3-AR-F3-LAY-04-001,墙洞口,矩形墙洞-D - F01-4913049-LAY-4F-1_500-A,2365x1165（左） DCC,DCC,F/G轴,南区,2.37,1.17,左,245025.0,41300.0,A-GENM
1906,X-HLP3-AR-F3-LAY-04-001,墙洞口,矩形墙洞-D - F01-4913049-LAY-4F-1_500-A,2365x1165（左） DCC,DCC,G/H轴,南中区,2.37,1.17,左,245025.0,48500.0,A-GENM
1907,X-HLP3-AR-F3-LAY-04-001,墙洞口,矩形墙洞-D - F01-4913051-LAY-4F-1_500-A,2400x1300(右) DCC,DCC,J/K轴,南中区,2.40,1.30,右,245025.0,61775.0,A-GENM
1908,X-HLP3-AR-F3-LAY-04-001,墙洞口,矩形墙洞-D - F01-V459-LAY-4F-1_500-A,2400x1300(右) DCC,DCC,K/L轴,南中区,2.40,1.30,右,245025.0,70100.0,A-GENM
1909,X-HLP3-AR-F3-LAY-04-001,墙洞口,矩形墙洞-D - F01-4913050-LAY-4F-1_500-A,2400x1300(右) DCC,DCC,L/M轴,北中区,2.40,1.30,右,245025.0,73900.0,A-GENM
1910,X-HLP3-AR-F3-LAY-04-001,墙洞口,矩形墙洞-D - F01-V460-LAY-4F-1_500-A,2400x1300(右) DCC,DCC,L/M轴,北中区,2.40,1.30,右,245025.0,77050.0,A-GENM
1911,X-HLP3-AR-F3-LAY-04-001,墙洞口,矩形墙洞-D - F01-V461-LAY-4F-1_500-A,2400x1300(右) DCC,DCC,M/N轴,北中区,2.40,1.30,右,245025.0,81350.0,A-GENM
1912,X-HLP3-AR-F3-LAY-04-001,墙洞口,矩形墙洞-D - F01-V459-LAY-4F-1_500-A,,,M/N轴,北中区,,,,245025.0,84500.0,A-GENM
1913,X-HLP3-AR-F3-LAY-04-001,墙洞口,矩形墙洞-D - F01-4913050-LAY-4F-1_500-A,,,N/P轴,北中区,,,,245025.0,88300.0,A-GENM
1914,X-HLP3-AR-F3-LAY-04-001,墙洞口,矩形墙洞-D - F01-V460-LAY-4F-1_500-A,,,N/P轴,北中区,,,,245025.0,91450.0,A-GENM
1915,X-HLP3-AR-F3-LAY-04-001,墙洞口,矩形墙洞-D - F01-V460-LAY-4F-1_500-A,,,P/Q轴,北中区,,,,245025.0,95500.0,A-GENM
1916,X-HLP3-AR-F3-LAY-04-001,墙洞口,矩形墙洞-D - F01-V459-LAY-4F-1_500-A,,,P/Q轴,北中区,,,,245025.0,98900.0,A-GENM
1917,X-HLP3-AR-F3-LAY-04-001,墙洞口,矩形墙洞-D - F01-4913047-LAY-4F-1_500-A,2000x2300(右) DCC-B,DCC-B,Q/R轴,北中区,2.00,2.30,右,245025.0,102825.0,A-GENM
1918,X-HLP3-AR-F3-LAY-04-001,墙洞口,矩形墙洞-D - F01-V462-LAY-4F-1_500-A,2850x2300(右) DCC-D,DCC-D,S/T轴,北中区,2.85,2.30,右,245025.0,117225.0,A-GENM
1919,X-HLP3-AR-F3-LAY-04-001,墙洞口,矩形墙洞-D - F01-V463-LAY-4F-1_500-A,2850x2300(右) DCC-D,DCC-D,S/T轴,北中区,2.85,2.30,右,245025.0,120275.0,A-GENM
1920,X-HLP3-AR-F3-LAY-04-001,墙洞口,矩形墙洞-D - F01-V464-LAY-4F-1_500-A,,,T/U轴,北中区,,,,245025.0,124525.0,A-GENM
1921,X-HLP3-AR-F3-LAY-04-001,墙洞口,矩形墙洞-D - F01-4913048-LAY-4F-1_500-A,,,T/U轴,北中区,,,,245025.0,127425.0,A-GENM
1922,X-HLP3-AR-F3-LAY-04-001,墙洞口,矩形墙洞-D - F01-V462-LAY-4F-1_500-A,,,U/V轴,北中区,,,,245025.0,131625.0,A-GENM
1923,X-HLP3-AR-F3-LAY-04-001,墙洞口,矩形墙洞-D - F01-4913046-LAY-4F-1_500-A,,,U/V轴,北中区,,,,245025.0,135075.0,A-GENM
1924,X-HLP3-AR-F3-LAY-04-001,墙洞口,矩形墙洞-D - F01-4913045-LAY-4F-1_500-A,,,V/W轴,北区,,,,245025.0,138525.0,A-GENM
1925,X-HLP3-AR-F3-LAY-04-001,墙洞口,矩形墙洞-D - F01-4913044-LAY-4F-1_500-A,,,V/W轴,北区,,,,245025.0,142175.0,A-GENM
1926,X-HLP3-AR-F3-LAY-04-001,墙洞口,矩形墙洞-D - F01-4913042-LAY-4F-1_500-A,,,W/X轴,北区,,,,245025.0,145825.0,A-GENM
1927,X-HLP3-AR-F3-LAY-04-001,墙洞口,矩形墙洞-D - F01-4913043-LAY-4F-1_500-A,3500x2300(左) DCC-F,DCC-F,W/X轴,北区,3.50,2.30,左,245025.0,149575.0,A-GENM
1928,X-HLP3-AR-F3-LAY-04-001,墙洞口,矩形墙洞-D - F01-V465-LAY-4F-1_500-A,3500x2300(左) DCC-F,DCC-F,X/Y轴,北区,3.50,2.30,左,245025.0,153025.0,A-GENM
1929,X-HLP3-AR-F3-LAY-04-001,墙洞口,矩形墙洞-D - F01-4913055-LAY-4F-1_500-A,2365x1165（右） DCC,DCC,D/E轴,南区,2.37,1.17,右,245025.0,25575.0,A-GENM
1930,X-HLP3-AR-F3-LAY-04-001,墙洞口,矩形墙洞-D - F01-4913041-LAY-4F-1_500-A,,,L/M轴,北中区,,,,251774.6,79200.0,A-GENM
1931,X-HLP3-AR-F3-LAY-04-001,楼板洞口,楼板洞口-A - F01-翻边100-4955252-LAY-4F-1_500-A,,,V/W轴,北区,,,,245525.0,144300.0,A-GENM
1932,X-HLP3-AR-F3-LAY-04-001,楼板洞口,楼板洞口-A - CO-翻边100mm-4954296-LAY-4F-1_500-A,,,X/Y轴,北区,,,,263500.0,155500.0,A-GENM
1933,X-HLP3-AR-F3-LAY-04-001,楼板洞口,楼板洞口-A - F01-翻边100-4954553-LAY-4F-1_500-A,2850x2300(右) DCC-D,DCC-D,Q/R轴,北中区,2.85,2.30,右,245525.0,108300.0,A-GENM
1934,X-HLP3-AR-F3-LAY-04-001,楼板洞口,楼板洞口-A - F01-翻边100-4954553-LAY-4F-1_500-A,2400x1300(右) DCC,DCC,H/J轴,南中区,2.40,1.30,右,245525.0,57900.0,A-GENM
1935,X-HLP3-AR-F3-LAY-04-001,楼板洞口,楼板洞口-A - F01-翻边100-4954779-LAY-4F-1_500-A,,,A轴,南区,,,,261700.0,800.0,A-GENM
1936,X-HLP3-AR-F3-LAY-04-001,楼板洞口,楼板洞口-A - 楼板洞口-翻边100mm-4955068-LAY-4F-1_500-A,,,C/D轴,南区,,,,274100.0,20600.0,A-GENM
1937,X-HLP3-AR-F3-LAY-04-001,其他,分区-小比例 - A-1058767-LAY-4F-1_500-A,,,A轴,南区,,,,-10056.56,-31326.9,A-DETL-GENF
1938,X-HLP3-AR-F3-LAY-04-001,其他,高程点-说明仿宋-2 - 高程点-说明仿宋-2-1141479-LAY-4F-1_500-A,,,P/Q轴,北中区,,,,267232.25,99693.34,A-ANNO-NOTE
1939,X-HLP3-AR-F3-LAY-04-001,其他,高程点-说明仿宋-2 - 高程点-说明仿宋-2-1141479-LAY-4F-1_500-A,2365x1165（右）,,F/G轴,南区,2.37,1.17,右,267232.25,39075.68,A-ANNO-NOTE
1940,X-HLP3-AR-F3-LAY-04-001,其他,高程点-说明仿宋-2 - 高程点-说明仿宋-2-1141479-LAY-4F-1_500-A,2365*1165(右) DCC,DCC,K/L轴,南中区,2.37,1.17,右,117335.78,73207.23,A-ANNO-NOTE
1941,X-HLP3-AR-F3-LAY-04-001,其他,高程点-说明仿宋-2 - 高程点-说明仿宋-2-1141479-LAY-4F-1_500-A,,,K/L轴,南中区,,,,30935.78,73207.23,A-ANNO-NOTE
1942,X-HLP3-AR-F3-LAY-04-001,其他,高程点-说明仿宋-2 - 高程点-说明仿宋-2-1141479-LAY-4F-1_500-A,2400x1300(右),,K/L轴,南中区,2.40,1.30,右,203735.78,73207.23,A-ANNO-NOTE
1943,X-HLP3-AR-F3-LAY-04-001,其他,高程点-说明仿宋-2 - 高程点-说明仿宋-2-1141479-LAY-4F-1_500-A,,,T/U轴,北中区,,,,117335.78,130807.23,A-ANNO-NOTE
1944,X-HLP3-AR-F3-LAY-04-001,其他,高程点-说明仿宋-2 - 高程点-说明仿宋-2-1141479-LAY-4F-1_500-A,,,T/U轴,北中区,,,,30935.78,130807.23,A-ANNO-NOTE
1945,X-HLP3-AR-F3-LAY-04-001,其他,高程点-说明仿宋-2 - 高程点-说明仿宋-2-1141479-LAY-4F-1_500-A,,,T/U轴,北中区,,,,203735.78,130807.23,A-ANNO-NOTE
1946,X-HLP3-AR-F3-LAY-04-001,其他,高程点-说明仿宋-2 - 高程点-说明仿宋-2-1141479-LAY-4F-1_500-A,,,B/C轴,南区,,,,117335.78,15607.23,A-ANNO-NOTE
1947,X-HLP3-AR-F3-LAY-04-001,其他,高程点-说明仿宋-2 - 高程点-说明仿宋-2-1141479-LAY-4F-1_500-A,2365*765 DCC,DCC,B/C轴,南区,2.37,0.77,,30935.78,15607.23,A-ANNO-NOTE
1948,X-HLP3-AR-F3-LAY-04-001,其他,高程点-说明仿宋-2 - 高程点-说明仿宋-2-1141479-LAY-4F-1_500-A,,,B/C轴,南区,,,,203735.78,15607.23,A-ANNO-NOTE
1949,X-HLP3-AR-F3-LAY-04-001,其他,高程点-说明仿宋-2 - 高程点-说明仿宋-2-1141479-LAY-4F-1_500-A,,,T/U轴,北中区,,,,66235.78,130807.23,A-ANNO-NOTE
1950,X-HLP3-AR-F3-LAY-04-001,其他,高程点-说明仿宋-2 - 高程点-说明仿宋-2-1141479-LAY-4F-1_500-A,,,K/L轴,南中区,,,,66235.78,68807.23,A-ANNO-NOTE
1951,X-HLP3-AR-F3-LAY-04-001,其他,高程点-说明仿宋-2 - 高程点-说明仿宋-2-1141479-LAY-4F-1_500-A,2850x2300(右) DCC-D*2,DCC-D*2,F/G轴,南区,2.85,2.30,右,19473.67,43668.2,A-ANNO-NOTE
1952,X-HLP3-AR-F3-LAY-04-001,其他,高程点-说明仿宋-2 - 高程点-说明仿宋-2-1141479-LAY-4F-1_500-A,2850x2300(右) DCC-D,DCC-D,R/S轴,北中区,2.85,2.30,右,19473.67,113768.2,A-ANNO-NOTE
1953,X-HLP3-AR-F3-LAY-04-001,其他,高程点-说明仿宋-2 - 高程点-说明仿宋-2-1141479-LAY-4F-1_500-A,2850x2300(右) DCC-D,DCC-D,S/T轴,北中区,2.85,2.30,右,31672.95,123382.05,A-ANNO-NOTE
1954,X-HLP3-AR-F3-LAY-04-001,其他,高程点-说明仿宋-2 - 高程点-说明仿宋-2-1141479-LAY-4F-1_500-A,2850x2600(右) DCC-E,DCC-E,S/T轴,北中区,2.85,2.60,右,136084.97,123032.46,A-ANNO-NOTE
1955,X-HLP3-AR-F3-LAY-04-001,其他,高程点-说明仿宋-2 - 高程点-说明仿宋-2-1141479-LAY-4F-1_500-A,2850x2300(右) DCC-D,DCC-D,S/T轴,北中区,2.85,2.30,右,49994.09,123382.05,A-ANNO-NOTE
1956,X-HLP3-AR-F3-LAY-04-001,其他,高程点-说明仿宋-2 - 高程点-说明仿宋-2-1141479-LAY-4F-1_500-A,2850x1800(右) DCC-C*2,DCC-C*2,S/T轴,北中区,2.85,1.80,右,201955.91,123382.05,A-ANNO-NOTE
1957,X-HLP3-AR-F3-LAY-04-001,其他,高程点-说明仿宋-2 - 高程点-说明仿宋-2-1141479-LAY-4F-1_500-A,2850x1800(右) DCC-C*2,DCC-C*2,S/T轴,北中区,2.85,1.80,右,220074.09,123382.05,A-ANNO-NOTE
1958,X-HLP3-AR-F3-LAY-04-001,其他,高程点-说明仿宋-2 - 高程点-说明仿宋-2-1141479-LAY-4F-1_500-A,,,E/F轴,南区,,,,31672.95,32452.61,A-ANNO-NOTE
1959,X-HLP3-AR-F3-LAY-04-001,其他,高程点-说明仿宋-2 - 高程点-说明仿宋-2-1141479-LAY-4F-1_500-A,,,E/F轴,南区,,,,136084.97,32103.02,A-ANNO-NOTE
1960,X-HLP3-AR-F3-LAY-04-001,其他,高程点-说明仿宋-2 - 高程点-说明仿宋-2-1141479-LAY-4F-1_500-A,2850x2600(左) DCC-E*2,DCC-E*2,E/F轴,南区,2.85,2.60,左,49994.09,35552.61,A-ANNO-NOTE
1961,X-HLP3-AR-F3-LAY-04-001,其他,高程点-说明仿宋-2 - 高程点-说明仿宋-2-1141479-LAY-4F-1_500-A,2850x1800(左) DCC-C*2,DCC-C*2,E/F轴,南区,2.85,1.80,左,201955.91,35552.61,A-ANNO-NOTE
1962,X-HLP3-AR-F3-LAY-04-001,其他,高程点-说明仿宋-2 - 高程点-说明仿宋-2-1141479-LAY-4F-1_500-A,,,E/F轴,南区,,,,220074.09,32452.61,A-ANNO-NOTE
1963,X-HLP3-AR-F3-LAY-04-001,其他,坡度_自定义2 - 实心箭头 2-1911193-LAY-4F-1_500-A,3500x2300(右) DCC-F*2,DCC-F*2,A/B轴,南区,3.50,2.30,右,249937.92,5203.89,A-ANNO-NOTE
1964,X-HLP3-AR-F3-LAY-04-001,其他,高程点-说明仿宋-2 - 高程点-说明仿宋-2-4112226-LAY-4F-1_500-A,3500x2300(右) DCC-F*2,DCC-F*2,A/B轴,南区,3.50,2.30,右,245508.75,6060.44,A-ANNO-NOTE
1965,X-HLP3-AR-F3-LAY-04-001,其他,高程点-说明仿宋-2 - 高程点-说明仿宋-2-1141479-LAY-4F-1_500-A,,,A/B轴,南区,,,,266126.03,2979.05,A-ANNO-NOTE
1966,X-HLP3-AR-F3-LAY-04-001,其他,高程点-说明仿宋 - 高程点-说明仿宋-4221401-LAY-4F-1_500-A,2000x2300(右) DCC-B*2,DCC-B*2,G/H轴,南中区,2.00,2.30,右,12436.54,45709.69,A-ANNO-NOTE
1967,X-HLP3-AR-F3-LAY-04-001,其他,高程点-说明仿宋 - 高程点-说明仿宋-4221401-LAY-4F-1_500-A,2000*2300(左) DCC-B,DCC-B,F/G轴,南区,2.00,2.30,左,61856.0,43606.0,A-ANNO-NOTE
1968,X-HLP3-AR-F3-LAY-04-001,其他,高程点-说明仿宋 - 高程点-说明仿宋-4221401-LAY-4F-1_500-A,2000*2300(右) DCC-D*2,DCC-D*2,R/S轴,北中区,2.00,2.30,右,61236.83,112943.19,A-ANNO-NOTE
1969,X-HLP3-AR-F3-LAY-04-001,其他,高程点-说明仿宋 - 高程点-说明仿宋-4221401-LAY-4F-1_500-A,2000*2300(左) DCC-B,DCC-B,R/S轴,北中区,2.00,2.30,左,189486.54,114109.69,A-ANNO-NOTE
1970,X-HLP3-AR-F3-LAY-04-001,其他,高程点-说明仿宋 - 高程点-说明仿宋-4221401-LAY-4F-1_500-A,2365x765 DCC,DCC,G/H轴,南中区,2.37,0.77,,228436.54,45609.69,A-ANNO-NOTE
1971,X-HLP3-AR-F3-LAY-04-001,其他,高程点-说明仿宋 - 高程点-说明仿宋-3488177-LAY-4F-1_500-A,,,A轴,南区,,,,271196.93,0.0,A-ANNO-NOTE
1972,X-HLP3-AR-PB6-LAY-03-001,其他,ST-PB6-01-C-001_HLP2_rvt-1-3F,3500x2300(左) DCC-F,DCC-F,A轴,南区,3.50,2.30,左,0.0,0.0,0
1973,X-HLP3-AR-PB6-LAY-03-001,窗,四扇单列组合窗_中开启 - LC1260-689972-3F,2365*765 DCC,DCC,A/B轴,南区,2.37,0.77,,-550.0,5100.0,A-GLAZ
1974,X-HLP3-AR-PB6-LAY-03-001,窗,四扇单列组合窗_中开启 - LC1260-689972-3F,,,C/D轴,南区,,,,-550.0,19100.0,A-GLAZ
1975,X-HLP3-AR-PB6-LAY-03-001,其他,高程点 - 高程点-103621-3F,3500x2300(左) DCC-F,DCC-F,B/C轴,南区,3.50,2.30,左,2384.34,10525.28,G-ANNO-DIMS
1976,X-HLP3-AR-PB6A-LAY-03-001,其他,ST-PB6A-01-C-001_HLP2_rvt-1-3F,3500x2300(左) DCC-F,DCC-F,A轴,南区,3.50,2.30,左,0.0,0.0,0
1977,X-HLP3-AR-PB6A-LAY-03-001,墙洞口,HW-矩形墙洞 - 矩形墙洞-608450-3F,3500x2300(左) DCC-F,DCC-F,A轴,南区,3.50,2.30,左,3725.0,-1200.0,A-GENM
1978,X-HLP3-AR-PB6A-LAY-03-001,墙洞口,HW-矩形墙洞 - 矩形墙洞-V1-3F,2365*965 DCC,DCC,D/E轴,南区,2.37,0.96,,3725.0,24600.0,A-GENM
1979,X-HLP3-AR-PB6A-LAY-03-001,窗,四扇单列组合窗_中开启 - LC1260-554311-3F,2365*765 DCC,DCC,A/B轴,南区,2.37,0.77,,-550.0,5100.0,A-GLAZ
1980,X-HLP3-AR-PB6A-LAY-03-001,窗,四扇单列组合窗_中开启 - LC1260-554311-3F,,,C/D轴,南区,,,,-550.0,19100.0,A-GLAZ
1981,X-HLP3-AR-PB6A-LAY-03-001,梁,剖面梁 - _1_50-572056-3F,2365*965 DCC,DCC,D/E轴,南区,2.37,0.96,,0.0,25550.0,A-DETL-GENF
1982,X-HLP3-AR-PB6A-LAY-03-001,梁,剖面梁 - _1_50-572056-3F,3600X500,,D/E轴,南区,3.60,0.50,,7200.0,25550.0,A-DETL-GENF
1983,X-HLP3-AR-PB6A-LAY-03-001,梁,剖面梁 - _1_50-572056-3F,3500x2300(左) DCC-F,DCC-F,A轴,南区,3.50,2.30,左,0.0,-2150.0,A-DETL-GENF
1984,X-HLP3-AR-PB6A-LAY-03-001,梁,剖面梁 - _1_50-572056-3F,2365*765 DCC,DCC,A轴,南区,2.37,0.77,,7200.0,-2150.0,A-DETL-GENF
1985,X-HLP3-AR-PB6A-LAY-03-001,其他,高程点 - 高程点-103621-3F,3500x2300(左) DCC,DCC,B/C轴,南区,3.50,2.30,左,2071.35,10576.1,G-ANNO-DIMS
1986,X-HLP3-AR-PB6A-LAY-03-001,其他,上下索引-上 - 标准-560930-3F,2365*965 DCC,DCC,D/E轴,南区,2.37,0.96,,-1184.62,23750.0,A-ANNO-NOTE
1987,X-HLP3-AR-PB6A-LAY-03-001,其他,上下索引-上 - 标准-560930-3F,2365*765 DCC,DCC,A轴,南区,2.37,0.77,,-1184.62,-350.0,A-ANNO-NOTE
1988,X-HLP3-CR-B3-LAY-KEQP-04-001,其他,FFU1212-U16,3500x2300(左) DCC-F,DCC-F,B/C轴,南区,3.50,2.30,左,67486.51,10893.22,K-CEIL-FFU-U14
1989,X-HLP3-CR-B3-LAY-KEQP-04-001,DCC设备,DCC-2365DCC-2410-Horizotal,2365*965 DCC,DCC,D/E轴,南区,2.37,0.96,,4700.0,29600.0,X-HL-CR-F1-EQP-02-01$0$0-DCC
1990,X-HLP3-CR-B3-LAY-KEQP-04-001,DCC设备,DCC-2365DCC-2410-Horizotal,3600X500,DCC-2365,D/E轴,南区,3.60,0.50,,9500.0,29600.0,X-HL-CR-F1-EQP-02-01$0$0-DCC
1991,X-HLP3-CR-B3-LAY-KEQP-04-001,DCC设备,DCC-2365DCC-2410-Horizotal,3600X500 DCC,DCC,D/E轴,南区,3.60,0.50,,14300.0,29600.0,X-HL-CR-F1-EQP-02-01$0$0-DCC
1992,X-HLP3-CR-B3-LAY-KEQP-04-001,DCC设备,DCC-2365DCC-2410-Horizotal,2365*965,DCC-2365,D/E轴,南区,2.37,0.96,,19100.0,29600.0,X-HL-CR-F1-EQP-02-01$0$0-DCC
1993,X-HLP3-CR-B3-LAY-KEQP-04-001,DCC设备,DCC-2406,2400x600 2850x2300(左) DCC-D*2,DCC-D*2,F/G轴,南区,2.40,0.60,左,44920.28,41120.52,0
1994,X-HLP3-CR-B3-LAY-KEQP-04-001,DCC设备,DCC-2406,2400x600 2850x2300(右) DCC-D,DCC-D,F/G轴,南区,2.40,0.60,右,-1145.28,41120.52,0
1995,X-HLP3-CR-B3-LAY-KEQP-04-001,其他,FFU1212-U16,2365*965 DCC,DCC,C/D轴,南区,2.37,0.96,,21000.0,17850.0,K-CEIL-FFU-U14
1996,X-HLP3-CR-B3-LAY-KEQP-04-001,其他,FFU1212-U16,2365*765 DCC,DCC,B/C轴,南区,2.37,0.77,,21000.0,15450.0,K-CEIL-FFU-U14
1997,X-HLP3-CR-B3-LAY-KEQP-04-001,其他,FFU1212-U16,2365*765 DCC,DCC,B/C轴,南区,2.37,0.77,,21000.0,13050.0,K-CEIL-FFU-U14
1998,X-HLP3-CR-B3-LAY-KEQP-04-001,其他,FFU1212-U16,2365*765 DCC,DCC,B/C轴,南区,2.37,0.77,,21000.0,10650.0,K-CEIL-FFU-U14
1999,X-HLP3-CR-B3-LAY-KEQP-04-001,其他,FFU1212-U16,3500x2300(左) DCC-F,DCC-F,A/B轴,南区,3.50,2.30,左,21000.0,8250.0,K-CEIL-FFU-U14
2000,X-HLP3-CR-B3-LAY-KEQP-04-001,其他,FFU1212-U16,3500x2300(左) DCC-F,DCC-F,A/B轴,南区,3.50,2.30,左,21000.0,5850.0,K-CEIL-FFU-U14
2001,X-HLP3-CR-B3-LAY-KEQP-04-001,其他,FFU1212-U16,,,C/D轴,南区,,,,16200.0,17850.0,K-CEIL-FFU-U14
2002,X-HLP3-CR-B3-LAY-KEQP-04-001,其他,FFU1212-U16,,,B/C轴,南区,,,,16200.0,15450.0,K-CEIL-FFU-U14
2003,X-HLP3-CR-B3-LAY-KEQP-04-001,其他,FFU1212-U16,,,B/C轴,南区,,,,16200.0,13050.0,K-CEIL-FFU-U14
2004,X-HLP3-CR-B3-LAY-KEQP-04-001,其他,FFU1212-U16,3500x2300(左) DCC-F,DCC-F,B/C轴,南区,3.50,2.30,左,16200.0,10650.0,K-CEIL-FFU-U14
2005,X-HLP3-CR-B3-LAY-KEQP-04-001,其他,FFU1212-U16,3500x2300(左) DCC-F,DCC-F,A/B轴,南区,3.50,2.30,左,16200.0,8250.0,K-CEIL-FFU-U14
2006,X-HLP3-CR-B3-LAY-KEQP-04-001,其他,FFU1212-U16,3500x2300(左) DCC-F,DCC-F,A/B轴,南区,3.50,2.30,左,16200.0,5850.0,K-CEIL-FFU-U14
2007,X-HLP3-CR-B3-LAY-KEQP-04-001,其他,FFU1212-U16,,,C/D轴,南区,,,,7800.0,17855.43,K-CEIL-FFU-U14
2008,X-HLP3-CR-B3-LAY-KEQP-04-001,其他,FFU1212-U16,,,B/C轴,南区,,,,7800.0,15455.43,K-CEIL-FFU-U14
2009,X-HLP3-CR-B3-LAY-KEQP-04-001,其他,FFU1212-U16,,,B/C轴,南区,,,,7800.0,13055.43,K-CEIL-FFU-U14
2010,X-HLP3-CR-B3-LAY-KEQP-04-001,其他,FFU1212-U16,3500x2300(左) DCC-F,DCC-F,B/C轴,南区,3.50,2.30,左,7800.0,10655.43,K-CEIL-FFU-U14
2011,X-HLP3-CR-B3-LAY-KEQP-04-001,其他,FFU1212-U16,3500x2300(左) DCC-F,DCC-F,B/C轴,南区,3.50,2.30,左,5400.0,10655.43,K-CEIL-FFU-U14
2012,X-HLP3-CR-B3-LAY-KEQP-04-001,其他,FFU1212-U16,,,C/D轴,南区,,,,5400.0,17850.0,K-CEIL-FFU-U14
2013,X-HLP3-CR-B3-LAY-KEQP-04-001,其他,FFU1212-U16,,,B/C轴,南区,,,,5400.0,15450.0,K-CEIL-FFU-U14
2014,X-HLP3-CR-B3-LAY-KEQP-04-001,其他,FFU1212-U16,,,B/C轴,南区,,,,5400.0,13050.0,K-CEIL-FFU-U14
2015,X-HLP3-CR-B3-LAY-KEQP-04-001,其他,FFU1212-U16,3500x2300(左) DCC-F,DCC-F,A/B轴,南区,3.50,2.30,左,7800.0,8250.0,K-CEIL-FFU-U14
2016,X-HLP3-CR-B3-LAY-KEQP-04-001,其他,FFU1212-U16,3500x2300(左) DCC-F,DCC-F,A/B轴,南区,3.50,2.30,左,7800.0,5850.0,K-CEIL-FFU-U14
2017,X-HLP3-CR-B3-LAY-KEQP-04-001,其他,FFU1212-U16,,,C/D轴,南区,,,,1800.0,17850.0,K-CEIL-FFU-U14
2018,X-HLP3-CR-B3-LAY-KEQP-04-001,其他,FFU1212-U16,,,B/C轴,南区,,,,1800.0,15450.0,K-CEIL-FFU-U14
2019,X-HLP3-CR-B3-LAY-KEQP-04-001,其他,FFU1212-U16,3500x2300(左) DCC-F,DCC-F,A/B轴,南区,3.50,2.30,左,5400.0,8250.0,K-CEIL-FFU-U14
2020,X-HLP3-CR-B3-LAY-KEQP-04-001,其他,FFU1212-U16,3500x2300(左) DCC-F,DCC-F,A/B轴,南区,3.50,2.30,左,1794.57,5850.0,K-CEIL-FFU-U14
2021,X-HLP3-CR-B3-LAY-KEQP-04-001,其他,FFU1212-U16,3500x2300(左) DCC-F,DCC-F,A轴,南区,3.50,2.30,左,1800.0,1050.0,K-CEIL-FFU-U14
2022,X-HLP3-CR-B3-LAY-KEQP-04-001,其他,FFU1212-U16,3500x2300(左) DCC-F,DCC-F,A轴,南区,3.50,2.30,左,5400.0,1050.0,K-CEIL-FFU-U14
2023,X-HLP3-CR-B3-LAY-KEQP-04-001,其他,FFU1212-U16,,,C/D轴,南区,,,,15000.0,17850.0,K-CEIL-FFU-U14
2024,X-HLP3-CR-B3-LAY-KEQP-04-001,其他,FFU1212-U16,,,B/C轴,南区,,,,15000.0,15450.0,K-CEIL-FFU-U14
2025,X-HLP3-CR-B3-LAY-KEQP-04-001,其他,FFU1212-U16,,,B/C轴,南区,,,,15000.0,13050.0,K-CEIL-FFU-U14
2026,X-HLP3-CR-B3-LAY-KEQP-04-001,其他,FFU1212-U16,3500x2300(左) DCC-F,DCC-F,B/C轴,南区,3.50,2.30,左,15000.0,10650.0,K-CEIL-FFU-U14
2027,X-HLP3-CR-B3-LAY-KEQP-04-001,其他,FFU1212-U16,3500x2300(左) DCC-F,DCC-F,A/B轴,南区,3.50,2.30,左,15000.0,8250.0,K-CEIL-FFU-U14
2028,X-HLP3-CR-B3-LAY-KEQP-04-001,其他,FFU1212-U16,3500x2300(左) DCC-F,DCC-F,A/B轴,南区,3.50,2.30,左,15000.0,5850.0,K-CEIL-FFU-U14
2029,X-HLP3-CR-B3-LAY-KEQP-04-001,其他,FFU1212-U16,,,C/D轴,南区,,,,12600.0,17850.0,K-CEIL-FFU-U14
2030,X-HLP3-CR-B3-LAY-KEQP-04-001,其他,FFU1212-U16,,,B/C轴,南区,,,,12600.0,15450.0,K-CEIL-FFU-U14
2031,X-HLP3-CR-B3-LAY-KEQP-04-001,其他,FFU1212-U16,,,B/C轴,南区,,,,12600.0,13050.0,K-CEIL-FFU-U14
2032,X-HLP3-CR-B3-LAY-KEQP-04-001,其他,FFU1212-U16,3500x2300(左) DCC-F,DCC-F,B/C轴,南区,3.50,2.30,左,12600.0,10650.0,K-CEIL-FFU-U14
2033,X-HLP3-CR-B3-LAY-KEQP-04-001,其他,FFU1212-U16,3500x2300(左) DCC-F,DCC-F,A/B轴,南区,3.50,2.30,左,12600.0,8250.0,K-CEIL-FFU-U14
2034,X-HLP3-CR-B3-LAY-KEQP-04-001,其他,FFU1212-U16,3500x2300(左) DCC-F,DCC-F,A/B轴,南区,3.50,2.30,左,12600.0,5850.0,K-CEIL-FFU-U14
2035,X-HLP3-CR-B3-LAY-KEQP-04-001,其他,FFU1212-U16,3500x2300(左) DCC-F,DCC-F,A/B轴,南区,3.50,2.30,左,5400.0,5850.0,K-CEIL-FFU-U14
2036,X-HLP3-CR-B3-LAY-KEQP-04-001,其他,FFU1212-U16,2365*765 DCC,DCC,C/D轴,南区,2.37,0.77,,23400.0,17850.0,K-CEIL-FFU-U14
2037,X-HLP3-CR-B3-LAY-KEQP-04-001,其他,FFU1212-U16,2365*765 DCC,DCC,B/C轴,南区,2.37,0.77,,23400.0,15450.0,K-CEIL-FFU-U14
2038,X-HLP3-CR-B3-LAY-KEQP-04-001,其他,FFU1212-U16,2365*765 DCC,DCC,B/C轴,南区,2.37,0.77,,23400.0,13050.0,K-CEIL-FFU-U14
2039,X-HLP3-CR-B3-LAY-KEQP-04-001,其他,FFU1212-U16,2365*765 DCC,DCC,B/C轴,南区,2.37,0.77,,23400.0,10650.0,K-CEIL-FFU-U14
2040,X-HLP3-CR-B3-LAY-KEQP-04-001,其他,FFU1212-U16,2365*765 DCC,DCC,A/B轴,南区,2.37,0.77,,23400.0,8250.0,K-CEIL-FFU-U14
2041,X-HLP3-CR-B3-LAY-KEQP-04-001,其他,FFU1212-U16,3500x2300(左) DCC-F*2,DCC-F*2,A/B轴,南区,3.50,2.30,左,23400.0,5850.0,K-CEIL-FFU-U14
2042,X-HLP3-CR-B3-LAY-KEQP-04-001,其他,FFU1212-U16,2365*965,,C/D轴,南区,2.37,0.96,,21000.0,20250.0,K-CEIL-FFU-U14
2043,X-HLP3-CR-B3-LAY-KEQP-04-001,其他,FFU1212-U16,2365*965,,C/D轴,南区,2.37,0.96,,16200.0,20250.0,K-CEIL-FFU-U14
2044,X-HLP3-CR-B3-LAY-KEQP-04-001,其他,FFU1212-U16,3600X500,,C/D轴,南区,3.60,0.50,,7800.0,20255.43,K-CEIL-FFU-U14
2045,X-HLP3-CR-B3-LAY-KEQP-04-001,其他,FFU1212-U16,3600X500,,C/D轴,南区,3.60,0.50,,5400.0,20250.0,K-CEIL-FFU-U14
2046,X-HLP3-CR-B3-LAY-KEQP-04-001,其他,FFU1212-U16,,,C/D轴,南区,,,,1800.0,20250.0,K-CEIL-FFU-U14
2047,X-HLP3-CR-B3-LAY-KEQP-04-001,其他,FFU1212-U16,2365*965,,C/D轴,南区,2.37,0.96,,15000.0,20250.0,K-CEIL-FFU-U14
2048,X-HLP3-CR-B3-LAY-KEQP-04-001,其他,FFU1212-U16,3600X500,,C/D轴,南区,3.60,0.50,,12600.0,20250.0,K-CEIL-FFU-U14
2049,X-HLP3-CR-B3-LAY-KEQP-04-001,其他,FFU1212-U16,2365*965 DCC,DCC,C/D轴,南区,2.37,0.96,,23400.0,20250.0,K-CEIL-FFU-U14
2050,X-HLP3-CR-B3-LAY-KEQP-04-001,其他,FFU1212-U16,2365*965,,C/D轴,南区,2.37,0.96,,16200.0,22650.0,K-CEIL-FFU-U14
2051,X-HLP3-CR-B3-LAY-KEQP-04-001,其他,FFU1212-U16,2365*965 DCC,DCC,C/D轴,南区,2.37,0.96,,1800.0,22650.0,K-CEIL-FFU-U14
2052,X-HLP3-CR-B3-LAY-KEQP-04-001,其他,FFU1212-U16,3600X500,,C/D轴,南区,3.60,0.50,,12600.0,22650.0,K-CEIL-FFU-U14
2053,X-HLP3-CR-B3-LAY-KEQP-04-001,其他,FFU1212-U16,2365*965,,C/D轴,南区,2.37,0.96,,23400.0,22650.0,K-CEIL-FFU-U14
2054,X-HLP3-CR-B3-LAY-KEQP-04-001,其他,FFU1212-U16,2365*965,,D/E轴,南区,2.37,0.96,,21000.0,25050.0,K-CEIL-FFU-U14
2055,X-HLP3-CR-B3-LAY-KEQP-04-001,其他,FFU1212-U16,2365*965,,D/E轴,南区,2.37,0.96,,16200.0,25050.0,K-CEIL-FFU-U14
2056,X-HLP3-CR-B3-LAY-KEQP-04-001,其他,FFU1212-U16,3600X500,,D/E轴,南区,3.60,0.50,,7800.0,25055.43,K-CEIL-FFU-U14
2057,X-HLP3-CR-B3-LAY-KEQP-04-001,其他,FFU1212-U16,3600X500,,D/E轴,南区,3.60,0.50,,5400.0,25050.0,K-CEIL-FFU-U14
2058,X-HLP3-CR-B3-LAY-KEQP-04-001,其他,FFU1212-U16,2365*965 DCC,DCC,D/E轴,南区,2.37,0.96,,1800.0,25050.0,K-CEIL-FFU-U14
2059,X-HLP3-CR-B3-LAY-KEQP-04-001,其他,FFU1212-U16,3600X500,,D/E轴,南区,3.60,0.50,,15000.0,25050.0,K-CEIL-FFU-U14
2060,X-HLP3-CR-B3-LAY-KEQP-04-001,其他,FFU1212-U16,3600X500,,D/E轴,南区,3.60,0.50,,12600.0,25050.0,K-CEIL-FFU-U14
2061,X-HLP3-CR-B3-LAY-KEQP-04-001,其他,FFU1212-U16,2365*965,,D/E轴,南区,2.37,0.96,,23400.0,25050.0,K-CEIL-FFU-U14
2062,X-HLP3-CR-B3-LAY-KEQP-04-001,其他,FFU1212-U16,2365*965,,D/E轴,南区,2.37,0.96,,21000.0,27450.0,K-CEIL-FFU-U14
2063,X-HLP3-CR-B3-LAY-KEQP-04-001,其他,FFU1212-U16,3600X500,,D/E轴,南区,3.60,0.50,,16200.0,27450.0,K-CEIL-FFU-U14
2064,X-HLP3-CR-B3-LAY-KEQP-04-001,其他,FFU1212-U16,3600X500 DCC,DCC,D/E轴,南区,3.60,0.50,,7800.0,27455.43,K-CEIL-FFU-U14
2065,X-HLP3-CR-B3-LAY-KEQP-04-001,其他,FFU1212-U16,2365*965 DCC,DCC,D/E轴,南区,2.37,0.96,,5400.0,27450.0,K-CEIL-FFU-U14
2066,X-HLP3-CR-B3-LAY-KEQP-04-001,其他,FFU1212-U16,2365*965 DCC,DCC,D/E轴,南区,2.37,0.96,,1800.0,27450.0,K-CEIL-FFU-U14
2067,X-HLP3-CR-B3-LAY-KEQP-04-001,其他,FFU1212-U16,3600X500,,D/E轴,南区,3.60,0.50,,15000.0,27450.0,K-CEIL-FFU-U14
2068,X-HLP3-CR-B3-LAY-KEQP-04-001,其他,FFU1212-U16,3600X500,,D/E轴,南区,3.60,0.50,,12600.0,27450.0,K-CEIL-FFU-U14
2069,X-HLP3-CR-B3-LAY-KEQP-04-001,其他,FFU1212-U16,2365*965,,D/E轴,南区,2.37,0.96,,23400.0,27450.0,K-CEIL-FFU-U14
2070,X-HLP3-CR-B3-LAY-KEQP-04-001,其他,FFU1212-U16,3500x2300(左) DCC-F,DCC-F,A/B轴,南区,3.50,2.30,左,1794.57,3450.0,K-CEIL-FFU-U14
2071,X-HLP3-CR-B3-LAY-KEQP-04-001,其他,FFU1212-U16,3500x2300(左) DCC-F,DCC-F,A/B轴,南区,3.50,2.30,左,1794.57,8250.0,K-CEIL-FFU-U14
2072,X-HLP3-CR-B3-LAY-KEQP-04-001,DCC设备,DCC-2406,2400x600 2850x2300(右) DCC-D,DCC-D,F/G轴,南区,2.40,0.60,右,-3545.28,41120.52,0
2073,X-HLP3-CR-B3-LAY-KEQP-04-001,DCC设备,DCC-4-3,3500x2300(左) DCC-F,DCC-F,A/B轴,南区,3.50,2.30,左,700.0,3257.05,0
2074,X-HLP3-CR-B3-LAY-KEQP-04-001,DCC设备,DCC-2406,2400x600,DCC-2406,C/D轴,南区,2.40,0.60,,56920.52,22545.28,0
2075,X-HLP3-CR-B3-LAY-KEQP-04-001,DCC设备,DCC-2365DCC-2410-Horizotal,2365*965,DCC-2365,C/D轴,南区,2.37,0.96,,26075.0,22153.0,X-HL-CR-F1-EQP-02-01$0$0-DCC
2076,X-HLP3-CR-B3-LAY-KEQP-04-001,DCC设备,DCC-2365DCC-2410-Horizotal,2365*965 DCC,DCC,C/D轴,南区,2.37,0.96,,26075.0,19753.0,X-HL-CR-F1-EQP-02-01$0$0-DCC
2077,X-HLP3-CR-B3-LAY-KEQP-04-001,DCC设备,DCC-2365DCC-2410-Horizotal,2365*765 DCC,DCC,B/C轴,南区,2.37,0.77,,26075.0,13753.0,X-HL-CR-F1-EQP-02-01$0$0-DCC
2078,X-HLP3-CR-B3-LAY-KEQP-04-001,DCC设备,DCC-2365DCC-2410-Horizotal,2365*765 DCC,DCC,B/C轴,南区,2.37,0.77,,26075.0,11353.0,X-HL-CR-F1-EQP-02-01$0$0-DCC
2079,X-HLP3-CR-B3-LAY-KEQP-04-001,DCC设备,DCC-2365DCC-2410-Horizotal,3600X500 DCC,DCC,D/E轴,南区,3.60,0.50,,7100.0,29600.0,X-HL-CR-F1-EQP-02-01$0$0-DCC
2080,X-HLP3-CR-B3-LAY-KEQP-04-001,DCC设备,DCC-2365DCC-2410-Horizotal,3600X500,DCC-2365,D/E轴,南区,3.60,0.50,,11900.0,29600.0,X-HL-CR-F1-EQP-02-01$0$0-DCC
2081,X-HLP3-CR-B3-LAY-KEQP-04-001,DCC设备,DCC-2365DCC-2410-Horizotal,3600X500,DCC-2365,D/E轴,南区,3.60,0.50,,16700.0,29600.0,X-HL-CR-F1-EQP-02-01$0$0-DCC
2082,X-HLP3-CR-B3-LAY-KEQP-04-001,DCC设备,DCC-2365DCC-2410-Horizotal,2365*765 DCC,DCC,C/D轴,南区,2.37,0.77,,26075.0,16153.0,X-HL-CR-F1-EQP-02-01$0$0-DCC
2083,X-HLP3-CR-B3-LAY-KEQP-04-001,其他,FFU1212-U16,,,C/D轴,南区,,,,4200.0,17850.0,K-CEIL-FFU-U14
2084,X-HLP3-CR-B3-LAY-KEQP-04-001,其他,FFU1212-U16,3600X500,,C/D轴,南区,3.60,0.50,,4200.0,20250.0,K-CEIL-FFU-U14
2085,X-HLP3-CR-B3-LAY-KEQP-04-001,其他,FFU1212-U16,3600X500 DCC,DCC,C/D轴,南区,3.60,0.50,,4200.0,22650.0,K-CEIL-FFU-U14
2086,X-HLP3-CR-B3-LAY-KEQP-04-001,其他,FFU1212-U16,2365*965 DCC,DCC,D/E轴,南区,2.37,0.96,,4200.0,25050.0,K-CEIL-FFU-U14
2087,X-HLP3-CR-B3-LAY-KEQP-04-001,其他,FFU1212-U16,2365*965 DCC,DCC,D/E轴,南区,2.37,0.96,,4200.0,27450.0,K-CEIL-FFU-U14
2088,X-HLP3-CR-B3-LAY-KEQP-04-001,其他,FFU1212-U16,2365*965,,C/D轴,南区,2.37,0.96,,18600.0,17850.0,K-CEIL-FFU-U14
2089,X-HLP3-CR-B3-LAY-KEQP-04-001,其他,FFU1212-U16,2365*765 DCC,DCC,B/C轴,南区,2.37,0.77,,18600.0,15450.0,K-CEIL-FFU-U14
2090,X-HLP3-CR-B3-LAY-KEQP-04-001,其他,FFU1212-U16,2365*765 DCC,DCC,B/C轴,南区,2.37,0.77,,18600.0,13050.0,K-CEIL-FFU-U14
2091,X-HLP3-CR-B3-LAY-KEQP-04-001,其他,FFU1212-U16,3500x2300(左) DCC,DCC,B/C轴,南区,3.50,2.30,左,18600.0,10650.0,K-CEIL-FFU-U14
2092,X-HLP3-CR-B3-LAY-KEQP-04-001,其他,FFU1212-U16,3500x2300(左) DCC-F,DCC-F,A/B轴,南区,3.50,2.30,左,18600.0,8250.0,K-CEIL-FFU-U14
2093,X-HLP3-CR-B3-LAY-KEQP-04-001,其他,FFU1212-U16,3500x2300(左) DCC-F,DCC-F,A/B轴,南区,3.50,2.30,左,18600.0,5850.0,K-CEIL-FFU-U14
2094,X-HLP3-CR-B3-LAY-KEQP-04-001,其他,FFU1212-U16,2365*965,,C/D轴,南区,2.37,0.96,,18600.0,20250.0,K-CEIL-FFU-U14
2095,X-HLP3-CR-B3-LAY-KEQP-04-001,其他,FFU1212-U16,2365*965,,C/D轴,南区,2.37,0.96,,18600.0,22650.0,K-CEIL-FFU-U14
2096,X-HLP3-CR-B3-LAY-KEQP-04-001,其他,FFU1212-U16,2365*965,,D/E轴,南区,2.37,0.96,,18600.0,25050.0,K-CEIL-FFU-U14
2097,X-HLP3-CR-B3-LAY-KEQP-04-001,其他,FFU1212-U16,2365*965,,D/E轴,南区,2.37,0.96,,18600.0,27450.0,K-CEIL-FFU-U14
2098,X-HLP3-CR-B3-LAY-KEQP-04-001,其他,FFU1212-U16,,,B/C轴,南区,,,,4200.0,15450.0,K-CEIL-FFU-U14
2099,X-HLP3-CR-B3-LAY-KEQP-04-001,其他,FFU1212-U16,3500x2300(左) DCC-F,DCC-F,A/B轴,南区,3.50,2.30,左,21000.0,3450.0,K-CEIL-FFU-U14
2100,X-HLP3-CR-B3-LAY-KEQP-04-001,其他,FFU1212-U16,3500x2300(左) DCC-F*2,DCC-F*2,A/B轴,南区,3.50,2.30,左,23400.0,3450.0,K-CEIL-FFU-U14
2101,X-HLP3-CR-B3-LAY-KEQP-04-001,其他,FFU1212-U16,3500x2300(左) DCC-F,DCC-F,A/B轴,南区,3.50,2.30,左,18600.0,3450.0,K-CEIL-FFU-U14
2102,X-HLP3-CR-B3-LAY-KEQP-04-001,其他,FFU1212-U16,3500x2300(左) DCC-F,DCC-F,A/B轴,南区,3.50,2.30,左,21000.0,2250.0,K-CEIL-FFU-U14
2103,X-HLP3-CR-B3-LAY-KEQP-04-001,其他,FFU1212-U16,,,C/D轴,南区,,,,10200.0,17850.0,K-CEIL-FFU-U14
2104,X-HLP3-CR-B3-LAY-KEQP-04-001,其他,FFU1212-U16,,,B/C轴,南区,,,,10200.0,15450.0,K-CEIL-FFU-U14
2105,X-HLP3-CR-B3-LAY-KEQP-04-001,其他,FFU1212-U16,,,B/C轴,南区,,,,10200.0,13050.0,K-CEIL-FFU-U14
2106,X-HLP3-CR-B3-LAY-KEQP-04-001,其他,FFU1212-U16,3500x2300(左) DCC-F,DCC-F,B/C轴,南区,3.50,2.30,左,10200.0,10650.0,K-CEIL-FFU-U14
2107,X-HLP3-CR-B3-LAY-KEQP-04-001,其他,FFU1212-U16,3500x2300(左) DCC-F,DCC-F,A/B轴,南区,3.50,2.30,左,10200.0,8250.0,K-CEIL-FFU-U14
2108,X-HLP3-CR-B3-LAY-KEQP-04-001,其他,FFU1212-U16,3500x2300(左) DCC-F,DCC-F,A/B轴,南区,3.50,2.30,左,10200.0,5850.0,K-CEIL-FFU-U14
2109,X-HLP3-CR-B3-LAY-KEQP-04-001,其他,FFU1212-U16,3600X500,,C/D轴,南区,3.60,0.50,,10200.0,20250.0,K-CEIL-FFU-U14
2110,X-HLP3-CR-B3-LAY-KEQP-04-001,其他,FFU1212-U16,3600X500 DCC,DCC,C/D轴,南区,3.60,0.50,,10200.0,22650.0,K-CEIL-FFU-U14
2111,X-HLP3-CR-B3-LAY-KEQP-04-001,其他,FFU1212-U16,3600X500,,D/E轴,南区,3.60,0.50,,10200.0,25050.0,K-CEIL-FFU-U14
2112,X-HLP3-CR-B3-LAY-KEQP-04-001,其他,FFU1212-U16,3600X500,,D/E轴,南区,3.60,0.50,,10200.0,27450.0,K-CEIL-FFU-U14
2113,X-HLP3-CR-B3-LAY-KEQP-04-001,其他,FFU1212-U16,3600X500 DCC,DCC,C/D轴,南区,3.60,0.50,,5400.0,22650.0,K-CEIL-FFU-U14
2114,X-HLP3-CR-B3-LAY-KEQP-04-001,其他,FFU1212-U16,2365*965,,C/D轴,南区,2.37,0.96,,21000.0,21450.0,K-CEIL-FFU-U14
2115,X-HLP3-CR-B3-LAY-KEQP-04-001,其他,FFU1212-U16,3600X500,,C/D轴,南区,3.60,0.50,,15000.0,21450.0,K-CEIL-FFU-U14
2116,X-HLP3-CR-B3-LAY-KEQP-04-001,其他,FFU1206,1200x600,,A轴,南区,1.20,0.60,,103782.2,-30726.62,K-CEIL-FFU_AMC
2117,X-HLP3-CR-B3-LAY-KEQP-04-001,其他,FFU1206,1200x600,,A轴,南区,1.20,0.60,,103782.2,-26226.62,K-CEIL-FFU-U14
2118,X-HLP3-CR-B3-LAY-KEQP-04-001,其他,FFU1212-U16,3600X500 DCC,DCC,C/D轴,南区,3.60,0.50,,7800.0,21455.43,K-CEIL-FFU-U14
2119,X-HLP3-CR-B3-LAY-KPART-04-002,其他,AR-PB5-00-W-002_HLP2_rvt-1-LAY-1F-1_500,3500x2300(左) DCC-F,DCC-F,A轴,南区,3.50,2.30,左,0.0,0.0,0
2120,X-HLP3-CR-B3-LAY-KPART-04-002,门,单开门 1000X2000,1000x2000 MD 1200x2200 DCC-F*2,DCC-F*2,A/B轴,南区,1.00,2.00,,25553.61,4955.41,K-PART-DOOR
2121,X-HLP3-CR-B3-LAY-KPART-04-002,门,单开门 1000X2000,1000x2000 2365*965,,D/E轴,南区,1.00,2.00,,25553.61,26555.41,K-PART-DOOR
2122,X-HLP3-CR-F3-LAY-KEQP-01-002,DCC设备,DCC-2408,2400x800 2365x765 DCC,DCC,Q/R轴,北中区,2.40,0.80,,271099.55,108925.16,0
2123,X-HLP3-CR-F3-LAY-KEQP-01-002,DCC设备,DCC-2408,2400x800 2365x765 DCC,DCC,Q/R轴,北中区,2.40,0.80,,275899.55,108925.16,0
2124,X-HLP3-CR-F3-LAY-KEQP-01-002,DCC设备,DCC-2408,2400x800 2365x765 DCC,DCC,Q/R轴,北中区,2.40,0.80,,278299.55,108925.16,0
2125,X-HLP3-CR-F3-LAY-KEQP-01-002,DCC设备,DCC-2408,2400x800 2365x765 DCC,DCC,Q/R轴,北中区,2.40,0.80,,280699.55,108925.16,0
2126,X-HLP3-CR-F3-LAY-KEQP-01-002,DCC设备,DCC-1-3,2400x1300(右) DCC,DCC,G/H轴,南中区,2.40,1.30,右,210000.0,45300.0,0
2127,X-HLP3-CR-F3-LAY-KEQP-01-002,DCC设备,DCC-1-3,2400x1300(右) DCC,DCC,L/M轴,北中区,2.40,1.30,右,183600.0,77825.0,0
2128,X-HLP3-CR-F3-LAY-KEQP-01-002,DCC设备,DCC-1-3,2400x1300(右) DCC,DCC,H/J轴,南中区,2.40,1.30,右,181250.0,57600.0,0
2129,X-HLP3-CR-F3-LAY-KEQP-01-002,DCC设备,DCC-1-3,2400x1300(右) DCC,DCC,J/K轴,南中区,2.40,1.30,右,181250.0,60000.0,0
2130,X-HLP3-CR-F3-LAY-KEQP-01-002,DCC设备,DCC-1-3,2400x1300(右) DCC,DCC,J/K轴,南中区,2.40,1.30,右,181250.0,62400.0,0
2131,X-HLP3-CR-F3-LAY-KEQP-01-002,DCC设备,DCC-1-3,2400x1300(右) DCC,DCC,J/K轴,南中区,2.40,1.30,右,181250.0,64800.0,0
2132,X-HLP3-CR-F3-LAY-KEQP-01-002,DCC设备,DCC-1-3,2400x1300(右) DCC,DCC,K/L轴,南中区,2.40,1.30,右,181250.0,67200.0,0
2133,X-HLP3-CR-F3-LAY-KEQP-01-002,DCC设备,DCC-1-3,2400x1300(右) DCC,DCC,K/L轴,南中区,2.40,1.30,右,181250.0,69600.0,0
2134,X-HLP3-CR-F3-LAY-KEQP-01-002,DCC设备,DCC-1-3,2400x1300(右) DCC,DCC,K/L轴,南中区,2.40,1.30,右,181250.0,72000.0,0
2135,X-HLP3-CR-F3-LAY-KEQP-01-002,DCC设备,DCC-1-3,2400x1300(右) DCC,DCC,L/M轴,北中区,2.40,1.30,右,181250.0,74400.0,0
2136,X-HLP3-CR-F3-LAY-KEQP-01-002,DCC设备,DCC-1-3,2400x1300(右) DCC,DCC,H/J轴,南中区,2.40,1.30,右,239325.0,54000.0,0
2137,X-HLP3-CR-F3-LAY-KEQP-01-002,DCC设备,DCC-1-3,2400x1300(右) DCC,DCC,H/J轴,南中区,2.40,1.30,右,239325.0,56400.0,0
2138,X-HLP3-CR-F3-LAY-KEQP-01-002,DCC设备,DCC-1-3,2400x1300(右) DCC,DCC,H/J轴,南中区,2.40,1.30,右,239325.0,58800.0,0
2139,X-HLP3-CR-F3-LAY-KEQP-01-002,DCC设备,DCC-1-3,2400x1300(右) DCC,DCC,J/K轴,南中区,2.40,1.30,右,239325.0,61200.0,0
2140,X-HLP3-CR-F3-LAY-KEQP-01-002,DCC设备,DCC-1-3,2400x1300(右) DCC,DCC,J/K轴,南中区,2.40,1.30,右,239325.0,63600.0,0
2141,X-HLP3-CR-F3-LAY-KEQP-01-002,DCC设备,DCC-1-3,2400x1300(右) DCC,DCC,J/K轴,南中区,2.40,1.30,右,239325.0,66000.0,0
2142,X-HLP3-CR-F3-LAY-KEQP-01-002,DCC设备,DCC-1-3,2400x1300(右) DCC,DCC,K/L轴,南中区,2.40,1.30,右,239325.0,68400.0,0
2143,X-HLP3-CR-F3-LAY-KEQP-01-002,DCC设备,DCC-1-3,2400x1300(右) DCC,DCC,K/L轴,南中区,2.40,1.30,右,239325.0,70800.0,0
2144,X-HLP3-CR-F3-LAY-KEQP-01-002,DCC设备,DCC-1-3,2400x1300(右) DCC,DCC,K/L轴,南中区,2.40,1.30,右,239325.0,73200.0,0
2145,X-HLP3-CR-F3-LAY-KEQP-01-002,DCC设备,DCC-1-3,2400x1300(右) DCC,DCC,L/M轴,北中区,2.40,1.30,右,239325.0,75600.0,0
2146,X-HLP3-CR-F3-LAY-KEQP-01-002,DCC设备,DCC-1-3,2400x1300(右) DCC,DCC,L/M轴,北中区,2.40,1.30,右,186000.0,77825.0,0
2147,X-HLP3-CR-F3-LAY-KEQP-01-002,DCC设备,DCC-1-3,2400x1300(右) DCC,DCC,L/M轴,北中区,2.40,1.30,右,188400.0,77825.0,0
2148,X-HLP3-CR-F3-LAY-KEQP-01-002,DCC设备,DCC-1-3,2400x1300(右) DCC,DCC,L/M轴,北中区,2.40,1.30,右,190800.0,77825.0,0
2149,X-HLP3-CR-F3-LAY-KEQP-01-002,DCC设备,DCC-1-3,2400x1300(右) DCC,DCC,L/M轴,北中区,2.40,1.30,右,193200.0,77825.0,0
2150,X-HLP3-CR-F3-LAY-KEQP-01-002,DCC设备,DCC-1-3,2400x1300(右) DCC,DCC,L/M轴,北中区,2.40,1.30,右,195600.0,77825.0,0
2151,X-HLP3-CR-F3-LAY-KEQP-01-002,DCC设备,DCC-1-3,2400x1300(右) DCC,DCC,L/M轴,北中区,2.40,1.30,右,198000.0,77825.0,0
2152,X-HLP3-CR-F3-LAY-KEQP-01-002,DCC设备,DCC-1-3,2400x1300(右) DCC,DCC,L/M轴,北中区,2.40,1.30,右,204000.0,77825.0,0
2153,X-HLP3-CR-F3-LAY-KEQP-01-002,DCC设备,DCC-1-3,2400x1300(右) DCC,DCC,L/M轴,北中区,2.40,1.30,右,206400.0,77825.0,0
2154,X-HLP3-CR-F3-LAY-KEQP-01-002,DCC设备,DCC-1-3,2400x1300(右) DCC,DCC,L/M轴,北中区,2.40,1.30,右,208800.0,77825.0,0
2155,X-HLP3-CR-F3-LAY-KEQP-01-002,DCC设备,DCC-1-3,2400x1300(右) DCC,DCC,L/M轴,北中区,2.40,1.30,右,211200.0,77825.0,0
2156,X-HLP3-CR-F3-LAY-KEQP-01-002,DCC设备,DCC-1-3,2400x1300(右) DCC,DCC,L/M轴,北中区,2.40,1.30,右,213600.0,77825.0,0
2157,X-HLP3-CR-F3-LAY-KEQP-01-002,DCC设备,DCC-1-3,2400x1300(右) DCC,DCC,L/M轴,北中区,2.40,1.30,右,216000.0,77825.0,0
2158,X-HLP3-CR-F3-LAY-KEQP-01-002,DCC设备,DCC-1-3,2400x1300(右) DCC,DCC,L/M轴,北中区,2.40,1.30,右,218400.0,77825.0,0
2159,X-HLP3-CR-F3-LAY-KEQP-01-002,DCC设备,DCC-1-3,2400x1300(右) DCC,DCC,L/M轴,北中区,2.40,1.30,右,220800.0,77825.0,0
2160,X-HLP3-CR-F3-LAY-KEQP-01-002,DCC设备,DCC-1-3,2400x1300(右) DCC,DCC,L/M轴,北中区,2.40,1.30,右,223200.0,77825.0,0
2161,X-HLP3-CR-F3-LAY-KEQP-01-002,DCC设备,DCC-1-3,2400x1300(右) DCC,DCC,L/M轴,北中区,2.40,1.30,右,225600.0,77825.0,0
2162,X-HLP3-CR-F3-LAY-KEQP-01-002,DCC设备,DCC-1-3,2400x1300(右) DCC,DCC,L/M轴,北中区,2.40,1.30,右,228000.0,77825.0,0
2163,X-HLP3-CR-F3-LAY-KEQP-01-002,DCC设备,DCC-1-3,2400x1300(右) DCC,DCC,L/M轴,北中区,2.40,1.30,右,230400.0,77825.0,0
2164,X-HLP3-CR-F3-LAY-KEQP-01-002,DCC设备,DCC-1-3,2400x1300(右) DCC,DCC,L/M轴,北中区,2.40,1.30,右,232800.0,77825.0,0
2165,X-HLP3-CR-F3-LAY-KEQP-01-002,DCC设备,DCC-1-3,2400x1300(右) DCC,DCC,L/M轴,北中区,2.40,1.30,右,235200.0,77825.0,0
2166,X-HLP3-CR-F3-LAY-KEQP-01-002,DCC设备,DCC-1-3,2400x1300(右) DCC,DCC,L/M轴,北中区,2.40,1.30,右,237600.0,77825.0,0
2167,X-HLP3-CR-F3-LAY-KEQP-01-002,DCC设备,DCC-1-3,2400x1300(右) DCC,DCC,G/H轴,南中区,2.40,1.30,右,212400.0,45300.0,0
2168,X-HLP3-CR-F3-LAY-KEQP-01-002,DCC设备,DCC-1-3,2400x1300(右) DCC,DCC,G/H轴,南中区,2.40,1.30,右,214800.0,45300.0,0
2169,X-HLP3-CR-F3-LAY-KEQP-01-002,DCC设备,DCC-1-3,2400x1300(右) DCC,DCC,G/H轴,南中区,2.40,1.30,右,217200.0,45300.0,0
2170,X-HLP3-CR-F3-LAY-KEQP-01-002,DCC设备,DCC-1-3,2400x1300(右) DCC,DCC,G/H轴,南中区,2.40,1.30,右,219600.0,45300.0,0
2171,X-HLP3-CR-F3-LAY-KEQP-01-002,DCC设备,DCC-1-3,2400x1300(右) DCC,DCC,G/H轴,南中区,2.40,1.30,右,222000.0,45300.0,0
2172,X-HLP3-CR-F3-LAY-KEQP-01-002,DCC设备,DCC-1-3,2400x1300(右) DCC,DCC,G/H轴,南中区,2.40,1.30,右,224400.0,45300.0,0
2173,X-HLP3-CR-F3-LAY-KEQP-01-002,DCC设备,DCC-1-3,2400x1300(右) DCC,DCC,W/X轴,北区,2.40,1.30,右,14900.0,148100.0,0
2174,X-HLP3-CR-F3-LAY-KEQP-01-002,DCC设备,DCC-1-3,2400x1300(右) DCC,DCC,X/Y轴,北区,2.40,1.30,右,14900.0,152850.0,0
2175,X-HLP3-CR-F3-LAY-KEQP-01-002,DCC设备,DCC-1-3,3500x2300(左) DCC,DCC,X/Y轴,北区,3.50,2.30,左,14900.0,155300.0,0
2176,X-HLP3-CR-F3-LAY-KEQP-01-002,DCC设备,DCC-1-3,2400x1300(右) DCC,DCC,X/Y轴,北区,2.40,1.30,右,28350.0,155886.65,0
2177,X-HLP3-CR-F3-LAY-KEQP-01-002,DCC设备,DCC-1-3,2400x1300(右) DCC,DCC,X/Y轴,北区,2.40,1.30,右,28350.0,153436.65,0
2178,X-HLP3-CR-F3-LAY-KEQP-01-002,DCC设备,DCC-1-3,2400x1300(右) DCC,DCC,W/X轴,北区,2.40,1.30,右,28350.0,148686.65,0
2179,X-HLP3-CR-F3-LAY-KEQP-01-002,DCC设备,DCC-2408,2400x800 2365x765 DCC,DCC,H/J轴,南中区,2.40,0.80,,129299.84,52544.55,0
2180,X-HLP3-CR-F3-LAY-KEQP-01-002,其他,2365_1165,1100x6500 2365*1165(右) DCC,DCC,H/J轴,南中区,1.10,6.50,右,108600.0,52700.0,0
2181,X-HLP3-CR-F3-LAY-KEQP-01-002,其他,2365_1165,1100x6500 2365*1165(右) DCC,DCC,H/J轴,南中区,1.10,6.50,右,108600.0,55100.0,0
2182,X-HLP3-CR-F3-LAY-KEQP-01-002,其他,2365_1165,1100x6500 2365*1165(右) DCC,DCC,J/K轴,南中区,1.10,6.50,右,108600.0,59900.0,0
2183,X-HLP3-CR-F3-LAY-KEQP-01-002,其他,2365_1165,1100x6500 2365*1165(右) DCC,DCC,J/K轴,南中区,1.10,6.50,右,108600.0,62300.0,0
2184,X-HLP3-CR-F3-LAY-KEQP-01-002,其他,2365_1165,1100x6500 2365*1165(右) DCC,DCC,K/L轴,南中区,1.10,6.50,右,108600.0,66375.0,0
2185,X-HLP3-CR-F3-LAY-KEQP-01-002,其他,2365_1165,1100x6500 2365*1165(右) DCC,DCC,K/L轴,南中区,1.10,6.50,右,108600.0,68775.0,0
2186,X-HLP3-CR-F3-LAY-KEQP-01-002,其他,2365_1165,1100x6500 2365x765 DCC,DCC,H/J轴,南中区,1.10,6.50,,129000.0,55100.0,0
2187,X-HLP3-CR-F3-LAY-KEQP-01-002,其他,2365_1165,1100x6500 2365*1165(左) DCC,DCC,J/K轴,南中区,1.10,6.50,左,129000.0,59900.0,0
2188,X-HLP3-CR-F3-LAY-KEQP-01-002,其他,2365_1165,1100x6500 2365*1165(左) DCC,DCC,J/K轴,南中区,1.10,6.50,左,129000.0,62300.0,0
2189,X-HLP3-CR-F3-LAY-KEQP-01-002,其他,2365_1165,1100x6500 2365*1165(左) DCC,DCC,K/L轴,南中区,1.10,6.50,左,129000.0,66375.0,0
2190,X-HLP3-CR-F3-LAY-KEQP-01-002,其他,2365_1165,1100x6500 2365*1165(左) DCC,DCC,K/L轴,南中区,1.10,6.50,左,129000.0,68775.0,0
2191,X-HLP3-CR-F3-LAY-KEQP-01-002,DCC设备,DCC-1-3,,DCC-1,N/P轴,北中区,,,,452869.66,93659.94,0
2192,X-HLP3-CR-F3-LAY-KEQP-01-002,其他,2365_765,2365x765 DCC,DCC,G/H轴,南中区,2.37,0.77,,229575.0,47982.5,0-DCC
2193,X-HLP3-CR-F3-LAY-KEQP-01-002,DCC设备,DCC-1-3,2400x1300(右) DCC,DCC,G/H轴,南中区,2.40,1.30,右,207600.0,45300.0,0
2194,X-HLP3-CR-F3-LAY-KEQP-01-002,DCC设备,DCC-1-3,2400x1300(右) DCC,DCC,G/H轴,南中区,2.40,1.30,右,205200.0,45300.0,0
2195,X-HLP3-CR-F3-LAY-KEQP-02-002,紧固件/螺栓,M12,,,U/V轴,北中区,,,,-189537.1,137644.01,0
2196,X-HLP3-CR-F3-LAY-KEQP-02-002,紧固件/螺栓,M12,,,U/V轴,北中区,,,,-189809.14,137644.01,0
2197,X-HLP3-CR-F3-LAY-KEQP-02-002,紧固件/螺栓,M12,,,U/V轴,北中区,,,,-189809.14,131593.53,0
2198,X-HLP3-CR-F3-LAY-KEQP-02-002,紧固件/螺栓,M12,,,U/V轴,北中区,,,,-189537.1,131593.53,0
2199,X-HLP3-CR-F3-LAY-KEQP-02-002,紧固件/螺栓,H10_40,,,U/V轴,北中区,,,,-189608.02,131558.01,ANCHOR BOLTS
2200,X-HLP3-CR-F3-LAY-KEQP-02-002,DCC隔断/门,DCC-SEC-2300,2300x0,,U/V轴,北中区,,,,-189345.31,134260.79,0-DCC
2201,X-HLP3-CR-F3-LAY-KEQP-02-002,紧固件/螺栓,X-HL-SM-F1-SEC-00-01$0$A$C4EA80240,200x4000,,U/V轴,北中区,0.20,4.00,,-189558.44,134464.95,X-HL-SM-F1-SEC-00-01$0$BOLTS
2202,X-HLP3-CR-F3-LAY-KEQP-02-002,紧固件/螺栓,X-HL-SM-F1-SEC-00-01$0$A$C147C6879,6800x7900,,U/V轴,北中区,6.80,7.90,,-189585.72,134463.63,X-HL-SM-F1-SEC-00-01$0$BOLTS
2203,X-HLP3-CR-F3-LAY-KEQP-02-002,紧固件/螺栓,X-HL-SM-F1-SEC-00-01$0$A$C4EA80240,200x4000,,U/V轴,北中区,0.20,4.00,,-189558.44,134726.13,X-HL-SM-F1-SEC-00-01$0$BOLTS
2204,X-HLP3-CR-F3-LAY-KEQP-02-002,紧固件/螺栓,X-HL-SM-F1-SEC-00-01$0$A$C147C6879,6800x7900,,U/V轴,北中区,6.80,7.90,,-189585.72,134724.81,X-HL-SM-F1-SEC-00-01$0$BOLTS
2205,X-HLP3-CR-F3-LAY-KEQP-02-002,紧固件/螺栓,X-HL-SM-F1-SEC-00-01$0$A$C4EA80240,200x4000,,U/V轴,北中区,0.20,4.00,,-189558.44,134987.32,X-HL-SM-F1-SEC-00-01$0$BOLTS
2206,X-HLP3-CR-F3-LAY-KEQP-02-002,紧固件/螺栓,X-HL-SM-F1-SEC-00-01$0$A$C147C6879,6800x7900,,U/V轴,北中区,6.80,7.90,,-189585.72,134986.0,X-HL-SM-F1-SEC-00-01$0$BOLTS
2207,X-HLP3-CR-F3-LAY-KEQP-02-002,紧固件/螺栓,X-HL-SM-F1-SEC-00-01$0$A$C4EA80240,200x4000,,U/V轴,北中区,0.20,4.00,,-189558.44,135248.51,X-HL-SM-F1-SEC-00-01$0$BOLTS
2208,X-HLP3-CR-F3-LAY-KEQP-02-002,紧固件/螺栓,X-HL-SM-F1-SEC-00-01$0$A$C147C6879,6800x7900,,U/V轴,北中区,6.80,7.90,,-189585.72,135247.19,X-HL-SM-F1-SEC-00-01$0$BOLTS
2209,X-HLP3-CR-F3-LAY-KEQP-02-002,紧固件/螺栓,X-HL-SM-F1-SEC-00-01$0$A$C4EA80240,200x4000,,U/V轴,北中区,0.20,4.00,,-189558.44,135509.7,X-HL-SM-F1-SEC-00-01$0$BOLTS
2210,X-HLP3-CR-F3-LAY-KEQP-02-002,紧固件/螺栓,X-HL-SM-F1-SEC-00-01$0$A$C147C6879,6800x7900,,U/V轴,北中区,6.80,7.90,,-189585.72,135508.38,X-HL-SM-F1-SEC-00-01$0$BOLTS
2211,X-HLP3-CR-F3-LAY-KEQP-02-002,紧固件/螺栓,X-HL-SM-F1-SEC-00-01$0$A$C4EA80240,200x4000,,U/V轴,北中区,0.20,4.00,,-189558.44,135770.88,X-HL-SM-F1-SEC-00-01$0$BOLTS
2212,X-HLP3-CR-F3-LAY-KEQP-02-002,紧固件/螺栓,X-HL-SM-F1-SEC-00-01$0$A$C147C6879,6800x7900,,U/V轴,北中区,6.80,7.90,,-189585.72,135769.56,X-HL-SM-F1-SEC-00-01$0$BOLTS
2213,X-HLP3-CR-F3-LAY-KEQP-02-002,紧固件/螺栓,X-HL-SM-F1-SEC-00-01$0$A$C4EA80240,200x4000,,U/V轴,北中区,0.20,4.00,,-189558.44,136032.07,X-HL-SM-F1-SEC-00-01$0$BOLTS
2214,X-HLP3-CR-F3-LAY-KEQP-02-002,紧固件/螺栓,X-HL-SM-F1-SEC-00-01$0$A$C147C6879,6800x7900,,U/V轴,北中区,6.80,7.90,,-189585.72,136030.75,X-HL-SM-F1-SEC-00-01$0$BOLTS
2215,X-HLP3-CR-F3-LAY-KEQP-02-002,紧固件/螺栓,X-HL-SM-F1-SEC-00-01$0$A$C4EA80240,200x4000,,U/V轴,北中区,0.20,4.00,,-189558.44,132094.95,X-HL-SM-F1-SEC-00-01$0$BOLTS
2216,X-HLP3-CR-F3-LAY-KEQP-02-002,紧固件/螺栓,X-HL-SM-F1-SEC-00-01$0$A$C147C6879,6800x7900,,U/V轴,北中区,6.80,7.90,,-189585.72,132093.63,X-HL-SM-F1-SEC-00-01$0$BOLTS
2217,X-HLP3-CR-F3-LAY-KEQP-02-002,紧固件/螺栓,X-HL-SM-F1-SEC-00-01$0$A$C4EA80240,200x4000,,U/V轴,北中区,0.20,4.00,,-189558.44,132356.13,X-HL-SM-F1-SEC-00-01$0$BOLTS
2218,X-HLP3-CR-F3-LAY-KEQP-02-002,紧固件/螺栓,X-HL-SM-F1-SEC-00-01$0$A$C147C6879,6800x7900,,U/V轴,北中区,6.80,7.90,,-189585.72,132354.81,X-HL-SM-F1-SEC-00-01$0$BOLTS
2219,X-HLP3-CR-F3-LAY-KEQP-02-002,紧固件/螺栓,X-HL-SM-F1-SEC-00-01$0$A$C4EA80240,200x4000,,U/V轴,北中区,0.20,4.00,,-189558.44,132617.32,X-HL-SM-F1-SEC-00-01$0$BOLTS
2220,X-HLP3-CR-F3-LAY-KEQP-02-002,紧固件/螺栓,X-HL-SM-F1-SEC-00-01$0$A$C147C6879,6800x7900,,U/V轴,北中区,6.80,7.90,,-189585.72,132616.0,X-HL-SM-F1-SEC-00-01$0$BOLTS
2221,X-HLP3-CR-F3-LAY-KEQP-02-002,紧固件/螺栓,X-HL-SM-F1-SEC-00-01$0$A$C4EA80240,200x4000,,U/V轴,北中区,0.20,4.00,,-189558.44,132878.51,X-HL-SM-F1-SEC-00-01$0$BOLTS
2222,X-HLP3-CR-F3-LAY-KEQP-02-002,紧固件/螺栓,X-HL-SM-F1-SEC-00-01$0$A$C147C6879,6800x7900,,U/V轴,北中区,6.80,7.90,,-189585.72,132877.19,X-HL-SM-F1-SEC-00-01$0$BOLTS
2223,X-HLP3-CR-F3-LAY-KEQP-02-002,紧固件/螺栓,X-HL-SM-F1-SEC-00-01$0$A$C4EA80240,200x4000,,U/V轴,北中区,0.20,4.00,,-189558.44,133139.7,X-HL-SM-F1-SEC-00-01$0$BOLTS
2224,X-HLP3-CR-F3-LAY-KEQP-02-002,紧固件/螺栓,X-HL-SM-F1-SEC-00-01$0$A$C147C6879,6800x7900,,U/V轴,北中区,6.80,7.90,,-189585.72,133138.38,X-HL-SM-F1-SEC-00-01$0$BOLTS
2225,X-HLP3-CR-F3-LAY-KEQP-02-002,紧固件/螺栓,X-HL-SM-F1-SEC-00-01$0$A$C4EA80240,200x4000,,U/V轴,北中区,0.20,4.00,,-189558.44,133400.88,X-HL-SM-F1-SEC-00-01$0$BOLTS
2226,X-HLP3-CR-F3-LAY-KEQP-02-002,紧固件/螺栓,X-HL-SM-F1-SEC-00-01$0$A$C147C6879,6800x7900,,U/V轴,北中区,6.80,7.90,,-189585.72,133399.56,X-HL-SM-F1-SEC-00-01$0$BOLTS
2227,X-HLP3-CR-F3-LAY-KEQP-02-002,紧固件/螺栓,X-HL-SM-F1-SEC-00-01$0$A$C4EA80240,200x4000,,U/V轴,北中区,0.20,4.00,,-189558.44,133662.07,X-HL-SM-F1-SEC-00-01$0$BOLTS
2228,X-HLP3-CR-F3-LAY-KEQP-02-002,紧固件/螺栓,X-HL-SM-F1-SEC-00-01$0$A$C147C6879,6800x7900,,U/V轴,北中区,6.80,7.90,,-189585.72,133660.75,X-HL-SM-F1-SEC-00-01$0$BOLTS
2229,X-HLP3-CR-F3-LAY-KEQP-02-002,DCC隔断/门,DCC-SEC-2300,2300x0,,U/V轴,北中区,,,,-189345.31,131900.79,0-DCC
2230,X-HLP3-CR-F3-LAY-KEQP-02-002,紧固件/螺栓,X-HL-SM-F1-SEC-00-01$0$A$C4EA80240,200x4000,,U/V轴,北中区,0.20,4.00,,-189557.94,134203.76,X-HL-SM-F1-SEC-00-01$0$BOLTS
2231,X-HLP3-CR-F3-LAY-KEQP-02-002,紧固件/螺栓,X-HL-SM-F1-SEC-00-01$0$A$C147C6879,6800x7900,,U/V轴,北中区,6.80,7.90,,-189585.22,134202.44,X-HL-SM-F1-SEC-00-01$0$BOLTS
2232,X-HLP3-CR-F3-LAY-KEQP-02-002,紧固件/螺栓,X-HL-SM-F1-SEC-00-01$0$A$C4EA80240,200x4000,,U/V轴,北中区,0.20,4.00,,-189558.44,131833.76,X-HL-SM-F1-SEC-00-01$0$BOLTS
2233,X-HLP3-CR-F3-LAY-KEQP-02-002,紧固件/螺栓,X-HL-SM-F1-SEC-00-01$0$A$C147C6879,6800x7900,,U/V轴,北中区,6.80,7.90,,-189585.72,131832.44,X-HL-SM-F1-SEC-00-01$0$BOLTS
2234,X-HLP3-CR-F3-LAY-KEQP-02-002,紧固件/螺栓,X-HL-SM-F1-SEC-00-01$0$A$C4EA80240,200x4000,,U/V轴,北中区,0.20,4.00,,-189550.44,131680.3,X-HL-SM-F1-SEC-00-01$0$BOLTS
2235,X-HLP3-CR-F3-LAY-KEQP-02-002,紧固件/螺栓,X-HL-SM-F1-SEC-00-01$0$A$C147C6879,6800x7900,,U/V轴,北中区,6.80,7.90,,-189586.72,131678.98,X-HL-SM-F1-SEC-00-01$0$BOLTS
2236,X-HLP3-CR-F3-LAY-KEQP-02-002,紧固件/螺栓,X-HL-SM-F1-SEC-00-01$0$A$C4EA80240,200x4000,,U/V轴,北中区,0.20,4.00,,-189550.44,133917.8,X-HL-SM-F1-SEC-00-01$0$BOLTS
2237,X-HLP3-CR-F3-LAY-KEQP-02-002,紧固件/螺栓,X-HL-SM-F1-SEC-00-01$0$A$C147C6879,6800x7900,,U/V轴,北中区,6.80,7.90,,-189586.72,133916.48,X-HL-SM-F1-SEC-00-01$0$BOLTS
2238,X-HLP3-CR-F3-LAY-KEQP-02-002,紧固件/螺栓,X-HL-SM-F1-SEC-00-01$0$A$C4EA80240,200x4000,,U/V轴,北中区,0.20,4.00,,-189550.44,134015.22,X-HL-SM-F1-SEC-00-01$0$BOLTS
2239,X-HLP3-CR-F3-LAY-KEQP-02-002,紧固件/螺栓,X-HL-SM-F1-SEC-00-01$0$A$C147C6879,6800x7900,,U/V轴,北中区,6.80,7.90,,-189586.72,134016.54,X-HL-SM-F1-SEC-00-01$0$BOLTS
2240,X-HLP3-CR-F3-LAY-KEQP-02-002,紧固件/螺栓,X-HL-SM-F1-SEC-00-01$0$A$C4EA80240,200x4000,,U/V轴,北中区,0.20,4.00,,-189550.44,136241.27,X-HL-SM-F1-SEC-00-01$0$BOLTS
2241,X-HLP3-CR-F3-LAY-KEQP-02-002,紧固件/螺栓,X-HL-SM-F1-SEC-00-01$0$A$C147C6879,6800x7900,,U/V轴,北中区,6.80,7.90,,-189586.72,136242.59,X-HL-SM-F1-SEC-00-01$0$BOLTS
2242,X-HLP3-CR-F3-LAY-KEQP-02-002,柱,柱底找平,DCC 2850x2300(右),,U/V轴,北中区,2.85,2.30,右,-173045.77,131554.01,0-DCC-STRUC-T
2243,X-HLP3-CR-F3-LAY-KEQP-02-002,柱,柱底找平,DCC 3500x2300(左),,U/V轴,北中区,3.50,2.30,左,-158645.77,131554.01,0-DCC-STRUC-T
2244,X-HLP3-CR-F3-LAY-KEQP-02-002,柱,柱底找平,DCC 3500x2300(左),,U/V轴,北中区,3.50,2.30,左,-151445.77,131554.01,0-DCC-STRUC-T
2245,X-HLP3-CR-F3-LAY-KEQP-02-002,紧固件/螺栓,M12,DCC 3500x2300(左),,U/V轴,北中区,3.50,2.30,左,-151377.14,131593.53,0-DCC-STRUC-T
2246,X-HLP3-CR-F3-LAY-KEQP-02-002,紧固件/螺栓,M12,DCC 3500x2300(左),,U/V轴,北中区,3.50,2.30,左,-151514.4,131593.53,0-DCC-STRUC-T
2247,X-HLP3-CR-F3-LAY-KEQP-02-002,紧固件/螺栓,M12,DCC 2850x2300(右),,U/V轴,北中区,2.85,2.30,右,-172977.14,131593.53,0-DCC-STRUC-T
2248,X-HLP3-CR-F3-LAY-KEQP-02-002,紧固件/螺栓,M12,DCC 2850x2300(右),,U/V轴,北中区,2.85,2.30,右,-173114.4,131593.53,0-DCC-STRUC-T
2249,X-HLP3-CR-F3-LAY-KEQP-02-002,DCC设备,DCC3523左接管,3500x2300 DCC 2850x2300(右),DCC3523,T/U轴,北中区,3.50,2.30,右,-175749.27,130563.54,0-DCC
2250,X-HLP3-CR-F3-LAY-KEQP-02-002,DCC设备,DCC3523左接管,3500x2300 DCC 2850x2300(右),DCC3523,T/U轴,北中区,3.50,2.30,右,-175749.27,128203.54,0-DCC
2251,X-HLP3-CR-F3-LAY-KEQP-02-002,DCC设备,DCC3523左接管,3500x2300 DCC 2850x2300(左),DCC3523,T/U轴,北中区,3.50,2.30,左,-168549.27,128203.54,0-DCC
2252,X-HLP3-CR-F3-LAY-KEQP-02-002,型钢,A$C2DBF4B5B,DCC 2850x2300(左),,U/V轴,北中区,2.85,2.30,左,-169621.0,131704.01,ANGEL STEEL_75x75x3.0
2253,X-HLP3-CR-F3-LAY-KEQP-02-002,紧固件/螺栓,A$C4EA80240,200x4000 DCC 2850x2300(左),,U/V轴,北中区,0.20,4.00,左,-169605.02,131687.33,BOLTS
2254,X-HLP3-CR-F3-LAY-KEQP-02-002,紧固件/螺栓,A$C147C6879,6800x7900 DCC 2850x2300(左),,U/V轴,北中区,6.80,7.90,左,-169603.7,131719.61,BOLTS
2255,X-HLP3-CR-F3-LAY-KEQP-02-002,紧固件/螺栓,A$C4EA80240,200x4000 DCC 2850x2300(左),,U/V轴,北中区,0.20,4.00,左,-169529.32,131734.99,BOLTS
2256,X-HLP3-CR-F3-LAY-KEQP-02-002,紧固件/螺栓,A$C147C6879,6800x7900 DCC 2850x2300(左),,U/V轴,北中区,6.80,7.90,左,-169561.6,131736.31,BOLTS
2257,X-HLP3-CR-F3-LAY-KEQP-02-002,紧固件/螺栓,H10_40,DCC 3500x2300(左),,U/V轴,北中区,3.50,2.30,左,-173121.23,137644.01,ANCHOR BOLTS
2258,X-HLP3-CR-F3-LAY-KEQP-02-002,紧固件/螺栓,H10_40,DCC 3500x2300(左),,U/V轴,北中区,3.50,2.30,左,-172970.31,137644.01,ANCHOR BOLTS
2259,X-HLP3-CR-F3-LAY-KEQP-02-002,型钢,A$C2DBF4B5B,DCC 3500x2300(左),,U/V轴,北中区,3.50,2.30,左,-172870.77,134064.01,ANGEL STEEL_75x75x3.0
2260,X-HLP3-CR-F3-LAY-KEQP-02-002,紧固件/螺栓,A$C4EA80240,200x4000 DCC 3500x2300(左),,U/V轴,北中区,0.20,4.00,左,-172886.75,134047.33,BOLTS
2261,X-HLP3-CR-F3-LAY-KEQP-02-002,紧固件/螺栓,A$C147C6879,6800x7900 DCC 3500x2300(左),,U/V轴,北中区,6.80,7.90,左,-172888.07,134079.61,BOLTS
2262,X-HLP3-CR-F3-LAY-KEQP-02-002,紧固件/螺栓,A$C4EA80240,200x4000 DCC 3500x2300(左),,U/V轴,北中区,0.20,4.00,左,-172962.45,134094.99,BOLTS
2263,X-HLP3-CR-F3-LAY-KEQP-02-002,紧固件/螺栓,A$C147C6879,6800x7900 DCC 3500x2300(左),,U/V轴,北中区,6.80,7.90,左,-172930.17,134096.31,BOLTS
2264,X-HLP3-CR-F3-LAY-KEQP-02-002,柱,H-方柱-200x8-X4,DCC 3500x2300(左),,U/V轴,北中区,3.50,2.30,左,-173045.77,132783.53,K-CEIL-DCC-RACK
2265,X-HLP3-CR-F3-LAY-KEQP-02-002,紧固件/螺栓,H10_40,DCC 3500x2300(左),,U/V轴,北中区,3.50,2.30,左,-158721.23,137644.01,ANCHOR BOLTS
2266,X-HLP3-CR-F3-LAY-KEQP-02-002,紧固件/螺栓,H10_40,DCC 3500x2300(左),,U/V轴,北中区,3.50,2.30,左,-158570.31,137644.01,ANCHOR BOLTS
2267,X-HLP3-CR-F3-LAY-KEQP-02-002,柱,H-方柱-200x8-X3,DCC 3500x2300(左),,U/V轴,北中区,3.50,2.30,左,-158645.77,132783.53,K-CEIL-DCC-RACK
2268,X-HLP3-CR-F3-LAY-KEQP-02-002,紧固件/螺栓,H10_40,DCC 3500x2300(左),,U/V轴,北中区,3.50,2.30,左,-151521.23,137644.01,ANCHOR BOLTS
2269,X-HLP3-CR-F3-LAY-KEQP-02-002,紧固件/螺栓,H10_40,DCC 3500x2300(左),,U/V轴,北中区,3.50,2.30,左,-151370.31,137644.01,ANCHOR BOLTS
2270,X-HLP3-CR-F3-LAY-KEQP-02-002,柱,H-方柱-200x8-X5,DCC 3500x2300(左),,U/V轴,北中区,3.50,2.30,左,-151445.77,132783.53,K-CEIL-DCC-RACK
2271,X-HLP3-CR-F3-LAY-KEQP-02-002,紧固件/螺栓,M12,DCC 3500x2300(左),,U/V轴,北中区,3.50,2.30,左,-158577.14,131593.53,0-DCC-STRUC-T
2272,X-HLP3-CR-F3-LAY-KEQP-02-002,紧固件/螺栓,M12,DCC 3500x2300(左),,U/V轴,北中区,3.50,2.30,左,-158714.4,131593.53,0-DCC-STRUC-T
2273,X-HLP3-CR-F3-LAY-KEQP-02-002,型钢,A$C2DBF4B5B,DCC 3500x2300(左),,U/V轴,北中区,3.50,2.30,左,-154871.0,133864.01,ANGEL STEEL_75x75x3.0
2274,X-HLP3-CR-F3-LAY-KEQP-02-002,紧固件/螺栓,A$C4EA80240,200x4000 DCC 3500x2300(左),,U/V轴,北中区,0.20,4.00,左,-154886.99,133880.7,BOLTS
2275,X-HLP3-CR-F3-LAY-KEQP-02-002,紧固件/螺栓,A$C147C6879,6800x7900 DCC 3500x2300(左),,U/V轴,北中区,6.80,7.90,左,-154888.31,133848.41,BOLTS
2276,X-HLP3-CR-F3-LAY-KEQP-02-002,紧固件/螺栓,A$C4EA80240,200x4000 DCC 3500x2300(左),,U/V轴,北中区,0.20,4.00,左,-154962.69,133833.03,BOLTS
2277,X-HLP3-CR-F3-LAY-KEQP-02-002,紧固件/螺栓,A$C147C6879,6800x7900 DCC 3500x2300(左),,U/V轴,北中区,6.80,7.90,左,-154930.4,133831.71,BOLTS
2278,X-HLP3-CR-F3-LAY-KEQP-02-002,型钢,A$C2DBF4B5B,DCC 3500x2300(左),,U/V轴,北中区,3.50,2.30,左,-155221.0,133864.01,ANGEL STEEL_75x75x3.0
2279,X-HLP3-CR-F3-LAY-KEQP-02-002,紧固件/螺栓,A$C4EA80240,200x4000 DCC 3500x2300(左),,U/V轴,北中区,0.20,4.00,左,-155205.02,133880.7,BOLTS
2280,X-HLP3-CR-F3-LAY-KEQP-02-002,紧固件/螺栓,A$C147C6879,6800x7900 DCC 3500x2300(左),,U/V轴,北中区,6.80,7.90,左,-155203.7,133848.41,BOLTS
2281,X-HLP3-CR-F3-LAY-KEQP-02-002,紧固件/螺栓,A$C4EA80240,200x4000 DCC 3500x2300(左),,U/V轴,北中区,0.20,4.00,左,-155129.32,133833.03,BOLTS
2282,X-HLP3-CR-F3-LAY-KEQP-02-002,紧固件/螺栓,A$C147C6879,6800x7900 DCC 3500x2300(左),,U/V轴,北中区,6.80,7.90,左,-155161.6,133831.71,BOLTS
2283,X-HLP3-CR-F3-LAY-KEQP-02-002,型钢,A$C2DBF4B5B,DCC 3500x2300(左),,U/V轴,北中区,3.50,2.30,左,-155221.0,131704.01,ANGEL STEEL_75x75x3.0
2284,X-HLP3-CR-F3-LAY-KEQP-02-002,紧固件/螺栓,A$C4EA80240,200x4000 DCC 3500x2300(左),,U/V轴,北中区,0.20,4.00,左,-155205.02,131687.33,BOLTS
2285,X-HLP3-CR-F3-LAY-KEQP-02-002,紧固件/螺栓,A$C147C6879,6800x7900 DCC 3500x2300(左),,U/V轴,北中区,6.80,7.90,左,-155203.7,131719.61,BOLTS
2286,X-HLP3-CR-F3-LAY-KEQP-02-002,紧固件/螺栓,A$C4EA80240,200x4000 DCC 3500x2300(左),,U/V轴,北中区,0.20,4.00,左,-155129.32,131734.99,BOLTS
2287,X-HLP3-CR-F3-LAY-KEQP-02-002,紧固件/螺栓,A$C147C6879,6800x7900 DCC 3500x2300(左),,U/V轴,北中区,6.80,7.90,左,-155161.6,131736.31,BOLTS
2288,X-HLP3-CR-F3-LAY-KEQP-02-002,DCC设备,DCC3523左接管,3500x2300,DCC3523,T/U轴,北中区,3.50,2.30,,-186548.81,130563.54,0-DCC
2289,X-HLP3-CR-F3-LAY-KEQP-02-002,DCC设备,DCC3523左接管,3500x2300,DCC3523,T/U轴,北中区,3.50,2.30,,-186548.81,128203.54,0-DCC
2290,X-HLP3-CR-F3-LAY-KEQP-02-002,DCC设备,DCC3523左接管,3500x2300 DCC 2850x2300(右),DCC3523,T/U轴,北中区,3.50,2.30,右,-172148.81,128203.54,0-DCC
2291,X-HLP3-CR-F3-LAY-KEQP-02-002,DCC隔断/门,DIV-DOOR-1200Wx2200H,DCC 2850x2300(左),,U/V轴,北中区,2.85,2.30,左,-167045.7,131604.01,K-CEIL-DIV-DOOR_Phase 2
2292,X-HLP3-CR-F3-LAY-KEQP-02-002,柱,柱底找平,DCC 2850x2300(左),,U/V轴,北中区,2.85,2.30,左,-144245.77,131554.01,0-DCC-STRUC-T
2293,X-HLP3-CR-F3-LAY-KEQP-02-002,紧固件/螺栓,M12,DCC 2850x2300(左),,U/V轴,北中区,2.85,2.30,左,-144177.14,131593.53,0-DCC-STRUC-T
2294,X-HLP3-CR-F3-LAY-KEQP-02-002,紧固件/螺栓,M12,DCC 2850x2300(左),,U/V轴,北中区,2.85,2.30,左,-144314.4,131593.53,0-DCC-STRUC-T
2295,X-HLP3-CR-F3-LAY-KEQP-02-002,DCC设备,DCC3523左接管,3500x2300 DCC 2850x2300(左),DCC3523,T/U轴,北中区,3.50,2.30,左,-161349.27,128203.54,0-DCC
2296,X-HLP3-CR-F3-LAY-KEQP-02-002,紧固件/螺栓,H10_40,DCC 3500x2300(左),,U/V轴,北中区,3.50,2.30,左,-144321.23,137644.01,ANCHOR BOLTS
2297,X-HLP3-CR-F3-LAY-KEQP-02-002,紧固件/螺栓,H10_40,DCC 3500x2300(左),,U/V轴,北中区,3.50,2.30,左,-144170.31,137644.01,ANCHOR BOLTS
2298,X-HLP3-CR-F3-LAY-KEQP-02-002,柱,H-方柱-200x8-X6,DCC 3500x2300(左),,U/V轴,北中区,3.50,2.30,左,-144245.77,132783.53,K-CEIL-DCC-RACK
2299,X-HLP3-CR-F3-LAY-KEQP-02-002,型钢,A$C2DBF4B5B,DCC 3500x2300(左),,U/V轴,北中区,3.50,2.30,左,-147671.0,133864.01,ANGEL STEEL_75x75x3.0
2300,X-HLP3-CR-F3-LAY-KEQP-02-002,紧固件/螺栓,A$C4EA80240,200x4000 DCC 3500x2300(左),,U/V轴,北中区,0.20,4.00,左,-147686.99,133880.7,BOLTS
2301,X-HLP3-CR-F3-LAY-KEQP-02-002,紧固件/螺栓,A$C147C6879,6800x7900 DCC 3500x2300(左),,U/V轴,北中区,6.80,7.90,左,-147688.31,133848.41,BOLTS
2302,X-HLP3-CR-F3-LAY-KEQP-02-002,紧固件/螺栓,A$C4EA80240,200x4000 DCC 3500x2300(左),,U/V轴,北中区,0.20,4.00,左,-147762.69,133833.03,BOLTS
2303,X-HLP3-CR-F3-LAY-KEQP-02-002,紧固件/螺栓,A$C147C6879,6800x7900 DCC 3500x2300(左),,U/V轴,北中区,6.80,7.90,左,-147730.4,133831.71,BOLTS
2304,X-HLP3-CR-F3-LAY-KEQP-02-002,型钢,A$C2DBF4B5B,DCC 3500x2300(左),,U/V轴,北中区,3.50,2.30,左,-148021.0,133864.01,ANGEL STEEL_75x75x3.0
2305,X-HLP3-CR-F3-LAY-KEQP-02-002,紧固件/螺栓,A$C4EA80240,200x4000 DCC 3500x2300(左),,U/V轴,北中区,0.20,4.00,左,-148005.02,133880.7,BOLTS
2306,X-HLP3-CR-F3-LAY-KEQP-02-002,紧固件/螺栓,A$C147C6879,6800x7900 DCC 3500x2300(左),,U/V轴,北中区,6.80,7.90,左,-148003.7,133848.41,BOLTS
2307,X-HLP3-CR-F3-LAY-KEQP-02-002,紧固件/螺栓,A$C4EA80240,200x4000 DCC 3500x2300(左),,U/V轴,北中区,0.20,4.00,左,-147929.32,133833.03,BOLTS
2308,X-HLP3-CR-F3-LAY-KEQP-02-002,紧固件/螺栓,A$C147C6879,6800x7900 DCC 3500x2300(左),,U/V轴,北中区,6.80,7.90,左,-147961.6,133831.71,BOLTS
2309,X-HLP3-CR-F3-LAY-KEQP-02-002,型钢,A$C2DBF4B5B,DCC 2850x2300(左),,U/V轴,北中区,2.85,2.30,左,-147671.0,131704.01,ANGEL STEEL_75x75x3.0
2310,X-HLP3-CR-F3-LAY-KEQP-02-002,紧固件/螺栓,A$C4EA80240,200x4000 DCC 2850x2300(左),,U/V轴,北中区,0.20,4.00,左,-147686.99,131687.33,BOLTS
2311,X-HLP3-CR-F3-LAY-KEQP-02-002,紧固件/螺栓,A$C147C6879,6800x7900 DCC 2850x2300(左),,U/V轴,北中区,6.80,7.90,左,-147688.31,131719.61,BOLTS
2312,X-HLP3-CR-F3-LAY-KEQP-02-002,紧固件/螺栓,A$C4EA80240,200x4000 DCC 2850x2300(左),,U/V轴,北中区,0.20,4.00,左,-147762.69,131734.99,BOLTS
2313,X-HLP3-CR-F3-LAY-KEQP-02-002,紧固件/螺栓,A$C147C6879,6800x7900 DCC 2850x2300(左),,U/V轴,北中区,6.80,7.90,左,-147730.4,131736.31,BOLTS
2314,X-HLP3-CR-F3-LAY-KEQP-02-002,型钢,A$C2DBF4B5B,DCC 2850x2300(左),,U/V轴,北中区,2.85,2.30,左,-144420.77,131704.01,ANGEL STEEL_75x75x3.0
2315,X-HLP3-CR-F3-LAY-KEQP-02-002,紧固件/螺栓,A$C4EA80240,200x4000 DCC 2850x2300(左),,U/V轴,北中区,0.20,4.00,左,-144404.79,131687.33,BOLTS
2316,X-HLP3-CR-F3-LAY-KEQP-02-002,紧固件/螺栓,A$C147C6879,6800x7900 DCC 2850x2300(左),,U/V轴,北中区,6.80,7.90,左,-144403.47,131719.61,BOLTS
2317,X-HLP3-CR-F3-LAY-KEQP-02-002,紧固件/螺栓,A$C4EA80240,200x4000 DCC 2850x2300(左),,U/V轴,北中区,0.20,4.00,左,-144329.09,131734.99,BOLTS
2318,X-HLP3-CR-F3-LAY-KEQP-02-002,紧固件/螺栓,A$C147C6879,6800x7900 DCC 2850x2300(左),,U/V轴,北中区,6.80,7.90,左,-144361.37,131736.31,BOLTS
2319,X-HLP3-CR-F3-LAY-KEQP-02-002,DCC隔断/门,DIV-DOOR-1200Wx2200H,DCC 2850x2300(左),,U/V轴,北中区,2.85,2.30,左,-149045.7,131604.01,K-CEIL-DIV-DOOR_Phase 2
2320,X-HLP3-CR-F3-LAY-KEQP-02-002,型钢,A$C2DBF4B5B,DCC 2850x2300(左),,S/T轴,北中区,2.85,2.30,左,-169871.0,121697.01,ANGEL STEEL_75x75x3.0
2321,X-HLP3-CR-F3-LAY-KEQP-02-002,紧固件/螺栓,A$C4EA80240,200x4000 DCC 2850x2300(左),,S/T轴,北中区,0.20,4.00,左,-169886.99,121680.33,BOLTS
2322,X-HLP3-CR-F3-LAY-KEQP-02-002,紧固件/螺栓,A$C147C6879,6800x7900 DCC 2850x2300(左),,S/T轴,北中区,6.80,7.90,左,-169888.31,121712.61,BOLTS
2323,X-HLP3-CR-F3-LAY-KEQP-02-002,紧固件/螺栓,A$C4EA80240,200x4000 DCC 2850x2300(左),,S/T轴,北中区,0.20,4.00,左,-169962.69,121727.99,BOLTS
2324,X-HLP3-CR-F3-LAY-KEQP-02-002,紧固件/螺栓,A$C147C6879,6800x7900 DCC 2850x2300(左),,S/T轴,北中区,6.80,7.90,左,-169930.4,121729.31,BOLTS
2325,X-HLP3-CR-F3-LAY-KEQP-02-002,型钢,A$C2DBF4B5B,DCC 2850x2300(左),,S/T轴,北中区,2.85,2.30,左,-167295.07,121696.97,ANGEL STEEL_75x75x3.0
2326,X-HLP3-CR-F3-LAY-KEQP-02-002,紧固件/螺栓,A$C4EA80240,200x4000 DCC 2850x2300(左),,S/T轴,北中区,0.20,4.00,左,-167279.09,121680.28,BOLTS
2327,X-HLP3-CR-F3-LAY-KEQP-02-002,紧固件/螺栓,A$C147C6879,6800x7900 DCC 2850x2300(左),,S/T轴,北中区,6.80,7.90,左,-167277.77,121712.57,BOLTS
2328,X-HLP3-CR-F3-LAY-KEQP-02-002,紧固件/螺栓,A$C4EA80240,200x4000 DCC 2850x2300(左),,S/T轴,北中区,0.20,4.00,左,-167203.39,121727.95,BOLTS
2329,X-HLP3-CR-F3-LAY-KEQP-02-002,紧固件/螺栓,A$C147C6879,6800x7900 DCC 2850x2300(左),,S/T轴,北中区,6.80,7.90,左,-167235.67,121729.27,BOLTS
2330,X-HLP3-CR-F3-LAY-KEQP-02-002,型钢,A$C2DBF4B5B,DCC 2850x2300(左),,S/T轴,北中区,2.85,2.30,左,-169871.0,121497.01,ANGEL STEEL_75x75x3.0
2331,X-HLP3-CR-F3-LAY-KEQP-02-002,紧固件/螺栓,A$C4EA80240,200x4000 DCC 2850x2300(左),,S/T轴,北中区,0.20,4.00,左,-169886.99,121513.7,BOLTS
2332,X-HLP3-CR-F3-LAY-KEQP-02-002,紧固件/螺栓,A$C147C6879,6800x7900 DCC 2850x2300(左),,S/T轴,北中区,6.80,7.90,左,-169888.31,121481.41,BOLTS
2333,X-HLP3-CR-F3-LAY-KEQP-02-002,紧固件/螺栓,A$C4EA80240,200x4000 DCC 2850x2300(左),,S/T轴,北中区,0.20,4.00,左,-169962.69,121466.03,BOLTS
2334,X-HLP3-CR-F3-LAY-KEQP-02-002,紧固件/螺栓,A$C147C6879,6800x7900 DCC 2850x2300(左),,S/T轴,北中区,6.80,7.90,左,-169930.4,121464.71,BOLTS
2335,X-HLP3-CR-F3-LAY-KEQP-02-002,型钢,A$C2DBF4B5B,DCC 2850x1800(左),,S/T轴,北中区,2.85,1.80,左,-172845.77,119337.01,ANGEL STEEL_75x75x3.0
2336,X-HLP3-CR-F3-LAY-KEQP-02-002,紧固件/螺栓,A$C4EA80240,200x4000 DCC 2850x1800(左),,S/T轴,北中区,0.20,4.00,左,-172861.75,119320.33,BOLTS
2337,X-HLP3-CR-F3-LAY-KEQP-02-002,紧固件/螺栓,A$C147C6879,6800x7900 DCC 2850x1800(左),,S/T轴,北中区,6.80,7.90,左,-172863.07,119352.61,BOLTS
2338,X-HLP3-CR-F3-LAY-KEQP-02-002,紧固件/螺栓,A$C4EA80240,200x4000 DCC 2850x1800(左),,S/T轴,北中区,0.20,4.00,左,-172937.45,119367.99,BOLTS
2339,X-HLP3-CR-F3-LAY-KEQP-02-002,紧固件/螺栓,A$C147C6879,6800x7900 DCC 2850x1800(左),,S/T轴,北中区,6.80,7.90,左,-172905.17,119369.31,BOLTS
2340,X-HLP3-CR-F3-LAY-KEQP-02-002,型钢,A$C2DBF4B5B,DCC 2850x2300(左),,S/T轴,北中区,2.85,2.30,左,-162670.54,121497.01,ANGEL STEEL_75x75x3.0
2341,X-HLP3-CR-F3-LAY-KEQP-02-002,紧固件/螺栓,A$C4EA80240,200x4000 DCC 2850x2300(左),,S/T轴,北中区,0.20,4.00,左,-162686.52,121513.7,BOLTS
2342,X-HLP3-CR-F3-LAY-KEQP-02-002,紧固件/螺栓,A$C147C6879,6800x7900 DCC 2850x2300(左),,S/T轴,北中区,6.80,7.90,左,-162687.84,121481.41,BOLTS
2343,X-HLP3-CR-F3-LAY-KEQP-02-002,紧固件/螺栓,A$C4EA80240,200x4000 DCC 2850x2300(左),,S/T轴,北中区,0.20,4.00,左,-162762.22,121466.03,BOLTS
2344,X-HLP3-CR-F3-LAY-KEQP-02-002,紧固件/螺栓,A$C147C6879,6800x7900 DCC 2850x2300(左),,S/T轴,北中区,6.80,7.90,左,-162729.94,121464.71,BOLTS
2345,X-HLP3-CR-F3-LAY-KEQP-02-002,型钢,A$C2DBF4B5B,DCC 2850x2300(左),,S/T轴,北中区,2.85,2.30,左,-162670.54,119337.01,ANGEL STEEL_75x75x3.0
2346,X-HLP3-CR-F3-LAY-KEQP-02-002,紧固件/螺栓,A$C4EA80240,200x4000 DCC 2850x2300(左),,S/T轴,北中区,0.20,4.00,左,-162686.52,119320.33,BOLTS
2347,X-HLP3-CR-F3-LAY-KEQP-02-002,紧固件/螺栓,A$C147C6879,6800x7900 DCC 2850x2300(左),,S/T轴,北中区,6.80,7.90,左,-162687.84,119352.61,BOLTS
2348,X-HLP3-CR-F3-LAY-KEQP-02-002,紧固件/螺栓,A$C4EA80240,200x4000 DCC 2850x2300(左),,S/T轴,北中区,0.20,4.00,左,-162762.22,119367.99,BOLTS
2349,X-HLP3-CR-F3-LAY-KEQP-02-002,紧固件/螺栓,A$C147C6879,6800x7900 DCC 2850x2300(左),,S/T轴,北中区,6.80,7.90,左,-162729.94,119369.31,BOLTS
2350,X-HLP3-CR-F3-LAY-KEQP-02-002,型钢,A$C2DBF4B5B,DCC 2850x2300(左),,T/U轴,北中区,2.85,2.30,左,-169871.0,123857.01,ANGEL STEEL_75x75x3.0
2351,X-HLP3-CR-F3-LAY-KEQP-02-002,紧固件/螺栓,A$C4EA80240,200x4000 DCC 2850x2300(左),,T/U轴,北中区,0.20,4.00,左,-169886.99,123873.7,BOLTS
2352,X-HLP3-CR-F3-LAY-KEQP-02-002,紧固件/螺栓,A$C147C6879,6800x7900 DCC 2850x2300(左),,T/U轴,北中区,6.80,7.90,左,-169888.31,123841.41,BOLTS
2353,X-HLP3-CR-F3-LAY-KEQP-02-002,紧固件/螺栓,A$C4EA80240,200x4000 DCC 2850x2300(左),,T/U轴,北中区,0.20,4.00,左,-169962.69,123826.03,BOLTS
2354,X-HLP3-CR-F3-LAY-KEQP-02-002,紧固件/螺栓,A$C147C6879,6800x7900 DCC 2850x2300(左),,T/U轴,北中区,6.80,7.90,左,-169930.4,123824.71,BOLTS
2355,X-HLP3-CR-F3-LAY-KEQP-02-002,型钢,A$C2DBF4B5B,DCC 2850x1800(左),,S/T轴,北中区,2.85,1.80,左,-167245.77,119337.01,ANGEL STEEL_75x75x3.0
2356,X-HLP3-CR-F3-LAY-KEQP-02-002,紧固件/螺栓,A$C4EA80240,200x4000 DCC 2850x1800(左),,S/T轴,北中区,0.20,4.00,左,-167229.79,119322.97,BOLTS
2357,X-HLP3-CR-F3-LAY-KEQP-02-002,紧固件/螺栓,A$C147C6879,6800x7900 DCC 2850x1800(左),,S/T轴,北中区,6.80,7.90,左,-167228.47,119355.26,BOLTS
2358,X-HLP3-CR-F3-LAY-KEQP-02-002,紧固件/螺栓,A$C4EA80240,200x4000 DCC 2850x1800(左),,S/T轴,北中区,0.20,4.00,左,-167154.09,119367.99,BOLTS
2359,X-HLP3-CR-F3-LAY-KEQP-02-002,紧固件/螺栓,A$C147C6879,6800x7900 DCC 2850x1800(左),,S/T轴,北中区,6.80,7.90,左,-167186.37,119369.31,BOLTS
2360,X-HLP3-CR-F3-LAY-KEQP-02-002,型钢,A$C2DBF4B5B,DCC 2850x2300(左),,S/T轴,北中区,2.85,2.30,左,-160095.77,121497.01,ANGEL STEEL_75x75x3.0
2361,X-HLP3-CR-F3-LAY-KEQP-02-002,紧固件/螺栓,A$C4EA80240,200x4000 DCC 2850x2300(左),,S/T轴,北中区,0.20,4.00,左,-160079.79,121513.7,BOLTS
2362,X-HLP3-CR-F3-LAY-KEQP-02-002,紧固件/螺栓,A$C147C6879,6800x7900 DCC 2850x2300(左),,S/T轴,北中区,6.80,7.90,左,-160078.47,121481.41,BOLTS
2363,X-HLP3-CR-F3-LAY-KEQP-02-002,紧固件/螺栓,A$C4EA80240,200x4000 DCC 2850x2300(左),,S/T轴,北中区,0.20,4.00,左,-160004.09,121466.03,BOLTS
2364,X-HLP3-CR-F3-LAY-KEQP-02-002,紧固件/螺栓,A$C147C6879,6800x7900 DCC 2850x2300(左),,S/T轴,北中区,6.80,7.90,左,-160036.37,121464.71,BOLTS
2365,X-HLP3-CR-F3-LAY-KEQP-02-002,型钢,A$C2DBF4B5B,DCC 2850x2300(左),,S/T轴,北中区,2.85,2.30,左,-160095.77,119337.01,ANGEL STEEL_75x75x3.0
2366,X-HLP3-CR-F3-LAY-KEQP-02-002,紧固件/螺栓,A$C4EA80240,200x4000 DCC 2850x2300(左),,S/T轴,北中区,0.20,4.00,左,-160079.79,119320.33,BOLTS
2367,X-HLP3-CR-F3-LAY-KEQP-02-002,紧固件/螺栓,A$C147C6879,6800x7900 DCC 2850x2300(左),,S/T轴,北中区,6.80,7.90,左,-160078.47,119352.61,BOLTS
2368,X-HLP3-CR-F3-LAY-KEQP-02-002,紧固件/螺栓,A$C4EA80240,200x4000 DCC 2850x2300(左),,S/T轴,北中区,0.20,4.00,左,-160004.09,119367.99,BOLTS
2369,X-HLP3-CR-F3-LAY-KEQP-02-002,紧固件/螺栓,A$C147C6879,6800x7900 DCC 2850x2300(左),,S/T轴,北中区,6.80,7.90,左,-160036.37,119369.31,BOLTS
2370,X-HLP3-CR-F3-LAY-KEQP-02-002,DCC设备,DCC2850x2300(右),2850x2300,DCC2850x2300,Y轴,北区,2.85,2.30,,-118970.54,193745.49,0-DCC
2371,X-HLP3-CR-F3-LAY-KEQP-02-002,DCC设备,DCC2850x2300(左),2850x2300,DCC2850x2300,Y轴,北区,2.85,2.30,,-217845.77,196105.49,0-DCC
2372,X-HLP3-CR-F3-LAY-KEQP-02-002,DCC设备,DCC2850x2300(左),2850x2300,DCC2850x2300,Y轴,北区,2.85,2.30,,-210649.0,193745.49,0-DCC
2373,X-HLP3-CR-F3-LAY-KEQP-02-002,DCC设备,DCC2850x2300(左),2850x2300,DCC2850x2300,Y轴,北区,2.85,2.30,,-217846.0,193745.49,0-DCC
2374,X-HLP3-CR-F3-LAY-KEQP-02-002,DCC隔断/门,DIV-DOOR-1000Wx2200H,DCC 2850x1800(左),,S/T轴,北中区,2.85,1.80,左,-163570.7,119237.01,K-CEIL-DIV-DOOR_Phase 2
2375,X-HLP3-CR-F3-LAY-KEQP-02-002,型钢,A$C2DBF4B5B,DCC 2850x2300(左),,S/T轴,北中区,2.85,2.30,左,-164345.77,121497.01,ANGEL STEEL_75x75x3.0
2376,X-HLP3-CR-F3-LAY-KEQP-02-002,紧固件/螺栓,A$C4EA80240,200x4000 DCC 2850x2300(左),,S/T轴,北中区,0.20,4.00,左,-164361.75,121513.7,BOLTS
2377,X-HLP3-CR-F3-LAY-KEQP-02-002,紧固件/螺栓,A$C147C6879,6800x7900 DCC 2850x2300(左),,S/T轴,北中区,6.80,7.90,左,-164363.07,121481.41,BOLTS
2378,X-HLP3-CR-F3-LAY-KEQP-02-002,紧固件/螺栓,A$C4EA80240,200x4000 DCC 2850x2300(左),,S/T轴,北中区,0.20,4.00,左,-164437.45,121466.03,BOLTS
2379,X-HLP3-CR-F3-LAY-KEQP-02-002,紧固件/螺栓,A$C147C6879,6800x7900 DCC 2850x2300(左),,S/T轴,北中区,6.80,7.90,左,-164405.17,121464.71,BOLTS
2380,X-HLP3-CR-F3-LAY-KEQP-02-002,型钢,A$C2DBF4B5B,DCC 2850x2300(左),,S/T轴,北中区,2.85,2.30,左,-163021.0,121497.01,ANGEL STEEL_75x75x3.0
2381,X-HLP3-CR-F3-LAY-KEQP-02-002,紧固件/螺栓,A$C4EA80240,200x4000 DCC 2850x2300(左),,S/T轴,北中区,0.20,4.00,左,-163005.02,121513.7,BOLTS
2382,X-HLP3-CR-F3-LAY-KEQP-02-002,紧固件/螺栓,A$C147C6879,6800x7900 DCC 2850x2300(左),,S/T轴,北中区,6.80,7.90,左,-163003.7,121481.41,BOLTS
2383,X-HLP3-CR-F3-LAY-KEQP-02-002,紧固件/螺栓,A$C4EA80240,200x4000 DCC 2850x2300(左),,S/T轴,北中区,0.20,4.00,左,-162929.32,121466.03,BOLTS
2384,X-HLP3-CR-F3-LAY-KEQP-02-002,紧固件/螺栓,A$C147C6879,6800x7900 DCC 2850x2300(左),,S/T轴,北中区,6.80,7.90,左,-162961.6,121464.71,BOLTS
2385,X-HLP3-CR-F3-LAY-KEQP-02-002,型钢,A$C2DBF4B5B,DCC 2850x2600(左),,S/T轴,北中区,2.85,2.60,左,-138708.42,119337.01,ANGEL STEEL_75x75x3.0
2386,X-HLP3-CR-F3-LAY-KEQP-02-002,紧固件/螺栓,A$C4EA80240,200x4000 DCC 2850x2600(左),,S/T轴,北中区,0.20,4.00,左,-138724.4,119320.33,BOLTS
2387,X-HLP3-CR-F3-LAY-KEQP-02-002,紧固件/螺栓,A$C147C6879,6800x7900 DCC 2850x2600(左),,S/T轴,北中区,6.80,7.90,左,-138725.72,119352.61,BOLTS
2388,X-HLP3-CR-F3-LAY-KEQP-02-002,紧固件/螺栓,A$C4EA80240,200x4000 DCC 2850x2600(左),,S/T轴,北中区,0.20,4.00,左,-138800.1,119367.99,BOLTS
2389,X-HLP3-CR-F3-LAY-KEQP-02-002,紧固件/螺栓,A$C147C6879,6800x7900 DCC 2850x2600(左),,S/T轴,北中区,6.80,7.90,左,-138767.82,119369.31,BOLTS
2390,X-HLP3-CR-F3-LAY-KEQP-02-002,型钢,A$C2DBF4B5B,DCC 2850x2600(左),,S/T轴,北中区,2.85,2.60,左,-136133.65,121997.01,ANGEL STEEL_75x75x3.0
2391,X-HLP3-CR-F3-LAY-KEQP-02-002,紧固件/螺栓,A$C4EA80240,200x4000 DCC 2850x2600(左),,S/T轴,北中区,0.20,4.00,左,-136117.67,121980.33,BOLTS
2392,X-HLP3-CR-F3-LAY-KEQP-02-002,紧固件/螺栓,A$C147C6879,6800x7900 DCC 2850x2600(左),,S/T轴,北中区,6.80,7.90,左,-136116.35,122012.61,BOLTS
2393,X-HLP3-CR-F3-LAY-KEQP-02-002,紧固件/螺栓,A$C4EA80240,200x4000 DCC 2850x2600(左),,S/T轴,北中区,0.20,4.00,左,-136041.97,122027.99,BOLTS
2394,X-HLP3-CR-F3-LAY-KEQP-02-002,紧固件/螺栓,A$C147C6879,6800x7900 DCC 2850x2600(左),,S/T轴,北中区,6.80,7.90,左,-136074.25,122029.31,BOLTS
2395,X-HLP3-CR-F3-LAY-KEQP-02-002,型钢,A$C2DBF4B5B,DCC 2850x2600(左),,S/T轴,北中区,2.85,2.60,左,-136133.65,121797.01,ANGEL STEEL_75x75x3.0
2396,X-HLP3-CR-F3-LAY-KEQP-02-002,紧固件/螺栓,A$C4EA80240,200x4000 DCC 2850x2600(左),,S/T轴,北中区,0.20,4.00,左,-136117.67,121813.7,BOLTS
2397,X-HLP3-CR-F3-LAY-KEQP-02-002,紧固件/螺栓,A$C147C6879,6800x7900 DCC 2850x2600(左),,S/T轴,北中区,6.80,7.90,左,-136116.35,121781.41,BOLTS
2398,X-HLP3-CR-F3-LAY-KEQP-02-002,紧固件/螺栓,A$C4EA80240,200x4000 DCC 2850x2600(左),,S/T轴,北中区,0.20,4.00,左,-136041.97,121766.03,BOLTS
2399,X-HLP3-CR-F3-LAY-KEQP-02-002,紧固件/螺栓,A$C147C6879,6800x7900 DCC 2850x2600(左),,S/T轴,北中区,6.80,7.90,左,-136074.25,121764.71,BOLTS
2400,X-HLP3-CR-F3-LAY-KEQP-02-002,型钢,A$C2DBF4B5B,DCC 2850x2600(左),,S/T轴,北中区,2.85,2.60,左,-136133.65,119337.01,ANGEL STEEL_75x75x3.0
2401,X-HLP3-CR-F3-LAY-KEQP-02-002,紧固件/螺栓,A$C4EA80240,200x4000 DCC 2850x2600(左),,S/T轴,北中区,0.20,4.00,左,-136117.67,119320.33,BOLTS
2402,X-HLP3-CR-F3-LAY-KEQP-02-002,紧固件/螺栓,A$C147C6879,6800x7900 DCC 2850x2600(左),,S/T轴,北中区,6.80,7.90,左,-136116.35,119352.61,BOLTS
2403,X-HLP3-CR-F3-LAY-KEQP-02-002,紧固件/螺栓,A$C4EA80240,200x4000 DCC 2850x2600(左),,S/T轴,北中区,0.20,4.00,左,-136041.97,119367.99,BOLTS
2404,X-HLP3-CR-F3-LAY-KEQP-02-002,紧固件/螺栓,A$C147C6879,6800x7900 DCC 2850x2600(左),,S/T轴,北中区,6.80,7.90,左,-136074.25,119369.31,BOLTS
2405,X-HLP3-CR-F3-LAY-KEQP-02-002,DCC设备,DCC2850x2300(左),2850x2300,DCC2850x2300,Y轴,北区,2.85,2.30,,-193887.4,196105.49,0-DCC
2406,X-HLP3-CR-F3-LAY-KEQP-02-002,DCC设备,DCC2850x2300(左),2850x2300,DCC2850x2300,Y轴,北区,2.85,2.30,,-193887.63,193745.49,0-DCC
2407,X-HLP3-CR-F3-LAY-KEQP-02-002,DCC隔断/门,DIV-DOOR-1000Wx2200H,DCC 2850x2600(左),,S/T轴,北中区,2.85,2.60,左,-146808.58,119237.01,K-CEIL-DIV-DOOR_Phase 2
2408,X-HLP3-CR-F3-LAY-KEQP-02-002,型钢,A$C2DBF4B5B,DCC 2850x2600(左),,T/U轴,北中区,2.85,2.60,左,-136133.65,124457.01,ANGEL STEEL_75x75x3.0
2409,X-HLP3-CR-F3-LAY-KEQP-02-002,紧固件/螺栓,A$C4EA80240,200x4000 DCC 2850x2600(左),,T/U轴,北中区,0.20,4.00,左,-136117.67,124473.7,BOLTS
2410,X-HLP3-CR-F3-LAY-KEQP-02-002,紧固件/螺栓,A$C147C6879,6800x7900 DCC 2850x2600(左),,T/U轴,北中区,6.80,7.90,左,-136116.35,124441.41,BOLTS
2411,X-HLP3-CR-F3-LAY-KEQP-02-002,紧固件/螺栓,A$C4EA80240,200x4000 DCC 2850x2600(左),,T/U轴,北中区,0.20,4.00,左,-136041.97,124426.03,BOLTS
2412,X-HLP3-CR-F3-LAY-KEQP-02-002,紧固件/螺栓,A$C147C6879,6800x7900 DCC 2850x2600(左),,T/U轴,北中区,6.80,7.90,左,-136074.25,124424.71,BOLTS
2413,X-HLP3-CR-F3-LAY-KEQP-02-002,型钢,A$C2DBF4B5B,DCC 2850x1800(左),,S/T轴,北中区,2.85,1.80,左,-141633.65,119337.01,ANGEL STEEL_75x75x3.0
2414,X-HLP3-CR-F3-LAY-KEQP-02-002,紧固件/螺栓,A$C4EA80240,200x4000 DCC 2850x1800(左),,S/T轴,北中区,0.20,4.00,左,-141649.64,119320.33,BOLTS
2415,X-HLP3-CR-F3-LAY-KEQP-02-002,紧固件/螺栓,A$C147C6879,6800x7900 DCC 2850x1800(左),,S/T轴,北中区,6.80,7.90,左,-141650.96,119352.61,BOLTS
2416,X-HLP3-CR-F3-LAY-KEQP-02-002,紧固件/螺栓,A$C4EA80240,200x4000 DCC 2850x1800(左),,S/T轴,北中区,0.20,4.00,左,-141725.34,119367.99,BOLTS
2417,X-HLP3-CR-F3-LAY-KEQP-02-002,紧固件/螺栓,A$C147C6879,6800x7900 DCC 2850x1800(左),,S/T轴,北中区,6.80,7.90,左,-141693.05,119369.31,BOLTS
2418,X-HLP3-CR-F3-LAY-KEQP-02-002,型钢,A$C2DBF4B5B,DCC 2850x2600(左),,S/T轴,北中区,2.85,2.60,左,-139058.42,119337.01,ANGEL STEEL_75x75x3.0
2419,X-HLP3-CR-F3-LAY-KEQP-02-002,紧固件/螺栓,A$C4EA80240,200x4000 DCC 2850x2600(左),,S/T轴,北中区,0.20,4.00,左,-139042.44,119320.33,BOLTS
2420,X-HLP3-CR-F3-LAY-KEQP-02-002,紧固件/螺栓,A$C147C6879,6800x7900 DCC 2850x2600(左),,S/T轴,北中区,6.80,7.90,左,-139041.12,119352.61,BOLTS
2421,X-HLP3-CR-F3-LAY-KEQP-02-002,紧固件/螺栓,A$C4EA80240,200x4000 DCC 2850x2600(左),,S/T轴,北中区,0.20,4.00,左,-138966.74,119367.99,BOLTS
2422,X-HLP3-CR-F3-LAY-KEQP-02-002,紧固件/螺栓,A$C147C6879,6800x7900 DCC 2850x2600(左),,S/T轴,北中区,6.80,7.90,左,-138999.02,119369.31,BOLTS
2423,X-HLP3-CR-F3-LAY-KEQP-02-002,型钢,A$C2DBF4B5B,DCC 2850x2600(左),,S/T轴,北中区,2.85,2.60,左,-139058.65,119337.01,ANGEL STEEL_75x75x3.0
2424,X-HLP3-CR-F3-LAY-KEQP-02-002,紧固件/螺栓,A$C4EA80240,200x4000 DCC 2850x2600(左),,S/T轴,北中区,0.20,4.00,左,-139042.67,119320.33,BOLTS
2425,X-HLP3-CR-F3-LAY-KEQP-02-002,紧固件/螺栓,A$C147C6879,6800x7900 DCC 2850x2600(左),,S/T轴,北中区,6.80,7.90,左,-139041.35,119352.61,BOLTS
2426,X-HLP3-CR-F3-LAY-KEQP-02-002,紧固件/螺栓,A$C4EA80240,200x4000 DCC 2850x2600(左),,S/T轴,北中区,0.20,4.00,左,-138966.97,119367.99,BOLTS
2427,X-HLP3-CR-F3-LAY-KEQP-02-002,紧固件/螺栓,A$C147C6879,6800x7900 DCC 2850x2600(左),,S/T轴,北中区,6.80,7.90,左,-138999.25,119369.31,BOLTS
2428,X-HLP3-CR-F3-LAY-KEQP-02-002,型钢,A$C2DBF4B5B,DCC 2850x1800(左),,S/T轴,北中区,2.85,1.80,左,-141633.42,119337.01,ANGEL STEEL_75x75x3.0
2429,X-HLP3-CR-F3-LAY-KEQP-02-002,紧固件/螺栓,A$C4EA80240,200x4000 DCC 2850x1800(左),,S/T轴,北中区,0.20,4.00,左,-141649.4,119320.33,BOLTS
2430,X-HLP3-CR-F3-LAY-KEQP-02-002,紧固件/螺栓,A$C147C6879,6800x7900 DCC 2850x1800(左),,S/T轴,北中区,6.80,7.90,左,-141650.72,119352.61,BOLTS
2431,X-HLP3-CR-F3-LAY-KEQP-02-002,紧固件/螺栓,A$C4EA80240,200x4000 DCC 2850x1800(左),,S/T轴,北中区,0.20,4.00,左,-141725.1,119367.99,BOLTS
2432,X-HLP3-CR-F3-LAY-KEQP-02-002,紧固件/螺栓,A$C147C6879,6800x7900 DCC 2850x1800(左),,S/T轴,北中区,6.80,7.90,左,-141692.82,119369.31,BOLTS
2433,X-HLP3-CR-F3-LAY-KEQP-02-002,DCC设备,DCC2850x1800(右),2850x1800,DCC2850x1800,Y轴,北区,2.85,1.80,,-76030.93,193745.49,0-DCC
2434,X-HLP3-CR-F3-LAY-KEQP-02-002,DCC设备,DCC2850x1800(右),2850x1800,DCC2850x1800,Y轴,北区,2.85,1.80,,-76030.93,195605.49,0-DCC
2435,X-HLP3-CR-F3-LAY-KEQP-02-002,DCC设备,DCC2850x2600(左),2850x2600,DCC2850x2600,Y轴,北区,2.85,2.60,,-186690.63,193745.49,0-DCC
2436,X-HLP3-CR-F3-LAY-KEQP-02-002,DCC设备,DCC2850x2600(左),2850x2600,DCC2850x2600,Y轴,北区,2.85,2.60,,-186690.63,196405.49,0-DCC
2437,X-HLP3-CR-F3-LAY-KEQP-02-002,柱,柱底找平,DCC 2850x1800(左),,Q/R轴,北中区,2.85,1.80,左,-172995.66,106820.01,0-DCC-STRUC-T
2438,X-HLP3-CR-F3-LAY-KEQP-02-002,紧固件/螺栓,M12,DCC 2850x1800(左),,Q/R轴,北中区,2.85,1.80,左,-172927.03,106859.53,0-DCC-STRUC-T
2439,X-HLP3-CR-F3-LAY-KEQP-02-002,紧固件/螺栓,M12,DCC 2850x1800(左),,Q/R轴,北中区,2.85,1.80,左,-173064.29,106859.53,0-DCC-STRUC-T
2440,X-HLP3-CR-F3-LAY-KEQP-02-002,柱,柱底找平,DCC 2850x1800(左),,Q/R轴,北中区,2.85,1.80,左,-167095.66,106820.01,0-DCC-STRUC-T
2441,X-HLP3-CR-F3-LAY-KEQP-02-002,紧固件/螺栓,M12,DCC 2850x1800(左),,Q/R轴,北中区,2.85,1.80,左,-167027.03,106859.53,0-DCC-STRUC-T
2442,X-HLP3-CR-F3-LAY-KEQP-02-002,紧固件/螺栓,M12,DCC 2850x1800(左),,Q/R轴,北中区,2.85,1.80,左,-167164.29,106859.53,0-DCC-STRUC-T
2443,X-HLP3-CR-F3-LAY-KEQP-02-002,柱,柱底找平,DCC 2850x1800(左),,Q/R轴,北中区,2.85,1.80,左,-165795.78,106820.01,0-DCC-STRUC-T
2444,X-HLP3-CR-F3-LAY-KEQP-02-002,紧固件/螺栓,M12,DCC 2850x1800(左),,Q/R轴,北中区,2.85,1.80,左,-165727.14,106859.53,0-DCC-STRUC-T
2445,X-HLP3-CR-F3-LAY-KEQP-02-002,紧固件/螺栓,M12,DCC 2850x1800(左),,Q/R轴,北中区,2.85,1.80,左,-165864.41,106859.53,0-DCC-STRUC-T
2446,X-HLP3-CR-F3-LAY-KEQP-02-002,紧固件/螺栓,化学锚栓连接板,,,Y轴,北区,,,,-231295.54,230573.49,K-CEIL-DCC-RACK
2447,X-HLP3-CR-F3-LAY-KEQP-02-002,紧固件/螺栓,化学锚栓连接板,,,Y轴,北区,,,,-238445.54,230573.49,K-CEIL-DCC-RACK
2448,X-HLP3-CR-F3-LAY-KEQP-02-002,DCC设备,DCC2850x1800(右),2850x1800,DCC2850x1800,Y轴,北区,2.85,1.80,,-107192.77,181378.49,0-DCC
2449,X-HLP3-CR-F3-LAY-KEQP-02-002,DCC设备,DCC2850x1800(右),2850x1800,DCC2850x1800,Y轴,北区,2.85,1.80,,-107192.77,183238.49,0-DCC
2450,X-HLP3-CR-F3-LAY-KEQP-02-002,DCC设备,DCC2850x1800(右),2850x1800,DCC2850x1800,Y轴,北区,2.85,1.80,,-104242.77,181378.49,0-DCC
2451,X-HLP3-CR-F3-LAY-KEQP-02-002,DCC设备,DCC2850x1800(右),2850x1800,DCC2850x1800,Y轴,北区,2.85,1.80,,-104242.77,183238.49,0-DCC
2452,X-HLP3-CR-F3-LAY-KEQP-02-002,DCC设备,DCC2850x1800(右),2850x1800,DCC2850x1800,Y轴,北区,2.85,1.80,,-99992.77,181378.49,0-DCC
2453,X-HLP3-CR-F3-LAY-KEQP-02-002,DCC设备,DCC2850x1800(右),2850x1800,DCC2850x1800,Y轴,北区,2.85,1.80,,-99992.77,183238.49,0-DCC
2454,X-HLP3-CR-F3-LAY-KEQP-02-002,DCC隔断/门,DIV-DOOR-1000Wx2200H,DCC 2850x1800(左),,Q/R轴,北中区,2.85,1.80,左,-160695.7,106870.01,K-CEIL-DIV-DOOR_Phase 2
2455,X-HLP3-CR-F3-LAY-KEQP-02-002,DCC设备,DCC2850x2300(右)水平,2850x2300,DCC2850x2300,Y轴,北区,2.85,2.30,,-117801.04,252984.54,0-DCC
2456,X-HLP3-CR-F3-LAY-KEQP-02-002,DCC设备,DCC2850x2300(右)水平,2850x2300,DCC2850x2300,Y轴,北区,2.85,2.30,,-222283.57,252984.54,0-DCC
2457,X-HLP3-CR-F3-LAY-KEQP-02-002,DCC设备,DCC2850x2300(右)水平,2850x2300,DCC2850x2300,Y轴,北区,2.85,2.30,,-110601.15,252984.54,0-DCC
2458,X-HLP3-CR-F3-LAY-KEQP-02-002,柱,柱底找平,DCC 2850x1800(左),,Q/R轴,北中区,2.85,1.80,左,-149361.16,106820.01,0-DCC-STRUC-T
2459,X-HLP3-CR-F3-LAY-KEQP-02-002,紧固件/螺栓,M12,DCC 2850x1800(左),,Q/R轴,北中区,2.85,1.80,左,-149292.53,106859.53,0-DCC-STRUC-T
2460,X-HLP3-CR-F3-LAY-KEQP-02-002,紧固件/螺栓,M12,DCC 2850x1800(左),,Q/R轴,北中区,2.85,1.80,左,-149429.79,106859.53,0-DCC-STRUC-T
2461,X-HLP3-CR-F3-LAY-KEQP-02-002,柱,柱底找平,DCC 2850x2600(左),,Q/R轴,北中区,2.85,2.60,左,-143461.16,106820.01,0-DCC-STRUC-T
2462,X-HLP3-CR-F3-LAY-KEQP-02-002,紧固件/螺栓,M12,DCC 2850x2600(左),,Q/R轴,北中区,2.85,2.60,左,-143392.53,106859.53,0-DCC-STRUC-T
2463,X-HLP3-CR-F3-LAY-KEQP-02-002,紧固件/螺栓,M12,DCC 2850x2600(左),,Q/R轴,北中区,2.85,2.60,左,-143529.79,106859.53,0-DCC-STRUC-T
2464,X-HLP3-CR-F3-LAY-KEQP-02-002,紧固件/螺栓,化学锚栓连接板,,,Y轴,北区,,,,-214811.04,230573.49,K-CEIL-DCC-RACK
2465,X-HLP3-CR-F3-LAY-KEQP-02-002,DCC设备,DCC2850x1800(右),2850x1800,DCC2850x1800,Y轴,北区,2.85,1.80,,-83558.27,181378.49,0-DCC
2466,X-HLP3-CR-F3-LAY-KEQP-02-002,DCC设备,DCC2850x1800(右),2850x1800,DCC2850x1800,Y轴,北区,2.85,1.80,,-83558.27,183238.49,0-DCC
2467,X-HLP3-CR-F3-LAY-KEQP-02-002,DCC设备,DCC2850x2600(左),2850x2600,DCC2850x2600,Y轴,北区,2.85,2.60,,-194217.97,181378.49,0-DCC
2468,X-HLP3-CR-F3-LAY-KEQP-02-002,DCC设备,DCC2850x2600(左),2850x2600,DCC2850x2600,Y轴,北区,2.85,2.60,,-194217.97,184038.49,0-DCC
2469,X-HLP3-CR-F3-LAY-KEQP-02-002,DCC设备,DCC2850x2300(右)水平,2850x2300,DCC2850x2300,Y轴,北区,2.85,2.30,,-198652.77,254584.54,0-DCC
2470,X-HLP3-CR-F3-LAY-KEQP-02-002,DCC设备,DCC2850x2300(右)水平,2850x2300,DCC2850x2300,Y轴,北区,2.85,2.30,,-201599.07,252984.54,0-DCC
2471,X-HLP3-CR-F3-LAY-KEQP-02-002,柱,H-方柱-200x8-X8,DCC 2850x1800(左),,Q/R轴,北中区,2.85,1.80,左,-170045.54,108049.53,K-CEIL-DCC-RACK
2472,X-HLP3-CR-F3-LAY-KEQP-02-002,柱,H-方柱-200x8-X11,DCC 2850x1800(左),,Q/R轴,北中区,2.85,1.80,左,-162895.54,108049.53,K-CEIL-DCC-RACK
2473,X-HLP3-CR-F3-LAY-KEQP-02-002,柱,柱底找平,DCC 2850x1800(左),,Q/R轴,北中区,2.85,1.80,左,-162895.54,106820.01,0-DCC-STRUC-T
2474,X-HLP3-CR-F3-LAY-KEQP-02-002,紧固件/螺栓,M12,DCC 2850x1800(左),,Q/R轴,北中区,2.85,1.80,左,-162826.9,106859.53,0-DCC-STRUC-T
2475,X-HLP3-CR-F3-LAY-KEQP-02-002,紧固件/螺栓,M12,DCC 2850x1800(左),,Q/R轴,北中区,2.85,1.80,左,-162964.17,106859.53,0-DCC-STRUC-T
2476,X-HLP3-CR-F3-LAY-KEQP-02-002,柱,柱底找平,DCC 2850x1800(左),,Q/R轴,北中区,2.85,1.80,左,-170045.54,106820.01,0-DCC-STRUC-T
2477,X-HLP3-CR-F3-LAY-KEQP-02-002,紧固件/螺栓,M12,DCC 2850x1800(左),,Q/R轴,北中区,2.85,1.80,左,-169976.9,106859.53,0-DCC-STRUC-T
2478,X-HLP3-CR-F3-LAY-KEQP-02-002,紧固件/螺栓,M12,DCC 2850x1800(左),,Q/R轴,北中区,2.85,1.80,左,-170114.17,106859.53,0-DCC-STRUC-T
2479,X-HLP3-CR-F3-LAY-KEQP-02-002,柱,H-方柱-200x8-X13,DCC 2850x2600(左),,Q/R轴,北中区,2.85,2.60,左,-146411.04,108049.53,K-CEIL-DCC-RACK
2480,X-HLP3-CR-F3-LAY-KEQP-02-002,柱,柱底找平,DCC 2850x2600(左),,Q/R轴,北中区,2.85,2.60,左,-146411.04,106820.01,0-DCC-STRUC-T
2481,X-HLP3-CR-F3-LAY-KEQP-02-002,紧固件/螺栓,M12,DCC 2850x2600(左),,Q/R轴,北中区,2.85,2.60,左,-146342.4,106859.53,0-DCC-STRUC-T
2482,X-HLP3-CR-F3-LAY-KEQP-02-002,紧固件/螺栓,M12,DCC 2850x2600(左),,Q/R轴,北中区,2.85,2.60,左,-146479.67,106859.53,0-DCC-STRUC-T
2483,X-HLP3-CR-F3-LAY-KEQP-02-002,型钢,A$C2DBF4B5B,DCC 2850x2300(左),,T/U轴,北中区,2.85,2.30,左,-170220.54,123857.01,ANGEL STEEL_75x75x3.0
2484,X-HLP3-CR-F3-LAY-KEQP-02-002,紧固件/螺栓,A$C4EA80240,200x4000 DCC 2850x2300(左),,T/U轴,北中区,0.20,4.00,左,-170204.55,123873.7,BOLTS
2485,X-HLP3-CR-F3-LAY-KEQP-02-002,紧固件/螺栓,A$C147C6879,6800x7900 DCC 2850x2300(左),,T/U轴,北中区,6.80,7.90,左,-170203.23,123841.41,BOLTS
2486,X-HLP3-CR-F3-LAY-KEQP-02-002,紧固件/螺栓,A$C4EA80240,200x4000 DCC 2850x2300(左),,T/U轴,北中区,0.20,4.00,左,-170128.85,123826.03,BOLTS
2487,X-HLP3-CR-F3-LAY-KEQP-02-002,紧固件/螺栓,A$C147C6879,6800x7900 DCC 2850x2300(左),,T/U轴,北中区,6.80,7.90,左,-170161.14,123824.71,BOLTS
2488,X-HLP3-CR-F3-LAY-KEQP-02-002,DCC支架,DCC-Rack-150,2850x2300(右) DCC-D,DCC-D,F/G轴,南区,2.85,2.30,右,1525.0,42725.0,K-CEIL-DCC-RACK
2489,X-HLP3-CR-F3-LAY-KEQP-02-002,检修门,MD2-1022,1000x2200 2000x2300(右) DCC-B*2,DCC-B*2,F/G轴,南区,1.00,2.20,右,8015.98,42706.01,K-PART-DOOR
2490,X-HLP3-CR-F3-LAY-KEQP-02-002,检修门,MD2-1022,1000x2200 2850x2300(左) DCC-D,DCC-D,F/G轴,南区,1.00,2.20,左,44015.98,42706.01,K-PART-DOOR
2491,X-HLP3-CR-F3-LAY-KEQP-02-002,检修门,MD2-1022,1000x2200 2850x1800(右) DCC-C*2,DCC-C*2,F/G轴,南区,1.00,2.20,右,77409.02,42706.33,K-PART-DOOR
2492,X-HLP3-CR-F3-LAY-KEQP-02-002,检修门,MD2-1022,1000x2200 2850x2300(右) DCC-E*2,DCC-E*2,F/G轴,南区,1.00,2.20,右,116986.77,43006.01,K-PART-DOOR
2493,X-HLP3-CR-F3-LAY-KEQP-02-002,检修门,MD2-1022,1000x2200 2400x1300(右) DCC,DCC,F/G轴,南区,1.00,2.20,右,223865.98,43956.01,K-PART-DOOR
2494,X-HLP3-CR-F3-LAY-KEQP-02-002,检修门,MD2-1022,1000x2200 2850x2300(左) DCC-D*2,DCC-D*2,Q/R轴,北中区,1.00,2.20,左,50988.38,108815.98,K-PART-DOOR
2495,X-HLP3-CR-F3-LAY-KEQP-02-002,检修门,MD2-1022,1000x2200 2850x2300(右) DCC,DCC,G/H轴,南中区,1.00,2.20,右,116990.87,50893.99,K-PART-DOOR
2496,X-HLP3-CR-F3-LAY-KEQP-02-002,检修门,MD2-1022,1000x2200 2000x1800(左) DCC-A*2,DCC-A*2,R/S轴,北中区,1.00,2.20,左,115709.02,110005.69,K-PART-DOOR
2497,X-HLP3-CR-F3-LAY-KEQP-02-002,检修门,MD2-1022,1000x2200 2850x1800(右) DCC,DCC,G/H轴,南中区,1.00,2.20,右,143465.98,48443.99,K-PART-DOOR
2498,X-HLP3-CR-F3-LAY-KEQP-02-002,检修门,MD2-1022,1000x2200 2850x2300(左) DCC,DCC,Q/R轴,北中区,1.00,2.20,左,174610.39,107456.01,K-PART-DOOR
2499,X-HLP3-CR-F3-LAY-KEQP-02-002,DCC支架,DCC-Rack-150,2850x1800(右) DCC-C*2,DCC-C*2,R/S轴,北中区,2.85,1.80,右,7900.0,115675.0,K-CEIL-DCC-RACK
2500,X-HLP3-CR-F3-LAY-KEQP-02-002,检修门,MD2-1022,1000x2200 2850x2600(右) DCC-E*2,DCC-E*2,R/S轴,北中区,1.00,2.20,右,2465.98,115693.99,K-PART-DOOR
2501,X-HLP3-CR-F3-LAY-KEQP-02-002,检修门,MD2-1022,1000x2200 2850x2300(右) DCC-D*2,DCC-D*2,R/S轴,北中区,1.00,2.20,右,58415.98,115693.99,K-PART-DOOR
2502,X-HLP3-CR-F3-LAY-KEQP-02-002,DCC支架,DCC-Rack-150,2850x1800(右) DCC-E*2,DCC-E*2,R/S轴,北中区,2.85,1.80,右,6500.0,115675.0,K-CEIL-DCC-RACK
2503,X-HLP3-CR-F3-LAY-KEQP-02-002,检修门,MD2-1022,1000x2200 2850x2300(右) DCC-D*2,DCC-D*2,F/G轴,南区,1.00,2.20,右,174390.98,43006.01,K-PART-DOOR
2504,X-HLP3-CR-F3-LAY-KEQP-02-002,检修门,MD2-1022,1000x2200 2850x1800(右) DCC-C*2,DCC-C*2,R/S轴,北中区,1.00,2.20,右,196840.7,115695.19,K-PART-DOOR
2505,X-HLP3-CR-F3-LAY-KEQP-02-002,检修门,MD2-1022,1000x2200 2850x1800(左) DCC-C*2,DCC-C*2,G/H轴,南中区,1.00,2.20,左,9034.02,50393.99,K-PART-DOOR
2506,X-HLP3-CR-F3-LAY-KEQP-02-002,DCC支架,DCC-Rack-150,2000x2300(右) DCC-B*2,DCC-B*2,F/G轴,南区,2.00,2.30,右,6500.0,42725.0,K-CEIL-DCC-RACK
2507,X-HLP3-CR-F3-LAY-KEQP-02-002,DCC设备,DCC-28.5x26,2850x2600,DCC-28,Y轴,北区,2.85,2.60,,54650.0,220020.95,0-DCC
2508,X-HLP3-CR-F3-LAY-KEQP-02-002,DCC设备,DCC-28.5x26,2850x2600,DCC-28,Y轴,北区,2.85,2.60,,64800.11,220020.95,0-DCC
2509,X-HLP3-CR-F3-LAY-KEQP-02-002,DCC设备,DCC-28.5x26,2850x2600,DCC-28,Y轴,北区,2.85,2.60,,115200.11,220022.99,0-DCC
2510,X-HLP3-CR-F3-LAY-KEQP-02-002,DCC支架,DCC-Rack-200,3500x2300(左) DCC-F,DCC-F,A/B轴,南区,3.50,2.30,左,18600.0,2765.57,K-CEIL-DCC-RACK
2511,X-HLP3-CR-F3-LAY-KEQP-02-002,DCC支架,DCC-Rack-200,3500x2300(左) DCC-F,DCC-F,A/B轴,南区,3.50,2.30,左,33000.0,2764.94,K-CEIL-DCC-RACK
2512,X-HLP3-CR-F3-LAY-KEQP-02-002,DCC支架,DCC-Rack-200,3500x2300(左) DCC-F,DCC-F,A/B轴,南区,3.50,2.30,左,40200.0,2764.94,K-CEIL-DCC-RACK
2513,X-HLP3-CR-F3-LAY-KEQP-02-002,DCC支架,DCC-Rack-200,2850x2300(右) DCC-D,DCC-D,F/G轴,南区,2.85,2.30,右,39600.0,42739.11,K-CEIL-DCC-RACK
2514,X-HLP3-CR-F3-LAY-KEQP-02-002,DCC支架,DCC-Rack-200,2850x2300(右) DCC-D,DCC-D,F/G轴,南区,2.85,2.30,右,97200.0,42739.11,K-CEIL-DCC-RACK
2515,X-HLP3-CR-F3-LAY-KEQP-02-002,DCC支架,DCC-Rack-200,2850x2300(右) DCC-D,DCC-D,F/G轴,南区,2.85,2.30,右,104400.0,42739.11,K-CEIL-DCC-RACK
2516,X-HLP3-CR-F3-LAY-KEQP-02-002,DCC支架,DCC-Rack-200,3500x2300(右) DCC-F*2,DCC-F*2,A/B轴,南区,3.50,2.30,右,155400.0,2765.57,K-CEIL-DCC-RACK
2517,X-HLP3-CR-F3-LAY-KEQP-02-002,DCC支架,DCC-Rack-200,2850x2600(右) DCC-E,DCC-E,F/G轴,南区,2.85,2.60,右,147600.0,42739.11,K-CEIL-DCC-RACK
2518,X-HLP3-CR-F3-LAY-KEQP-02-002,DCC支架,DCC-Rack-200,2850x2300(右) DCC-D*2,DCC-D*2,R/S轴,北中区,2.85,2.30,右,25200.0,115661.21,K-CEIL-DCC-RACK
2519,X-HLP3-CR-F3-LAY-KEQP-02-002,DCC支架,DCC-Rack-200,2850x1800(右) DCC-C*2,DCC-C*2,R/S轴,北中区,2.85,1.80,右,10800.0,115660.89,K-CEIL-DCC-RACK
2520,X-HLP3-CR-F3-LAY-KEQP-02-002,DCC支架,DCC-Rack-200,2850x2300(右) DCC-D,DCC-D,R/S轴,北中区,2.85,2.30,右,32400.0,115661.21,K-CEIL-DCC-RACK
2521,X-HLP3-CR-F3-LAY-KEQP-02-002,DCC支架,DCC-Rack-200,2850x2300(右) DCC-D*2,DCC-D*2,R/S轴,北中区,2.85,2.30,右,39600.0,115661.21,K-CEIL-DCC-RACK
2522,X-HLP3-CR-F3-LAY-KEQP-02-002,DCC支架,DCC-Rack-200,2850x2300(右) DCC-D*2,DCC-D*2,R/S轴,北中区,2.85,2.30,右,104400.0,115661.21,K-CEIL-DCC-RACK
2523,X-HLP3-CR-F3-LAY-KEQP-02-002,DCC支架,DCC-Rack-200,2850x2300(右) DCC-D*2,DCC-D*2,R/S轴,北中区,2.85,2.30,右,111600.0,115661.21,K-CEIL-DCC-RACK
2524,X-HLP3-CR-F3-LAY-KEQP-02-002,DCC支架,DCC-Rack-200,3500x2300(左) DCC-F,DCC-F,X/Y轴,北区,3.50,2.30,左,4200.0,155635.11,0-A-C200X100X35X3.0
2525,X-HLP3-CR-F3-LAY-KEQP-02-002,DCC支架,DCC-Rack-200,MD 1200x2200 DCC-F,DCC-F,X/Y轴,北区,1.20,2.20,,83400.0,155635.11,K-CEIL-DCC-RACK
2526,X-HLP3-CR-F3-LAY-KEQP-02-002,DCC支架,DCC-Rack-200,3500x2300(左) DCC-F,DCC-F,X/Y轴,北区,3.50,2.30,左,76200.0,155635.11,K-CEIL-DCC-RACK
2527,X-HLP3-CR-F3-LAY-KEQP-02-002,DCC支架,DCC-Rack-200,3500x2300(左) DCC-F,DCC-F,X/Y轴,北区,3.50,2.30,左,69000.0,155635.11,K-CEIL-DCC-RACK
2528,X-HLP3-CR-F3-LAY-KEQP-02-002,DCC支架,DCC-Rack-200,3500x2300(右) DCC-F*2,DCC-F*2,A/B轴,南区,3.50,2.30,右,213000.0,2761.79,K-CEIL-DCC-RACK
2529,X-HLP3-CR-F3-LAY-KEQP-02-002,DCC支架,DCC-Rack-200,2850x2600(右) DCC-E,DCC-E,F/G轴,南区,2.85,2.60,右,169200.0,42739.11,K-CEIL-DCC-RACK
2530,X-HLP3-CR-F3-LAY-KEQP-02-002,DCC支架,DCC-Rack-200,2850x2600(右) DCC-E*2,DCC-E*2,R/S轴,北中区,2.85,2.60,右,140400.0,115661.21,K-CEIL-DCC-RACK
2531,X-HLP3-CR-F3-LAY-KEQP-02-002,DCC支架,DCC-Rack-200,3500x2300(左) DCC-F,DCC-F,X/Y轴,北区,3.50,2.30,左,177000.0,155635.11,K-CEIL-DCC-RACK
2532,X-HLP3-CR-F3-LAY-KEQP-02-002,DCC支架,DCC-Rack-200,3500x2300(左) DCC-F,DCC-F,X/Y轴,北区,3.50,2.30,左,184200.0,155635.11,K-CEIL-DCC-RACK
2533,X-HLP3-CR-F3-LAY-KEQP-02-002,DCC支架,DCC-Rack-200,2850x2600(右) DCC-E,DCC-E,R/S轴,北中区,2.85,2.60,右,162000.0,115661.21,K-CEIL-DCC-RACK
2534,X-HLP3-CR-F3-LAY-KEQP-02-002,DCC支架,DCC-Rack-200,3500x2300(左) DCC-F,DCC-F,X/Y轴,北区,3.50,2.30,左,241814.29,155633.76,K-CEIL-DCC-RACK
2535,X-HLP3-CR-F3-LAY-KEQP-02-002,DCC支架,DCC-Rack-200,3500x2300(右) DCC-F,DCC-F,A/B轴,南区,3.50,2.30,右,148200.0,2765.57,K-CEIL-DCC-RACK
2536,X-HLP3-CR-F3-LAY-KEQP-02-002,紧固件/螺栓,DCC-Rack-200x200,200x200,,S/T轴,北中区,0.20,0.20,,-14793.81,118596.27,K-CEIL-DCC-RACK
2537,X-HLP3-CR-F3-LAY-KEQP-02-002,DCC支架,DCC-Rack-200,2000x2300(右) DCC-B*2,DCC-B*2,F/G轴,南区,2.00,2.30,右,4425.0,42738.79,K-CEIL-DCC-RACK
2538,X-HLP3-CR-F3-LAY-KEQP-02-002,DCC支架,DCC-Rack-200,3500x2300(左) DCC-F,DCC-F,A/B轴,南区,3.50,2.30,左,4200.0,2765.57,K-CEIL-DCC-RACK
2539,X-HLP3-CR-F3-LAY-KEQP-02-002,DCC支架,DCC-Rack-200,3500x2300(左) DCC-F,DCC-F,A/B轴,南区,3.50,2.30,左,11400.0,2765.57,K-CEIL-DCC-RACK
2540,X-HLP3-CR-F3-LAY-KEQP-02-002,紧固件/螺栓,DCC-Rack-200x200,200x200,,S/T轴,北中区,0.20,0.20,,-7593.81,118596.27,K-CEIL-DCC-RACK
2541,X-HLP3-CR-F3-LAY-KEQP-02-002,紧固件/螺栓,DCC-Rack-200x200,200x200 2850x2600(右) DCC-E*2,DCC-E*2,S/T轴,北中区,0.20,0.20,右,-408.81,118596.27,K-CEIL-DCC-RACK
2542,X-HLP3-CR-F3-LAY-KEQP-02-002,紧固件/螺栓,DCC-Rack-200x200,200x200 2850x1800(右) DCC-C*2,DCC-C*2,S/T轴,北中区,0.20,0.20,右,14006.19,118595.64,K-CEIL-DCC-RACK
2543,X-HLP3-CR-F3-LAY-KEQP-02-002,紧固件/螺栓,DCC-Rack-200x200,200x200 2850x2300(右) DCC-D,DCC-D,S/T轴,北中区,0.20,0.20,右,21206.19,118595.64,K-CEIL-DCC-RACK
2544,X-HLP3-CR-F3-LAY-KEQP-02-002,紧固件/螺栓,DCC-Rack-200x200,200x200 2850x2600(右) DCC-E,DCC-E,S/T轴,北中区,0.20,0.20,右,129206.19,118596.27,K-CEIL-DCC-RACK
2545,X-HLP3-CR-F3-LAY-KEQP-02-002,紧固件/螺栓,DCC-Rack-200x200,200x200 2850x2600(右) DCC-E,DCC-E,S/T轴,北中区,0.20,0.20,右,136406.19,118596.27,K-CEIL-DCC-RACK
2546,X-HLP3-CR-F3-LAY-KEQP-02-002,紧固件/螺栓,DCC-Rack-200x200,200x200 2850x2300(右) DCC-D*2,DCC-D*2,S/T轴,北中区,0.20,0.20,右,172406.19,118596.27,K-CEIL-DCC-RACK
2547,X-HLP3-CR-F3-LAY-KEQP-02-002,紧固件/螺栓,DCC-Rack-200x200,200x200,,Y轴,北区,0.20,0.20,,-21993.81,271337.59,0-A-方钢-200x6
2548,X-HLP3-CR-F3-LAY-KEQP-02-002,紧固件/螺栓,DCC-Rack-200x200,200x200,,Y轴,北区,0.20,0.20,,-14793.81,271337.59,K-CEIL-DCC-RACK
2549,X-HLP3-CR-F3-LAY-KEQP-02-002,紧固件/螺栓,DCC-Rack-200x200,200x200,,Y轴,北区,0.20,0.20,,-393.81,271337.59,K-CEIL-DCC-RACK
2550,X-HLP3-CR-F3-LAY-KEQP-02-002,紧固件/螺栓,DCC-Rack-200x200,200x200,,Y轴,北区,0.20,0.20,,21206.19,271337.59,K-CEIL-DCC-RACK
2551,X-HLP3-CR-F3-LAY-KEQP-02-002,紧固件/螺栓,DCC-Rack-200x200,200x200,,Y轴,北区,0.20,0.20,,50006.26,271337.59,K-CEIL-DCC-RACK
2552,X-HLP3-CR-F3-LAY-KEQP-02-002,紧固件/螺栓,DCC-Rack-200x200,200x200,,Y轴,北区,0.20,0.20,,57206.26,271337.59,K-CEIL-DCC-RACK
2553,X-HLP3-CR-F3-LAY-KEQP-02-002,紧固件/螺栓,DCC-Rack-200x200,200x200,,Y轴,北区,0.20,0.20,,86006.19,271337.59,K-CEIL-DCC-RACK
2554,X-HLP3-CR-F3-LAY-KEQP-02-002,紧固件/螺栓,DCC-Rack-200x200,200x200,,Y轴,北区,0.20,0.20,,195993.81,271337.59,K-CEIL-DCC-RACK
2555,X-HLP3-CR-F3-LAY-KEQP-02-002,紧固件/螺栓,DCC-Rack-200x200,200x200,,Y轴,北区,0.20,0.20,,195993.81,271337.59,K-CEIL-DCC-RACK
2556,X-HLP3-CR-F3-LAY-KEQP-02-002,紧固件/螺栓,DCC-Rack-200x200,200x200,,Y轴,北区,0.20,0.20,,203193.81,271337.59,K-CEIL-DCC-RACK
2557,X-HLP3-CR-F3-LAY-KEQP-02-002,紧固件/螺栓,DCC-Rack-200x200,200x200,,Y轴,北区,0.20,0.20,,210393.81,271337.59,K-CEIL-DCC-RACK
2558,X-HLP3-CR-F3-LAY-KEQP-02-002,检修门,MD2-1022,1000x2200 2850x1800(右) DCC,DCC,G/H轴,南中区,1.00,2.20,右,193900.87,48442.95,K-PART-DOOR
2559,X-HLP3-CR-F3-LAY-KEQP-02-002,检修门,MD2-1022,1000x2200 2850x1800(左) DCC-C*2,DCC-C*2,R/S轴,北中区,1.00,2.20,左,194909.02,110006.01,K-PART-DOOR
2560,X-HLP3-CR-F3-LAY-KEQP-02-002,DCC设备,DCC-3523,3500x2300(左) DCC-F,DCC-F,A/B轴,南区,3.50,2.30,左,9600.0,2729.68,0-DCC
2561,X-HLP3-CR-F3-LAY-KEQP-02-002,DCC设备,DCC-3523,3500x2300(左) DCC-F,DCC-F,A/B轴,南区,3.50,2.30,左,13200.0,2729.68,0-DCC
2562,X-HLP3-CR-F3-LAY-KEQP-02-002,DCC设备,DCC-3523,3500x2300(左) DCC-F,DCC-F,A/B轴,南区,3.50,2.30,左,2400.0,2729.68,0-DCC
2563,X-HLP3-CR-F3-LAY-KEQP-02-002,DCC设备,DCC-3523,3500x2300(左) DCC-F,DCC-F,A/B轴,南区,3.50,2.30,左,6000.0,2729.68,0-DCC
2564,X-HLP3-CR-F3-LAY-KEQP-02-002,DCC设备,DCC-3523,3500x2300(左) DCC-F,DCC-F,A/B轴,南区,3.50,2.30,左,16800.0,2729.68,0-DCC
2565,X-HLP3-CR-F3-LAY-KEQP-02-002,DCC设备,DCC-3523,3500x2300(左) DCC-F,DCC-F,A/B轴,南区,3.50,2.30,左,20400.0,2729.68,0-DCC
2566,X-HLP3-CR-F3-LAY-KEQP-02-002,DCC设备,DCC-2923-H,2850x2300(右) DCC,DCC,G/H轴,南中区,2.85,2.30,右,140674.89,48725.0,0-DCC
2567,X-HLP3-CR-F3-LAY-KEQP-02-002,DCC设备,DCC-2923-H,2850x2300(右) DCC,DCC,G/H轴,南中区,2.85,2.30,右,143625.0,48725.0,0-DCC
2568,X-HLP3-CR-F3-LAY-KEQP-02-002,DCC设备,DCC-2923-H,2850x2300(右) DCC,DCC,G/H轴,南中区,2.85,2.30,右,144375.0,48724.68,0-DCC
2569,X-HLP3-CR-F3-LAY-KEQP-02-002,DCC设备,DCC-2923-H,2850x2300(右) DCC,DCC,G/H轴,南中区,2.85,2.30,右,147325.11,48724.68,0-DCC
2570,X-HLP3-CR-F3-LAY-KEQP-02-002,DCC设备,DCC-2923-H,2850x2300(右) DCC,DCC,G/H轴,南中区,2.85,2.30,右,162274.89,48725.0,0-DCC
2571,X-HLP3-CR-F3-LAY-KEQP-02-002,DCC设备,DCC-2923-H,2850x1800(右) DCC,DCC,G/H轴,南中区,2.85,1.80,右,161725.0,48725.0,0-DCC
2572,X-HLP3-CR-F3-LAY-KEQP-02-002,DCC设备,DCC-2923-H,2850x2300(右) DCC,DCC,G/H轴,南中区,2.85,2.30,右,165975.0,48725.0,0-DCC
2573,X-HLP3-CR-F3-LAY-KEQP-02-002,DCC设备,DCC-2923-H,2850x2300(右) DCC,DCC,G/H轴,南中区,2.85,2.30,右,168925.11,48725.0,0-DCC
2574,X-HLP3-CR-F3-LAY-KEQP-02-002,DCC设备,DCC-2923-H,2850x2300(左) DCC-C*2,DCC-C*2,R/S轴,北中区,2.85,2.30,左,140675.11,109675.0,0-DCC
2575,X-HLP3-CR-F3-LAY-KEQP-02-002,DCC设备,DCC-2923-H,2850x2300(右) DCC-C*2,DCC-C*2,R/S轴,北中区,2.85,2.30,右,169474.89,109674.68,0-DCC
2576,X-HLP3-CR-F3-LAY-KEQP-02-002,DCC设备,DCC-2923-H,2850x2300(右) DCC-C*2,DCC-C*2,R/S轴,北中区,2.85,2.30,右,168925.11,109674.68,0-DCC
2577,X-HLP3-CR-F3-LAY-KEQP-02-002,DCC设备,DCC-2923-H,2850x2300(左) DCC-C*2,DCC-C*2,R/S轴,北中区,2.85,2.30,左,198274.89,109675.0,0-DCC
2578,X-HLP3-CR-F3-LAY-KEQP-02-002,DCC设备,DCC-2923-H,2850x1800(左) DCC-C*2,DCC-C*2,R/S轴,北中区,2.85,1.80,左,201225.0,109675.0,0-DCC
2579,X-HLP3-CR-F3-LAY-KEQP-02-002,DCC设备,DCC-2923-H,2850x2300(右) DCC,DCC,G/H轴,南中区,2.85,2.30,右,198274.89,48725.0,0-DCC
2580,X-HLP3-CR-F3-LAY-KEQP-02-002,DCC设备,DCC-2923-H,2850x1800(右) DCC,DCC,G/H轴,南中区,2.85,1.80,右,201225.0,48725.0,0-DCC
2581,X-HLP3-CR-F3-LAY-KEQP-02-002,DCC设备,DCC-2923-H,2850x2300(右) DCC,DCC,G/H轴,南中区,2.85,2.30,右,121375.22,48724.68,0-DCC
2582,X-HLP3-CR-F3-LAY-KEQP-02-002,DCC设备,DCC-2923-H,2850x2300(左) DCC-C*2,DCC-C*2,R/S轴,北中区,2.85,2.30,左,132575.11,109675.0,0-DCC
2583,X-HLP3-CR-F3-LAY-KEQP-02-002,DCC设备,DCC-2923-H,2850x1800(右) DCC,DCC,G/H轴,南中区,2.85,1.80,右,178750.0,48724.68,0-DCC
2584,X-HLP3-CR-F3-LAY-KEQP-02-002,DCC设备,DCC-3523,3500x2300(左) DCC-F,DCC-F,X/Y轴,北区,3.50,2.30,左,20400.0,155671.0,0-DCC
2585,X-HLP3-CR-F3-LAY-KEQP-02-002,DCC设备,DCC-3523,3500x2300(左) DCC-F,DCC-F,X/Y轴,北区,3.50,2.30,左,9600.0,155671.0,0-DCC
2586,X-HLP3-CR-F3-LAY-KEQP-02-002,DCC设备,DCC-3523,3500x2300(左) DCC-F,DCC-F,X/Y轴,北区,3.50,2.30,左,6000.0,155671.0,0-DCC
2587,X-HLP3-CR-F3-LAY-KEQP-02-002,DCC设备,DCC-3523,3500x2300(左) DCC-F,DCC-F,X/Y轴,北区,3.50,2.30,左,2400.0,155671.0,0-DCC
2588,X-HLP3-CR-F3-LAY-KEQP-02-002,DCC设备,DCC-3523,3500x2300 2400x1300(右) DCC-F,DCC-F,X/Y轴,北区,3.50,2.30,右,27600.0,155671.0,0-DCC
2589,X-HLP3-CR-F3-LAY-KEQP-02-002,DCC设备,DCC-3523,3500x2300(左) DCC-F*2,DCC-F*2,X/Y轴,北区,3.50,2.30,左,31200.0,155670.93,0-DCC
2590,X-HLP3-CR-F3-LAY-KEQP-02-002,DCC设备,DCC-3523,3500x2300(左) DCC-F*2,DCC-F*2,X/Y轴,北区,3.50,2.30,左,42000.0,155671.0,0-DCC
2591,X-HLP3-CR-F3-LAY-KEQP-02-002,DCC设备,DCC-3523,3500x2300(左) DCC-F,DCC-F,X/Y轴,北区,3.50,2.30,左,67200.0,155671.0,0-DCC
2592,X-HLP3-CR-F3-LAY-KEQP-02-002,DCC设备,DCC-3523,3500x2300(左) DCC-F,DCC-F,X/Y轴,北区,3.50,2.30,左,63600.0,155671.0,0-DCC
2593,X-HLP3-CR-F3-LAY-KEQP-02-002,DCC设备,DCC-3523,3500x2300(右) DCC-F*2,DCC-F*2,A/B轴,南区,3.50,2.30,右,214800.0,2725.9,0-DCC
2594,X-HLP3-CR-F3-LAY-KEQP-02-002,DCC设备,DCC-3523,3500x2300(左) DCC-F,DCC-F,X/Y轴,北区,3.50,2.30,左,168000.32,155671.0,0-DCC
2595,X-HLP3-CR-F3-LAY-KEQP-02-002,DCC设备,DCC-3523,3500x2300(左) DCC-F,DCC-F,X/Y轴,北区,3.50,2.30,左,164392.32,155671.0,0-DCC
2596,X-HLP3-CR-F3-LAY-KEQP-02-002,DCC设备,DCC-3523,3500x2300(左) DCC-F,DCC-F,X/Y轴,北区,3.50,2.30,左,157224.26,155671.0,0-DCC
2597,X-HLP3-CR-F3-LAY-KEQP-02-002,DCC设备,DCC-3523,3500x2300(左) DCC-F,DCC-F,X/Y轴,北区,3.50,2.30,左,222000.0,155671.0,0-DCC
2598,X-HLP3-CR-F3-LAY-KEQP-02-002,DCC设备,DCC-3523,3500x2300(左) DCC-F,DCC-F,X/Y轴,北区,3.50,2.30,左,218400.0,155671.0,0-DCC
2599,X-HLP3-CR-F3-LAY-KEQP-02-002,DCC设备,DCC-3523,3500x2300(左) DCC-F,DCC-F,X/Y轴,北区,3.50,2.30,左,207600.0,155671.0,0-DCC
2600,X-HLP3-CR-F3-LAY-KEQP-02-002,DCC设备,DCC-3523,3500x2300(左) DCC-F,DCC-F,X/Y轴,北区,3.50,2.30,左,204000.0,155671.0,0-DCC
2601,X-HLP3-CR-F3-LAY-KEQP-02-002,DCC设备,DCC-3523,3500x2300(左) DCC-F,DCC-F,X/Y轴,北区,3.50,2.30,左,196806.99,155671.0,0-DCC
2602,X-HLP3-CR-F3-LAY-KEQP-02-002,DCC设备,DCC-3523,3500x2300(左) DCC-F,DCC-F,X/Y轴,北区,3.50,2.30,左,240000.0,155669.65,0-DCC
2603,X-HLP3-CR-F3-LAY-KEQP-02-002,DCC设备,DCC-3523,3500x2300(左) DCC-F,DCC-F,X/Y轴,北区,3.50,2.30,左,225600.0,155671.0,0-DCC
2604,X-HLP3-CR-F3-LAY-KEQP-02-002,DCC设备,DCC-2923-H,2850x2300(左) DCC-E,DCC-E,R/S轴,北中区,2.85,2.30,左,212662.5,109675.0,0-DCC
2605,X-HLP3-CR-F3-LAY-KEQP-02-002,DCC设备,DCC-2923-H,2850x2300(左) DCC-E,DCC-E,R/S轴,北中区,2.85,2.30,左,215625.0,109675.0,0-DCC
2606,X-HLP3-CR-F3-LAY-KEQP-02-002,DCC设备,DCC-2923-H,2850x2300(左) DCC-E*2,DCC-E*2,R/S轴,北中区,2.85,2.30,左,219874.89,109675.0,0-DCC
2607,X-HLP3-CR-F3-LAY-KEQP-02-002,DCC设备,DCC-2923-H,2850x2300(左) DCC-E*2,DCC-E*2,R/S轴,北中区,2.85,2.30,左,222825.0,109675.0,0-DCC
2608,X-HLP3-CR-F3-LAY-KEQP-02-002,DCC设备,DCC-2923-H,2850x2300(左) DCC-E,DCC-E,R/S轴,北中区,2.85,2.30,左,227050.22,109675.0,0-DCC
2609,X-HLP3-CR-F3-LAY-KEQP-02-002,DCC设备,DCC-2923-H,2850x2300(左) DCC-E,DCC-E,R/S轴,北中区,2.85,2.30,左,230025.0,109675.0,0-DCC
2610,X-HLP3-CR-F3-LAY-KEQP-02-002,紧固件/螺栓,DCC-Rack-200x200,200x200 2850x1800(右) DCC-C*2,DCC-C*2,S/T轴,北中区,0.20,0.20,右,194006.19,118592.49,K-CEIL-DCC-RACK
2611,X-HLP3-CR-F3-LAY-KEQP-02-002,DCC支架,DCC-Rack-150,2000x2300(右) DCC-B*2,DCC-B*2,F/G轴,南区,2.00,2.30,右,7900.0,42725.0,K-CEIL-DCC-RACK
2612,X-HLP3-CR-F3-LAY-KEQP-02-002,DCC设备,DCC-2923-H,2850x2300(左) DCC-C*2,DCC-C*2,R/S轴,北中区,2.85,2.30,左,143625.0,109675.0,0-DCC
2613,X-HLP3-CR-F3-LAY-KEQP-02-002,紧固件/螺栓,DCC-Rack-200x200,200x200,,S/T轴,北中区,0.20,0.20,,-21963.81,118596.27,K-CEIL-DCC-RACK
2614,X-HLP3-CR-F3-LAY-KEQP-02-002,DCC支架,DCC-Rack-150,2850x2600(左) DCC-E*2,DCC-E*2,F/G轴,南区,2.85,2.60,左,51100.0,42726.74,K-CEIL-DCC-RACK
2615,X-HLP3-CR-F3-LAY-KEQP-02-002,DCC支架,DCC-Rack-150,2000*2300(左) DCC-B,DCC-B,F/G轴,南区,2.00,2.30,左,56900.0,42726.74,K-CEIL-DCC-RACK
2616,X-HLP3-CR-F3-LAY-KEQP-02-002,DCC支架,DCC-Rack-150,2000*2300(左) DCC-B,DCC-B,F/G轴,南区,2.00,2.30,左,58300.0,42726.74,K-CEIL-DCC-RACK
2617,X-HLP3-CR-F3-LAY-KEQP-02-002,DCC支架,DCC-Rack-150,2850x2300(右) DCC-D,DCC-D,F/G轴,南区,2.85,2.30,右,87100.0,42725.0,K-CEIL-DCC-RACK
2618,X-HLP3-CR-F3-LAY-KEQP-02-002,DCC支架,DCC-Rack-150,2850x2300(右) DCC-D*2,DCC-D*2,F/G轴,南区,2.85,2.30,右,92900.0,42725.0,K-CEIL-DCC-RACK
2619,X-HLP3-CR-F3-LAY-KEQP-02-002,DCC支架,DCC-Rack-150,2850x2300(右) DCC-D,DCC-D,F/G轴,南区,2.85,2.30,右,101500.0,42725.0,K-CEIL-DCC-RACK
2620,X-HLP3-CR-F3-LAY-KEQP-02-002,DCC支架,DCC-Rack-150,2850x2300(右) DCC-D,DCC-D,F/G轴,南区,2.85,2.30,右,107300.0,42725.0,K-CEIL-DCC-RACK
2621,X-HLP3-CR-F3-LAY-KEQP-02-002,DCC支架,DCC-Rack-150,2850x2300(右) DCC-E*2,DCC-E*2,F/G轴,南区,2.85,2.30,右,121050.0,42722.96,K-CEIL-DCC-RACK
2622,X-HLP3-CR-F3-LAY-KEQP-02-002,DCC支架,DCC-Rack-150,2850x2600(右) DCC-E*2,DCC-E*2,F/G轴,南区,2.85,2.60,右,144700.0,42726.74,K-CEIL-DCC-RACK
2623,X-HLP3-CR-F3-LAY-KEQP-02-002,DCC支架,DCC-Rack-150,2850x1800(右) DCC-E,DCC-E,F/G轴,南区,2.85,1.80,右,150500.0,42726.74,K-CEIL-DCC-RACK
2624,X-HLP3-CR-F3-LAY-KEQP-02-002,DCC支架,DCC-Rack-150,2850x2600(右) DCC-E,DCC-E,F/G轴,南区,2.85,2.60,右,166300.0,42726.74,K-CEIL-DCC-RACK
2625,X-HLP3-CR-F3-LAY-KEQP-02-002,DCC支架,DCC-Rack-150,2850x2600(右) DCC-E,DCC-E,F/G轴,南区,2.85,2.60,右,172100.0,42726.74,K-CEIL-DCC-RACK
2626,X-HLP3-CR-F3-LAY-KEQP-02-002,DCC支架,DCC-Rack-150,2850x2300(右) DCC-D*2,DCC-D*2,F/G轴,南区,2.85,2.30,右,178450.0,42726.74,K-CEIL-DCC-RACK
2627,X-HLP3-CR-F3-LAY-KEQP-02-002,DCC支架,DCC-Rack-150,2850x2300(右) DCC-D*2,DCC-D*2,F/G轴,南区,2.85,2.30,右,94300.0,42725.0,K-CEIL-DCC-RACK
2628,X-HLP3-CR-F3-LAY-KEQP-02-002,DCC支架,DCC-Rack-150,2850x2300(右) DCC-D,DCC-D,F/G轴,南区,2.85,2.30,右,100100.0,42725.0,K-CEIL-DCC-RACK
2629,X-HLP3-CR-F3-LAY-KEQP-02-002,DCC支架,DCC-Rack-200,2850x2300(右) DCC-D*2,DCC-D*2,F/G轴,南区,2.85,2.30,右,90000.0,42739.11,K-CEIL-DCC-RACK
2630,X-HLP3-CR-F3-LAY-KEQP-02-002,DCC支架,DCC-Rack-150,2850x1800(右) DCC-C*2,DCC-C*2,G/H轴,南中区,2.85,1.80,右,22300.0,50875.0,K-CEIL-DCC-RACK
2631,X-HLP3-CR-F3-LAY-KEQP-02-002,DCC支架,DCC-Rack-150,2850x1800(右) DCC-E*2,DCC-E*2,G/H轴,南中区,2.85,1.80,右,28100.0,50875.0,K-CEIL-DCC-RACK
2632,X-HLP3-CR-F3-LAY-KEQP-02-002,DCC支架,DCC-Rack-150,2000x2600(右) DCC-J*2,DCC-J*2,G/H轴,南中区,2.00,2.60,右,73550.0,50875.32,K-CEIL-DCC-RACK
2633,X-HLP3-CR-F3-LAY-KEQP-02-002,DCC支架,DCC-Rack-150,2850x1800(右) DCC-C*2,DCC-C*2,G/H轴,南中区,2.85,1.80,右,78500.0,50875.0,K-CEIL-DCC-RACK
2634,X-HLP3-CR-F3-LAY-KEQP-02-002,DCC支架,DCC-Rack-150,2850x1800(右) DCC-C*2,DCC-C*2,G/H轴,南中区,2.85,1.80,右,79900.0,50875.0,K-CEIL-DCC-RACK
2635,X-HLP3-CR-F3-LAY-KEQP-02-002,DCC支架,DCC-Rack-150,2850x2600(右) DCC-E*2,DCC-E*2,G/H轴,南中区,2.85,2.60,右,85700.0,50875.0,K-CEIL-DCC-RACK
2636,X-HLP3-CR-F3-LAY-KEQP-02-002,DCC支架,DCC-Rack-150,2850x2600(右) DCC-E*2,DCC-E*2,G/H轴,南中区,2.85,2.60,右,87100.0,50875.0,K-CEIL-DCC-RACK
2637,X-HLP3-CR-F3-LAY-KEQP-02-002,DCC支架,DCC-Rack-150,2850x2600(右) DCC-C*2,DCC-C*2,G/H轴,南中区,2.85,2.60,右,92900.0,50875.0,K-CEIL-DCC-RACK
2638,X-HLP3-CR-F3-LAY-KEQP-02-002,DCC支架,DCC-Rack-150,2850x2600(右) DCC-E*2,DCC-E*2,G/H轴,南中区,2.85,2.60,右,94300.0,50875.0,K-CEIL-DCC-RACK
2639,X-HLP3-CR-F3-LAY-KEQP-02-002,DCC支架,DCC-Rack-150,2850x2600(右) DCC-C*2,DCC-C*2,G/H轴,南中区,2.85,2.60,右,100100.0,50875.0,K-CEIL-DCC-RACK
2640,X-HLP3-CR-F3-LAY-KEQP-02-002,DCC支架,DCC-Rack-150,2850x2600(右) DCC-E*2,DCC-E*2,G/H轴,南中区,2.85,2.60,右,101500.0,50875.0,K-CEIL-DCC-RACK
2641,X-HLP3-CR-F3-LAY-KEQP-02-002,DCC支架,DCC-Rack-150,2850x2300(右) DCC-C*2,DCC-C*2,G/H轴,南中区,2.85,2.30,右,107300.0,50875.0,K-CEIL-DCC-RACK
2642,X-HLP3-CR-F3-LAY-KEQP-02-002,DCC支架,DCC-Rack-150,2850x2300(右) DCC-D,DCC-D,F/G轴,南区,2.85,2.30,右,36700.0,42725.0,K-CEIL-DCC-RACK
2643,X-HLP3-CR-F3-LAY-KEQP-02-002,DCC支架,DCC-Rack-150,2850x2300(右) DCC-D,DCC-D,F/G轴,南区,2.85,2.30,右,42500.0,42725.0,K-CEIL-DCC-RACK
2644,X-HLP3-CR-F3-LAY-KEQP-02-002,DCC支架,DCC-Rack-150,2000x2600(右) DCC-C*2,DCC-C*2,Q/R轴,北中区,2.00,2.60,右,73477.34,107543.88,K-CEIL-DCC-RACK
2645,X-HLP3-CR-F3-LAY-KEQP-02-002,DCC支架,DCC-Rack-150,2850x1800(右) DCC-C*2,DCC-C*2,Q/R轴,北中区,2.85,1.80,右,78500.0,107525.0,K-CEIL-DCC-RACK
2646,X-HLP3-CR-F3-LAY-KEQP-02-002,DCC支架,DCC-Rack-150,2850x1800(右) DCC-C*2,DCC-C*2,R/S轴,北中区,2.85,1.80,右,7900.0,115674.68,K-CEIL-DCC-RACK
2647,X-HLP3-CR-F3-LAY-KEQP-02-002,DCC支架,DCC-Rack-150,2850x2300(右) DCC-D,DCC-D,R/S轴,北中区,2.85,2.30,右,22300.0,115675.0,K-CEIL-DCC-RACK
2648,X-HLP3-CR-F3-LAY-KEQP-02-002,DCC支架,DCC-Rack-150,2850x2300(右) DCC-D*2,DCC-D*2,R/S轴,北中区,2.85,2.30,右,28100.0,115675.0,K-CEIL-DCC-RACK
2649,X-HLP3-CR-F3-LAY-KEQP-02-002,DCC支架,DCC-Rack-150,2850x2300(右) DCC-D*2,DCC-D*2,R/S轴,北中区,2.85,2.30,右,29500.0,115675.0,K-CEIL-DCC-RACK
2650,X-HLP3-CR-F3-LAY-KEQP-02-002,DCC支架,DCC-Rack-150,2850x2300(右) DCC-D,DCC-D,R/S轴,北中区,2.85,2.30,右,35300.0,115675.0,K-CEIL-DCC-RACK
2651,X-HLP3-CR-F3-LAY-KEQP-02-002,DCC支架,DCC-Rack-150,2850x2300(右) DCC-D,DCC-D,R/S轴,北中区,2.85,2.30,右,36700.0,115675.0,K-CEIL-DCC-RACK
2652,X-HLP3-CR-F3-LAY-KEQP-02-002,DCC支架,DCC-Rack-150,2850x2300(右) DCC-D*2,DCC-D*2,R/S轴,北中区,2.85,2.30,右,42500.0,115675.0,K-CEIL-DCC-RACK
2653,X-HLP3-CR-F3-LAY-KEQP-02-002,DCC支架,DCC-Rack-150,2850x2300(右) DCC-D,DCC-D,R/S轴,北中区,2.85,2.30,右,101500.0,115675.0,K-CEIL-DCC-RACK
2654,X-HLP3-CR-F3-LAY-KEQP-02-002,DCC支架,DCC-Rack-150,2850x2300(右) DCC-D*2,DCC-D*2,R/S轴,北中区,2.85,2.30,右,107300.0,115675.0,K-CEIL-DCC-RACK
2655,X-HLP3-CR-F3-LAY-KEQP-02-002,DCC支架,DCC-Rack-150,2850x2300(右) DCC-D,DCC-D,R/S轴,北中区,2.85,2.30,右,108700.0,115675.0,K-CEIL-DCC-RACK
2656,X-HLP3-CR-F3-LAY-KEQP-02-002,DCC支架,DCC-Rack-150,2000x1800(右) DCC-D*2,DCC-D*2,R/S轴,北中区,2.00,1.80,右,114500.0,115675.0,K-CEIL-DCC-RACK
2657,X-HLP3-CR-F3-LAY-KEQP-02-002,DCC支架,DCC-Rack-150,2850x1800(右) DCC-E*2,DCC-E*2,R/S轴,北中区,2.85,1.80,右,150500.0,115676.72,K-CEIL-DCC-RACK
2658,X-HLP3-CR-F3-LAY-KEQP-02-002,DCC支架,DCC-Rack-150,2850x2600(右) DCC-E*2,DCC-E*2,R/S轴,北中区,2.85,2.60,右,159100.0,115675.0,K-CEIL-DCC-RACK
2659,X-HLP3-CR-F3-LAY-KEQP-02-002,DCC支架,DCC-Rack-150,2850x2600(右) DCC-E,DCC-E,R/S轴,北中区,2.85,2.60,右,164900.0,115675.0,K-CEIL-DCC-RACK
2660,X-HLP3-CR-F3-LAY-KEQP-02-002,DCC支架,DCC-Rack-150,2850x1800(右) DCC-E*2,DCC-E*2,R/S轴,北中区,2.85,1.80,右,143300.0,115676.72,K-CEIL-DCC-RACK
2661,X-HLP3-CR-F3-LAY-KEQP-02-002,DCC支架,DCC-Rack-150,2850x1800(右) DCC-C*2,DCC-C*2,R/S轴,北中区,2.85,1.80,右,200900.0,115675.0,K-CEIL-DCC-RACK
2662,X-HLP3-CR-F3-LAY-KEQP-02-002,DCC支架,DCC-Rack-150,2850x2300(左) DCC-D,DCC-D,F/G轴,南区,2.85,2.30,左,43900.0,42725.0,K-CEIL-DCC-RACK
2663,X-HLP3-CR-F3-LAY-KEQP-02-002,DCC支架,DCC-Rack-150,2850x2600(左) DCC-D*2,DCC-D*2,F/G轴,南区,2.85,2.60,左,49700.0,42725.0,K-CEIL-DCC-RACK
2664,X-HLP3-CR-F3-LAY-KEQP-02-002,DCC支架,DCC-Rack-150,2850x2300(右) DCC-D*2,DCC-D*2,F/G轴,南区,2.85,2.30,右,73350.0,42725.0,K-CEIL-DCC-RACK
2665,X-HLP3-CR-F3-LAY-KEQP-02-002,DCC支架,DCC-Rack-150,2850x1800(右) DCC-C*2,DCC-C*2,F/G轴,南区,2.85,1.80,右,78500.0,42725.32,K-CEIL-DCC-RACK
2666,X-HLP3-CR-F3-LAY-KEQP-02-002,DCC支架,DCC-Rack-150,2850x2300(右) DCC-E*2,DCC-E*2,F/G轴,南区,2.85,2.30,右,115900.0,43025.0,K-CEIL-DCC-RACK
2667,X-HLP3-CR-F3-LAY-KEQP-02-002,DCC支架,DCC-Rack-150,2850x1800(左) DCC-C*2,DCC-C*2,F/G轴,南区,2.85,1.80,左,136100.0,42725.0,K-CEIL-DCC-RACK
2668,X-HLP3-CR-F3-LAY-KEQP-02-002,DCC支架,DCC-Rack-150,2850x2300(右) DCC-D*2,DCC-D*2,F/G轴,南区,2.85,2.30,右,173500.0,43025.0,K-CEIL-DCC-RACK
2669,X-HLP3-CR-F3-LAY-KEQP-02-002,DCC支架,DCC-Rack-150,2400x1300(右) DCC,DCC,F/G轴,南区,2.40,1.30,右,226000.0,43975.0,K-CEIL-DCC-RACK
2670,X-HLP3-CR-F3-LAY-KEQP-02-002,DCC支架,DCC-Rack-150,2850x2300(右) DCC,DCC,G/H轴,南中区,2.85,2.30,右,195100.0,50874.68,K-CEIL-DCC-RACK
2671,X-HLP3-CR-F3-LAY-KEQP-02-002,DCC支架,DCC-Rack-150,2850x2300(右) DCC,DCC,G/H轴,南中区,2.85,2.30,右,200900.0,50874.68,K-CEIL-DCC-RACK
2672,X-HLP3-CR-F3-LAY-KEQP-02-002,DCC支架,DCC-Rack-150,2850x2300(右) DCC,DCC,G/H轴,南中区,2.85,2.30,右,193700.0,50874.68,K-CEIL-DCC-RACK
2673,X-HLP3-CR-F3-LAY-KEQP-02-002,DCC支架,DCC-Rack-150,2850x2300(右) DCC,DCC,G/H轴,南中区,2.85,2.30,右,172100.0,50874.68,K-CEIL-DCC-RACK
2674,X-HLP3-CR-F3-LAY-KEQP-02-002,DCC支架,DCC-Rack-150,2850x2300(右) DCC,DCC,G/H轴,南中区,2.85,2.30,右,166300.0,50874.68,K-CEIL-DCC-RACK
2675,X-HLP3-CR-F3-LAY-KEQP-02-002,DCC支架,DCC-Rack-150,2850x2300(右) DCC,DCC,G/H轴,南中区,2.85,2.30,右,178450.0,50874.68,K-CEIL-DCC-RACK
2676,X-HLP3-CR-F3-LAY-KEQP-02-002,DCC支架,DCC-Rack-150,2850x2300(右) DCC,DCC,G/H轴,南中区,2.85,2.30,右,164900.0,50874.68,K-CEIL-DCC-RACK
2677,X-HLP3-CR-F3-LAY-KEQP-02-002,DCC支架,DCC-Rack-150,2850x2300(右) DCC,DCC,G/H轴,南中区,2.85,2.30,右,159100.0,50874.68,K-CEIL-DCC-RACK
2678,X-HLP3-CR-F3-LAY-KEQP-02-002,DCC支架,DCC-Rack-150,2850x2300(右) DCC,DCC,G/H轴,南中区,2.85,2.30,右,150500.0,50874.37,K-CEIL-DCC-RACK
2679,X-HLP3-CR-F3-LAY-KEQP-02-002,DCC支架,DCC-Rack-150,2850x2300(右) DCC,DCC,G/H轴,南中区,2.85,2.30,右,144700.0,50874.37,K-CEIL-DCC-RACK
2680,X-HLP3-CR-F3-LAY-KEQP-02-002,DCC支架,DCC-Rack-150,2850x2300(右) DCC,DCC,G/H轴,南中区,2.85,2.30,右,143300.0,50874.68,K-CEIL-DCC-RACK
2681,X-HLP3-CR-F3-LAY-KEQP-02-002,DCC支架,DCC-Rack-150,2850x2300(右) DCC,DCC,G/H轴,南中区,2.85,2.30,右,137500.0,50874.68,K-CEIL-DCC-RACK
2682,X-HLP3-CR-F3-LAY-KEQP-02-002,DCC支架,DCC-Rack-150,2850x2300(右) DCC,DCC,G/H轴,南中区,2.85,2.30,右,121050.0,50874.68,K-CEIL-DCC-RACK
2683,X-HLP3-CR-F3-LAY-KEQP-02-002,DCC支架,DCC-Rack-150,2850x2300(右) DCC,DCC,G/H轴,南中区,2.85,2.30,右,115900.0,50875.0,K-CEIL-DCC-RACK
2684,X-HLP3-CR-F3-LAY-KEQP-02-002,DCC支架,DCC-Rack-150,2850x2300(左) DCC,DCC,Q/R轴,北中区,2.85,2.30,左,137500.0,107525.0,K-CEIL-DCC-RACK
2685,X-HLP3-CR-F3-LAY-KEQP-02-002,DCC支架,DCC-Rack-150,2850x2300(左) DCC,DCC,Q/R轴,北中区,2.85,2.30,左,143300.0,107525.0,K-CEIL-DCC-RACK
2686,X-HLP3-CR-F3-LAY-KEQP-02-002,DCC支架,DCC-Rack-150,2850x2300(左) DCC,DCC,Q/R轴,北中区,2.85,2.30,左,166300.0,107525.0,K-CEIL-DCC-RACK
2687,X-HLP3-CR-F3-LAY-KEQP-02-002,DCC支架,DCC-Rack-150,2850x2300(右) DCC,DCC,Q/R轴,北中区,2.85,2.30,右,172100.0,107525.0,K-CEIL-DCC-RACK
2688,X-HLP3-CR-F3-LAY-KEQP-02-002,DCC支架,DCC-Rack-150,2850x2300(左) DCC,DCC,Q/R轴,北中区,2.85,2.30,左,178650.0,107525.0,K-CEIL-DCC-RACK
2689,X-HLP3-CR-F3-LAY-KEQP-02-002,DCC支架,DCC-Rack-150,2850x2300(左) DCC,DCC,Q/R轴,北中区,2.85,2.30,左,195100.0,107525.0,K-CEIL-DCC-RACK
2690,X-HLP3-CR-F3-LAY-KEQP-02-002,DCC支架,DCC-Rack-150,2850x2300(左) DCC,DCC,Q/R轴,北中区,2.85,2.30,左,200900.0,107525.0,K-CEIL-DCC-RACK
2691,X-HLP3-CR-F3-LAY-KEQP-02-002,DCC支架,DCC-Rack-150,2850x2300(左) DCC,DCC,Q/R轴,北中区,2.85,2.30,左,209500.0,107525.0,K-CEIL-DCC-RACK
2692,X-HLP3-CR-F3-LAY-KEQP-02-002,DCC支架,DCC-Rack-150,2850x2300(左) DCC,DCC,Q/R轴,北中区,2.85,2.30,左,215300.0,107525.0,K-CEIL-DCC-RACK
2693,X-HLP3-CR-F3-LAY-KEQP-02-002,DCC支架,DCC-Rack-150,2850x2300(左) DCC,DCC,Q/R轴,北中区,2.85,2.30,左,216700.0,107525.0,K-CEIL-DCC-RACK
2694,X-HLP3-CR-F3-LAY-KEQP-02-002,DCC支架,DCC-Rack-150,2850x2300(左) DCC,DCC,Q/R轴,北中区,2.85,2.30,左,222500.0,107525.0,K-CEIL-DCC-RACK
2695,X-HLP3-CR-F3-LAY-KEQP-02-002,DCC支架,DCC-Rack-150,2850x2300(左) DCC,DCC,Q/R轴,北中区,2.85,2.30,左,223900.0,107525.0,K-CEIL-DCC-RACK
2696,X-HLP3-CR-F3-LAY-KEQP-02-002,DCC支架,DCC-Rack-150,2850x2300(左) DCC,DCC,Q/R轴,北中区,2.85,2.30,左,229700.0,107525.0,K-CEIL-DCC-RACK
2697,X-HLP3-CR-F3-LAY-KEQP-02-002,DCC支架,DCC-Rack-150,2850x1800(右) DCC-C*2,DCC-C*2,R/S轴,北中区,2.85,1.80,右,195100.0,115675.0,K-CEIL-DCC-RACK
2698,X-HLP3-CR-F3-LAY-KEQP-02-002,DCC支架,DCC-Rack-150,2850x2600(右) DCC-E,DCC-E,R/S轴,北中区,2.85,2.60,右,137500.0,115634.72,K-CEIL-DCC-RACK
2699,X-HLP3-CR-F3-LAY-KEQP-02-002,DCC支架,DCC-Rack-150,2850x2300(右) DCC-E*2,DCC-E*2,R/S轴,北中区,2.85,2.30,右,100100.0,115675.0,K-CEIL-DCC-RACK
2700,X-HLP3-CR-F3-LAY-KEQP-02-002,DCC支架,DCC-Rack-150,2850x2600(右) DCC-E*2,DCC-E*2,R/S轴,北中区,2.85,2.60,右,87100.0,115675.0,K-CEIL-DCC-RACK
2701,X-HLP3-CR-F3-LAY-KEQP-02-002,DCC支架,DCC-Rack-150,2850x1800(右) DCC-B*2,DCC-B*2,R/S轴,北中区,2.85,1.80,右,78500.0,115675.0,K-CEIL-DCC-RACK
2702,X-HLP3-CR-F3-LAY-KEQP-02-002,DCC支架,DCC-Rack-150,2850x2300(右) DCC-D*2,DCC-D*2,R/S轴,北中区,2.85,2.30,右,58300.0,115675.0,K-CEIL-DCC-RACK
2703,X-HLP3-CR-F3-LAY-KEQP-02-002,DCC支架,DCC-Rack-150,2850x2300(右) DCC-D*2,DCC-D*2,R/S轴,北中区,2.85,2.30,右,60900.0,115675.0,K-CEIL-DCC-RACK
2704,X-HLP3-CR-F3-LAY-KEQP-02-002,紧固件/螺栓,DCC-Rack-200x200,200x200 2000x1800(右) DCC-D*2,DCC-D*2,S/T轴,北中区,0.20,0.20,右,114813.14,118595.96,K-CEIL-DCC-RACK
2705,X-HLP3-CR-F3-LAY-KEQP-02-002,检修门,MD2-1022,1000x2200 2850x2300(右) DCC,DCC,G/H轴,南中区,1.00,2.20,右,174315.77,50896.67,K-PART-DOOR
2706,X-HLP3-CR-F3-LAY-KEQP-02-002,DCC设备,DCC-3523,3500x2300(左) DCC-F*2,DCC-F*2,A/B轴,南区,3.50,2.30,左,24000.0,2729.37,0-DCC
2707,X-HLP3-CR-F3-LAY-KEQP-02-002,DCC设备,DCC-3523,3500x2300(左) DCC-F,DCC-F,A/B轴,南区,3.50,2.30,左,31200.0,2729.37,0-DCC
2708,X-HLP3-CR-F3-LAY-KEQP-02-002,DCC设备,DCC-3523,3500x2300(左) DCC-F,DCC-F,A/B轴,南区,3.50,2.30,左,34800.0,2729.37,0-DCC
2709,X-HLP3-CR-F3-LAY-KEQP-02-002,DCC设备,DCC-3523,3500x2300(左) DCC-F,DCC-F,A/B轴,南区,3.50,2.30,左,38400.0,2729.37,0-DCC
2710,X-HLP3-CR-F3-LAY-KEQP-02-002,紧固件/螺栓,DCC-Rack-200x200,200x200 2850x2300(右) DCC-D,DCC-D,S/T轴,北中区,0.20,0.20,右,35606.19,118595.96,K-CEIL-DCC-RACK
2711,X-HLP3-CR-F3-LAY-KEQP-02-002,DCC设备,DCC-3523,3500x2300(左) DCC-F*2,DCC-F*2,A/B轴,南区,3.50,2.30,左,117593.14,2730.32,0-DCC
2712,X-HLP3-CR-F3-LAY-KEQP-02-002,DCC设备,DCC-3523,3500x2300(左) DCC-F,DCC-F,A/B轴,南区,3.50,2.30,左,121193.14,2730.32,0-DCC
2713,X-HLP3-CR-F3-LAY-KEQP-02-002,DCC设备,DCC-3523,3500x2300(左) DCC-F,DCC-F,A/B轴,南区,3.50,2.30,左,124813.13,2730.32,0-DCC
2714,X-HLP3-CR-F3-LAY-KEQP-02-002,DCC设备,DCC-3523,3500x2300(左) DCC-F,DCC-F,A/B轴,南区,3.50,2.30,左,128379.22,2730.32,0-DCC
2715,X-HLP3-CR-F3-LAY-KEQP-02-002,DCC设备,DCC-3523,3500x2300(左) DCC-F,DCC-F,A/B轴,南区,3.50,2.30,左,132004.78,2730.32,0-DCC
2716,X-HLP3-CR-F3-LAY-KEQP-02-002,DCC设备,DCC-3523,3500x2300(左) DCC-F*2,DCC-F*2,A/B轴,南区,3.50,2.30,左,135604.78,2729.68,0-DCC
2717,X-HLP3-CR-F3-LAY-KEQP-02-002,DCC设备,DCC-3523,3500x2300 MD 1200x2200 DCC-F,DCC-F,A/B轴,南区,3.50,2.30,,139197.82,2730.32,0-DCC
2718,X-HLP3-CR-F3-LAY-KEQP-02-002,DCC设备,DCC-3523,3500x2300(右) DCC-F,DCC-F,A/B轴,南区,3.50,2.30,右,146397.82,2730.32,0-DCC
2719,X-HLP3-CR-F3-LAY-KEQP-02-002,DCC设备,DCC-3523,3500x2300(右) DCC-F,DCC-F,A/B轴,南区,3.50,2.30,右,149997.82,2730.32,0-DCC
2720,X-HLP3-CR-F3-LAY-KEQP-02-002,DCC设备,DCC-3523,3500x2300(右) DCC-F*2,DCC-F*2,A/B轴,南区,3.50,2.30,右,153597.82,2730.32,0-DCC
2721,X-HLP3-CR-F3-LAY-KEQP-02-002,DCC设备,DCC-3523,3500x2300(右) DCC-F,DCC-F,A/B轴,南区,3.50,2.30,右,164400.0,2729.37,0-DCC
2722,X-HLP3-CR-F3-LAY-KEQP-02-002,DCC设备,DCC-3523,3500x2300 MD 1200x2200 DCC-F*2,DCC-F*2,A/B轴,南区,3.50,2.30,,168000.0,2729.37,0-DCC
2723,X-HLP3-CR-F3-LAY-KEQP-02-002,DCC设备,DCC-3523,3500x2300(右) DCC-F,DCC-F,A/B轴,南区,3.50,2.30,右,178800.0,2729.68,0-DCC
2724,X-HLP3-CR-F3-LAY-KEQP-02-002,DCC设备,DCC-3523,3500x2300(右) DCC-F,DCC-F,A/B轴,南区,3.50,2.30,右,182400.0,2729.68,0-DCC
2725,X-HLP3-CR-F3-LAY-KEQP-02-002,DCC设备,DCC-3523,3500x2300(右) DCC-F,DCC-F,A/B轴,南区,3.50,2.30,右,186000.0,2729.68,0-DCC
2726,X-HLP3-CR-F3-LAY-KEQP-02-002,DCC设备,DCC-3523,3500x2300(右) DCC-F,DCC-F,A/B轴,南区,3.50,2.30,右,189600.0,2729.68,0-DCC
2727,X-HLP3-CR-F3-LAY-KEQP-02-002,DCC设备,DCC-3523,3500x2300(右) DCC-F*2,DCC-F*2,A/B轴,南区,3.50,2.30,右,193200.0,2729.68,0-DCC
2728,X-HLP3-CR-F3-LAY-KEQP-02-002,DCC设备,DCC-3523,3500x2300(右) DCC-F,DCC-F,A/B轴,南区,3.50,2.30,右,211200.0,2725.9,0-DCC
2729,X-HLP3-CR-F3-LAY-KEQP-02-002,DCC设备,DCC-3523,3500x2300 MD 1200x2200 DCC-F*2,DCC-F*2,A/B轴,南区,3.50,2.30,,196800.0,2729.68,0-DCC
2730,X-HLP3-CR-F3-LAY-KEQP-02-002,DCC设备,DCC-3523,3500x2300(左) DCC-F,DCC-F,X/Y轴,北区,3.50,2.30,左,110399.93,155671.0,0-DCC
2731,X-HLP3-CR-F3-LAY-KEQP-02-002,DCC设备,DCC-3523,3500x2300(左) DCC-F,DCC-F,X/Y轴,北区,3.50,2.30,左,150013.85,155671.0,0-DCC
2732,X-HLP3-CR-F3-LAY-KEQP-02-002,DCC设备,DCC-3523,3500x2300(左) DCC-F,DCC-F,X/Y轴,北区,3.50,2.30,左,175193.85,155671.0,0-DCC
2733,X-HLP3-CR-F3-LAY-KEQP-02-002,DCC设备,DCC-3523,3500x2300(左) DCC-F,DCC-F,X/Y轴,北区,3.50,2.30,左,182393.23,155671.0,0-DCC
2734,X-HLP3-CR-F3-LAY-KEQP-02-002,DCC设备,DCC-3523,3500x2300(左) DCC-F,DCC-F,X/Y轴,北区,3.50,2.30,左,211200.0,155671.0,0-DCC
2735,X-HLP3-CR-F3-LAY-KEQP-02-002,紧固件/螺栓,DCC-Rack-200x200,200x200,,Y轴,北区,0.20,0.20,,253593.81,271336.23,K-CEIL-DCC-RACK
2736,X-HLP3-CR-F3-LAY-KEQP-02-002,紧固件/螺栓,DCC-Rack-200x200,200x200 2850x2300(右) DCC-D,DCC-D,S/T轴,北中区,0.20,0.20,右,107633.34,118596.27,K-CEIL-DCC-RACK
2737,X-HLP3-CR-F3-LAY-KEQP-02-002,DCC支架,DCC-Rack-200,3500x2300(左) DCC-F*2,DCC-F*2,A/B轴,南区,3.50,2.30,左,133806.95,2765.57,K-CEIL-DCC-RACK
2738,X-HLP3-CR-F3-LAY-KEQP-02-002,紧固件/螺栓,DCC-Rack-200x200,200x200 2850x2600(右) DCC-E,DCC-E,S/T轴,北中区,0.20,0.20,右,165206.19,118596.9,K-CEIL-DCC-RACK
2739,X-HLP3-CR-F3-LAY-KEQP-02-002,DCC支架,DCC-Rack-200,3500x2300(右) DCC-F,DCC-F,A/B轴,南区,3.50,2.30,右,177000.0,2765.57,K-CEIL-DCC-RACK
2740,X-HLP3-CR-F3-LAY-KEQP-02-002,紧固件/螺栓,DCC-Rack-200x200,200x200 2850x2600(右) DCC-E*2,DCC-E*2,S/T轴,北中区,0.20,0.20,右,158006.19,118596.9,K-CEIL-DCC-RACK
2741,X-HLP3-CR-F3-LAY-KEQP-02-002,DCC支架,DCC-Rack-200,MD 1200x2200 DCC-F*2,DCC-F*2,A/B轴,南区,1.20,2.20,,169800.0,2765.26,K-CEIL-DCC-RACK
2742,X-HLP3-CR-F3-LAY-KEQP-02-002,紧固件/螺栓,DCC-Rack-200x200,200x200 2850x1800(右) DCC-C*2,DCC-C*2,S/T轴,北中区,0.20,0.20,右,143606.19,118596.59,K-CEIL-DCC-RACK
2743,X-HLP3-CR-F3-LAY-KEQP-02-002,DCC支架,DCC-Rack-200,3500x2300(右) DCC-F*2,DCC-F*2,A/B轴,南区,3.50,2.30,右,191400.0,2765.57,K-CEIL-DCC-RACK
2744,X-HLP3-CR-F3-LAY-KEQP-02-002,DCC支架,DCC-Rack-200,3500x2300(右) DCC-F,DCC-F,A/B轴,南区,3.50,2.30,右,184200.0,2765.57,K-CEIL-DCC-RACK
2745,X-HLP3-CR-F3-LAY-KEQP-02-002,紧固件/螺栓,DCC-Rack-200x200,200x200,,Y轴,北区,0.20,0.20,,71606.19,271337.59,K-CEIL-DCC-RACK
2746,X-HLP3-CR-F3-LAY-KEQP-02-002,DCC支架,DCC-Rack-200,3500x2300(左) DCC-F,DCC-F,X/Y轴,北区,3.50,2.30,左,155419.77,155635.11,K-CEIL-DCC-RACK
2747,X-HLP3-CR-F3-LAY-KEQP-02-002,DCC支架,DCC-Rack-200,3500x2300(左) DCC-F,DCC-F,X/Y轴,北区,3.50,2.30,左,162600.87,155635.11,K-CEIL-DCC-RACK
2748,X-HLP3-CR-F3-LAY-KEQP-02-002,紧固件/螺栓,DCC-Rack-200x200,200x200 3500x2300(左) DCC-F*2,DCC-F*2,Y轴,北区,0.20,0.20,左,143668.92,164241.27,K-CEIL-DCC-RACK
2749,X-HLP3-CR-F3-LAY-KEQP-02-002,紧固件/螺栓,DCC-Rack-200x200,200x200 3500x2300(左) DCC-F,DCC-F,Y轴,北区,0.20,0.20,左,95581.4,164241.27,K-CEIL-DCC-RACK
2750,X-HLP3-CR-F3-LAY-KEQP-02-002,紧固件/螺栓,DCC-Rack-200x200,200x200 3500x2300(左) DCC-F,DCC-F,Y轴,北区,0.20,0.20,左,114881.19,164241.27,K-CEIL-DCC-RACK
2751,X-HLP3-CR-F3-LAY-KEQP-02-002,紧固件/螺栓,DCC-Rack-200x200,200x200 3500x2300(左) DCC-F,DCC-F,Y轴,北区,0.20,0.20,左,165918.81,164241.27,K-CEIL-DCC-RACK
2752,X-HLP3-CR-F3-LAY-KEQP-02-002,紧固件/螺栓,DCC-Rack-200x200,200x200 3500x2300(左) DCC-F,DCC-F,Y轴,北区,0.20,0.20,左,117806.19,164241.27,K-CEIL-DCC-RACK
2753,X-HLP3-CR-F3-LAY-KEQP-02-002,紧固件/螺栓,DCC-Rack-200x200,200x200 3500x2300(左) DCC-F,DCC-F,Y轴,北区,0.20,0.20,左,122081.19,164241.27,K-CEIL-DCC-RACK
2754,X-HLP3-CR-F3-LAY-KEQP-02-002,紧固件/螺栓,DCC-Rack-200x200,200x200 3500x2300(左) DCC-F,DCC-F,Y轴,北区,0.20,0.20,左,173118.81,164241.27,K-CEIL-DCC-RACK
2755,X-HLP3-CR-F3-LAY-KEQP-02-002,紧固件/螺栓,DCC-Rack-200x200,200x200 3500x2300(左) DCC-F,DCC-F,Y轴,北区,0.20,0.20,左,125006.19,164241.27,K-CEIL-DCC-RACK
2756,X-HLP3-CR-F3-LAY-KEQP-02-002,紧固件/螺栓,DCC-Rack-200x200,200x200 3500x2300(左) DCC-F,DCC-F,Y轴,北区,0.20,0.20,左,136481.19,164241.27,K-CEIL-DCC-RACK
2757,X-HLP3-CR-F3-LAY-KEQP-02-002,紧固件/螺栓,DCC-Rack-200x200,200x200 3500x2300(左) DCC-F,DCC-F,Y轴,北区,0.20,0.20,左,187518.81,164241.27,K-CEIL-DCC-RACK
2758,X-HLP3-CR-F3-LAY-KEQP-02-002,紧固件/螺栓,DCC-Rack-200x200,200x200 3500x2300(左) DCC-F*2,DCC-F*2,Y轴,北区,0.20,0.20,左,139406.19,164241.27,K-CEIL-DCC-RACK
2759,X-HLP3-CR-F3-LAY-KEQP-02-002,紧固件/螺栓,DCC-Rack-200x200,200x200 3500x2300(左) DCC-F*2,DCC-F*2,Y轴,北区,0.20,0.20,左,143681.19,164241.27,K-CEIL-DCC-RACK
2760,X-HLP3-CR-F3-LAY-KEQP-02-002,紧固件/螺栓,DCC-Rack-200x200,200x200 3500x2300(左) DCC-F,DCC-F,Y轴,北区,0.20,0.20,左,194718.81,164241.27,K-CEIL-DCC-RACK
2761,X-HLP3-CR-F3-LAY-KEQP-02-002,紧固件/螺栓,DCC-Rack-200x200,200x200 3500x2300(左) DCC-F,DCC-F,Y轴,北区,0.20,0.20,左,146606.19,164241.27,K-CEIL-DCC-RACK
2762,X-HLP3-CR-F3-LAY-KEQP-02-002,紧固件/螺栓,DCC-Rack-200x200,200x200 3500x2300(左) DCC-F,DCC-F,Y轴,北区,0.20,0.20,左,152906.29,164241.27,K-CEIL-DCC-RACK
2763,X-HLP3-CR-F3-LAY-KEQP-02-002,紧固件/螺栓,DCC-Rack-200x200,200x200 3500x2300(左) DCC-F,DCC-F,Y轴,北区,0.20,0.20,左,201018.81,164241.27,K-CEIL-DCC-RACK
2764,X-HLP3-CR-F3-LAY-KEQP-02-002,紧固件/螺栓,DCC-Rack-200x200,200x200 3500x2300(左) DCC-F,DCC-F,Y轴,北区,0.20,0.20,左,215710.15,164241.27,K-CEIL-DCC-RACK
2765,X-HLP3-CR-F3-LAY-KEQP-02-002,紧固件/螺栓,DCC-Rack-200x200,200x200 3500x2300(左) DCC-F,DCC-F,Y轴,北区,0.20,0.20,左,168422.53,164241.27,K-CEIL-DCC-RACK
2766,X-HLP3-CR-F3-LAY-KEQP-02-002,紧固件/螺栓,DCC-Rack-200x200,200x200 3500x2300(左) DCC-F,DCC-F,Y轴,北区,0.20,0.20,左,172481.08,164241.27,K-CEIL-DCC-RACK
2767,X-HLP3-CR-F3-LAY-KEQP-02-002,紧固件/螺栓,DCC-Rack-200x200,200x200 3500x2300(左) DCC-F,DCC-F,Y轴,北区,0.20,0.20,左,223518.71,164241.27,K-CEIL-DCC-RACK
2768,X-HLP3-CR-F3-LAY-KEQP-02-002,紧固件/螺栓,DCC-Rack-200x200,200x200 3500x2300(左) DCC-F,DCC-F,Y轴,北区,0.20,0.20,左,175406.08,164241.27,K-CEIL-DCC-RACK
2769,X-HLP3-CR-F3-LAY-KEQP-02-002,紧固件/螺栓,DCC-Rack-200x200,200x200,,A轴,南区,0.20,0.20,,252318.81,-5791.59,K-CEIL-DCC-RACK
2770,X-HLP3-CR-F3-LAY-KEQP-02-002,紧固件/螺栓,DCC-Rack-200x200,200x200,,A轴,南区,0.20,0.20,,249393.81,-5791.59,K-CEIL-DCC-RACK
2771,X-HLP3-CR-F3-LAY-KEQP-02-002,紧固件/螺栓,DCC-Rack-200x200,200x200 3500x2300(右) DCC-F*2,DCC-F*2,A轴,南区,0.20,0.20,右,246443.81,-5791.59,K-CEIL-DCC-RACK
2772,X-HLP3-CR-F3-LAY-KEQP-02-002,紧固件/螺栓,DCC-Rack-200x200,200x200 3500x2300(右) DCC-F*2,DCC-F*2,A轴,南区,0.20,0.20,右,245118.81,-5791.59,K-CEIL-DCC-RACK
2773,X-HLP3-CR-F3-LAY-KEQP-02-002,紧固件/螺栓,DCC-Rack-200x200,200x200 3500x2300(右) DCC-F*2,DCC-F*2,A轴,南区,0.20,0.20,右,242193.81,-5791.59,K-CEIL-DCC-RACK
2774,X-HLP3-CR-F3-LAY-KEQP-02-002,紧固件/螺栓,DCC-Rack-200x200,200x200 3500x2300(右) DCC-F*2,DCC-F*2,A轴,南区,0.20,0.20,右,239243.81,-5791.59,K-CEIL-DCC-RACK
2775,X-HLP3-CR-F3-LAY-KEQP-02-002,紧固件/螺栓,DCC-Rack-200x200,200x200 3500x2300(右) DCC-F,DCC-F,A轴,南区,0.20,0.20,右,237918.92,-5791.59,K-CEIL-DCC-RACK
2776,X-HLP3-CR-F3-LAY-KEQP-02-002,紧固件/螺栓,DCC-Rack-200x200,200x200 3500x2300(右) DCC-F,DCC-F,A轴,南区,0.20,0.20,右,234993.92,-5791.59,K-CEIL-DCC-RACK
2777,X-HLP3-CR-F3-LAY-KEQP-02-002,紧固件/螺栓,DCC-Rack-200x200,200x200 3500x2300(右) DCC-F,DCC-F,A轴,南区,0.20,0.20,右,232043.92,-5791.59,K-CEIL-DCC-RACK
2778,X-HLP3-CR-F3-LAY-KEQP-02-002,紧固件/螺栓,DCC-Rack-200x200,200x200 3500x2300(右) DCC-F,DCC-F,A轴,南区,0.20,0.20,右,223543.81,-5791.59,K-CEIL-DCC-RACK
2779,X-HLP3-CR-F3-LAY-KEQP-02-002,紧固件/螺栓,DCC-Rack-200x200,200x200 3500x2300(右) DCC-F,DCC-F,A轴,南区,0.20,0.20,右,220593.81,-5791.59,K-CEIL-DCC-RACK
2780,X-HLP3-CR-F3-LAY-KEQP-02-002,紧固件/螺栓,DCC-Rack-200x200,200x200 3500x2300(右) DCC-F,DCC-F,A轴,南区,0.20,0.20,右,217643.81,-5791.59,K-CEIL-DCC-RACK
2781,X-HLP3-CR-F3-LAY-KEQP-02-002,紧固件/螺栓,DCC-Rack-200x200,200x200 3500x2300(右) DCC-F*2,DCC-F*2,A轴,南区,0.20,0.20,右,215818.81,-5791.59,K-CEIL-DCC-RACK
2782,X-HLP3-CR-F3-LAY-KEQP-02-002,紧固件/螺栓,DCC-Rack-200x200,200x200 3500x2300(右) DCC-F*2,DCC-F*2,A轴,南区,0.20,0.20,右,213718.81,-5791.59,K-CEIL-DCC-RACK
2783,X-HLP3-CR-F3-LAY-KEQP-02-002,紧固件/螺栓,DCC-Rack-200x200,200x200 3500x2300(右) DCC-F*2,DCC-F*2,A轴,南区,0.20,0.20,右,153156.29,-5791.59,K-CEIL-DCC-RACK
2784,X-HLP3-CR-F3-LAY-KEQP-02-002,紧固件/螺栓,DCC-Rack-200x200,200x200 3500x2300(右) DCC-F*2,DCC-F*2,A轴,南区,0.20,0.20,右,156106.19,-5791.59,K-CEIL-DCC-RACK
2785,X-HLP3-CR-F3-LAY-KEQP-02-002,紧固件/螺栓,DCC-Rack-200x200,200x200 3500x2300(右) DCC-F*2,DCC-F*2,A轴,南区,0.20,0.20,右,194743.92,-5791.9,K-CEIL-DCC-RACK
2786,X-HLP3-CR-F3-LAY-KEQP-02-002,紧固件/螺栓,DCC-Rack-200x200,200x200 3500x2300(右) DCC-F*2,DCC-F*2,A轴,南区,0.20,0.20,右,191793.92,-5791.9,K-CEIL-DCC-RACK
2787,X-HLP3-CR-F3-LAY-KEQP-02-002,紧固件/螺栓,DCC-Rack-200x200,200x200 3500x2300(右) DCC-F,DCC-F,A轴,南区,0.20,0.20,右,188843.92,-5791.9,K-CEIL-DCC-RACK
2788,X-HLP3-CR-F3-LAY-KEQP-02-002,紧固件/螺栓,DCC-Rack-200x200,200x200 3500x2300(右) DCC-F,DCC-F,A轴,南区,0.20,0.20,右,187543.92,-5791.9,K-CEIL-DCC-RACK
2789,X-HLP3-CR-F3-LAY-KEQP-02-002,紧固件/螺栓,DCC-Rack-200x200,200x200 3500x2300(右) DCC-F*2,DCC-F*2,A轴,南区,0.20,0.20,右,158393.81,-5791.59,K-CEIL-DCC-RACK
2790,X-HLP3-CR-F3-LAY-KEQP-02-002,紧固件/螺栓,DCC-Rack-200x200,200x200 3500x2300(右) DCC-F*2,DCC-F*2,A轴,南区,0.20,0.20,右,155443.92,-5791.59,K-CEIL-DCC-RACK
2791,X-HLP3-CR-F3-LAY-KEQP-02-002,紧固件/螺栓,DCC-Rack-200x200,200x200 3500x2300(右) DCC-F,DCC-F,A轴,南区,0.20,0.20,右,174443.92,-5791.9,K-CEIL-DCC-RACK
2792,X-HLP3-CR-F3-LAY-KEQP-02-002,紧固件/螺栓,DCC-Rack-200x200,200x200 3500x2300(右) DCC-F*2,DCC-F*2,A轴,南区,0.20,0.20,右,165943.81,-5791.9,K-CEIL-DCC-RACK
2793,X-HLP3-CR-F3-LAY-KEQP-02-002,紧固件/螺栓,DCC-Rack-200x200,200x200 3500x2300(右) DCC-F,DCC-F,A轴,南区,0.20,0.20,右,162993.81,-5791.9,K-CEIL-DCC-RACK
2794,X-HLP3-CR-F3-LAY-KEQP-02-002,紧固件/螺栓,DCC-Rack-200x200,200x200 3500x2300(右) DCC-F,DCC-F,A轴,南区,0.20,0.20,右,160043.81,-5791.9,K-CEIL-DCC-RACK
2795,X-HLP3-CR-F3-LAY-KEQP-02-002,紧固件/螺栓,DCC-Rack-200x200,200x200 3500x2300(左) DCC-F,DCC-F,A轴,南区,0.20,0.20,左,138443.81,-5791.59,K-CEIL-DCC-RACK
2796,X-HLP3-CR-F3-LAY-KEQP-02-002,DCC支架,DCC-Rack-200,3500x2300(左) DCC-F,DCC-F,A/B轴,南区,3.50,2.30,左,47400.0,2764.94,K-CEIL-DCC-RACK
2797,X-HLP3-CR-F3-LAY-KEQP-02-002,紧固件/螺栓,DCC-Rack-200x200,200x200 2850x2600(右) DCC-E,DCC-E,S/T轴,北中区,0.20,0.20,右,93206.28,118596.27,K-CEIL-DCC-RACK
2798,X-HLP3-CR-F3-LAY-KEQP-02-002,DCC支架,DCC-Rack-200,3500x2300(左) DCC-F,DCC-F,A/B轴,南区,3.50,2.30,左,119400.44,2765.57,K-CEIL-DCC-RACK
2799,X-HLP3-CR-F3-LAY-KEQP-02-002,紧固件/螺栓,DCC-Rack-200x200,200x200 2850x2300(右) DCC-D,DCC-D,S/T轴,北中区,0.20,0.20,右,100406.28,118596.27,K-CEIL-DCC-RACK
2800,X-HLP3-CR-F3-LAY-KEQP-02-002,DCC支架,DCC-Rack-200,3500x2300(左) DCC-F,DCC-F,A/B轴,南区,3.50,2.30,左,126600.44,2765.57,K-CEIL-DCC-RACK
2801,X-HLP3-CR-F3-LAY-KEQP-02-002,DCC支架,DCC-Rack-200,3500x2300(右) DCC-F,DCC-F,A/B轴,南区,3.50,2.30,右,220200.0,2761.79,K-CEIL-DCC-RACK
2802,X-HLP3-CR-F3-LAY-KEQP-02-002,DCC设备,DCC-3523,3500x2300(左) DCC-F*2,DCC-F*2,X/Y轴,北区,3.50,2.30,左,142800.0,155671.0,0-DCC
2803,X-HLP3-CR-F3-LAY-KEQP-02-002,紧固件/螺栓,DCC-Rack-200x200,200x200,,Y轴,北区,0.20,0.20,,167193.81,271337.51,K-CEIL-DCC-RACK
2804,X-HLP3-CR-F3-LAY-KEQP-02-002,紧固件/螺栓,DCC-Rack-200x200,200x200,,Y轴,北区,0.20,0.20,,174413.59,271337.59,K-CEIL-DCC-RACK
2805,X-HLP3-CR-F3-LAY-KEQP-02-002,DCC设备,DCC-3523,3500x2300(左) DCC-F,DCC-F,X/Y轴,北区,3.50,2.30,左,153613.85,155671.0,0-DCC
2806,X-HLP3-CR-F3-LAY-KEQP-02-002,紧固件/螺栓,DCC-Rack-200x200,200x200,,Y轴,北区,0.20,0.20,,181613.59,271337.59,K-CEIL-DCC-RACK
2807,X-HLP3-CR-F3-LAY-KEQP-02-002,DCC支架,DCC-Rack-200,MD 1200x2200 DCC-F,DCC-F,X/Y轴,北区,1.20,2.20,,169799.87,155635.11,K-CEIL-DCC-RACK
2808,X-HLP3-CR-F3-LAY-KEQP-02-002,紧固件/螺栓,DCC-Rack-200x200,200x200,,Y轴,北区,0.20,0.20,,143607.06,271337.59,K-CEIL-DCC-RACK
2809,X-HLP3-CR-F3-LAY-KEQP-02-002,DCC设备,DCC-3523,3500x2300(左) DCC-F,DCC-F,X/Y轴,北区,3.50,2.30,左,178797.55,155671.0,0-DCC
2810,X-HLP3-CR-F3-LAY-KEQP-02-002,DCC设备,DCC-3523,3500x2300(左) DCC-F,DCC-F,X/Y轴,北区,3.50,2.30,左,189600.22,155671.0,0-DCC
2811,X-HLP3-CR-F3-LAY-KEQP-02-002,DCC支架,DCC-Rack-150,2000x1800(右) DCC-C*2,DCC-C*2,R/S轴,北中区,2.00,1.80,右,115900.0,115675.0,K-CEIL-DCC-RACK
2812,X-HLP3-CR-F3-LAY-KEQP-02-002,DCC设备,DCC-2923-H,2850x1800(左) DCC-C*2,DCC-C*2,R/S轴,北中区,2.85,1.80,左,178977.67,109675.0,0-DCC
2813,X-HLP3-CR-F3-LAY-KEQP-02-002,DCC设备,DCC-2023,2000x2300,DCC-2023,Y轴,北区,2.00,2.30,,79200.0,220724.31,0-DCC
2814,X-HLP3-CR-F3-LAY-KEQP-02-002,DCC设备,DCC-2023,2000x2300 3500x2300(左) DCC-F,DCC-F,A/B轴,南区,2.00,2.30,左,72841.34,2475.69,0-DCC
2815,X-HLP3-CR-F3-LAY-KEQP-02-002,紧固件/螺栓,DCC-Rack-200x200,200x200,,Y轴,北区,0.20,0.20,,42806.19,271337.59,K-CEIL-DCC-RACK
2816,X-HLP3-CR-F3-LAY-KEQP-02-002,紧固件/螺栓,DCC-Rack-200x200,200x200 2850x2300(右) DCC-D,DCC-D,F/G轴,南区,0.20,0.20,右,35606.19,39804.41,K-CEIL-DCC-RACK
2817,X-HLP3-CR-F3-LAY-KEQP-02-002,DCC支架,DCC-Rack-200,3500x2300(左) DCC-F,DCC-F,X/Y轴,北区,3.50,2.30,左,61800.0,155635.11,K-CEIL-DCC-RACK
2818,X-HLP3-CR-F3-LAY-KEQP-02-002,DCC支架,DCC-Rack-200,3500x2300(左) DCC-F,DCC-F,X/Y轴,北区,3.50,2.30,左,25800.0,155635.11,K-CEIL-DCC-RACK
2819,X-HLP3-CR-F3-LAY-KEQP-02-002,紧固件/螺栓,DCC-Rack-200x200,200x200,,Y轴,北区,0.20,0.20,,6796.81,271337.59,K-CEIL-DCC-RACK
2820,X-HLP3-CR-F3-LAY-KEQP-02-002,DCC支架,DCC-Rack-200,3500x2300(左) DCC-F,DCC-F,X/Y轴,北区,3.50,2.30,左,47400.0,155635.11,K-CEIL-DCC-RACK
2821,X-HLP3-CR-F3-LAY-KEQP-02-002,紧固件/螺栓,DCC-Rack-200x200,200x200,,Y轴,北区,0.20,0.20,,64406.19,271337.59,K-CEIL-DCC-RACK
2822,X-HLP3-CR-F3-LAY-KEQP-02-002,检修门,MD1-1222,MD 1200x2200 DCC-F,DCC-F,X/Y轴,北区,1.20,2.20,,113245.36,155648.4,K-PART-DOOR
2823,X-HLP3-CR-F3-LAY-KEQP-02-002,DCC支架,DCC-Rack-200,MD 1200x2200 DCC-F,DCC-F,X/Y轴,北区,1.20,2.20,,112199.93,155635.11,K-CEIL-DCC-RACK
2824,X-HLP3-CR-F3-LAY-KEQP-02-002,DCC设备,DCC-3523,3500x2300(左) DCC-F,DCC-F,X/Y轴,北区,3.50,2.30,左,117599.85,155671.0,0-DCC
2825,X-HLP3-CR-F3-LAY-KEQP-02-002,紧固件/螺栓,DCC-Rack-200x200,200x200,,Y轴,北区,0.20,0.20,,93206.04,271337.59,K-CEIL-DCC-RACK
2826,X-HLP3-CR-F3-LAY-KEQP-02-002,DCC支架,DCC-Rack-200,3500x2300(左) DCC-F,DCC-F,X/Y轴,北区,3.50,2.30,左,119399.85,155635.11,K-CEIL-DCC-RACK
2827,X-HLP3-CR-F3-LAY-KEQP-02-002,紧固件/螺栓,DCC-Rack-200x200,200x200,,Y轴,北区,0.20,0.20,,100406.11,271337.59,K-CEIL-DCC-RACK
2828,X-HLP3-CR-F3-LAY-KEQP-02-002,DCC支架,DCC-Rack-200,3500x2300(左) DCC-F,DCC-F,X/Y轴,北区,3.50,2.30,左,126599.93,155635.11,K-CEIL-DCC-RACK
2829,X-HLP3-CR-F3-LAY-KEQP-02-002,紧固件/螺栓,DCC-Rack-200x200,200x200,,Y轴,北区,0.20,0.20,,107606.19,271337.59,K-CEIL-DCC-RACK
2830,X-HLP3-CR-F3-LAY-KEQP-02-002,DCC设备,DCC-3523,3500x2300(左) DCC-F,DCC-F,X/Y轴,北区,3.50,2.30,左,131999.93,155671.0,0-DCC
2831,X-HLP3-CR-F3-LAY-KEQP-02-002,DCC支架,DCC-Rack-200,3500x2300(左) DCC-F,DCC-F,X/Y轴,北区,3.50,2.30,左,133799.93,155635.11,K-CEIL-DCC-RACK
2832,X-HLP3-CR-F3-LAY-KEQP-02-002,DCC设备,DCC-3523,3500x2300(左) DCC-F,DCC-F,X/Y轴,北区,3.50,2.30,左,135599.93,155671.0,0-DCC
2833,X-HLP3-CR-F3-LAY-KEQP-02-002,DCC支架,DCC-Rack-150,2850x1800(右) DCC-C*2,DCC-C*2,R/S轴,北中区,2.85,1.80,右,121050.0,115675.0,K-CEIL-DCC-RACK
2834,X-HLP3-CR-F3-LAY-KEQP-02-002,DCC支架,DCC-Rack-150,2850x2600(右) DCC-E,DCC-E,R/S轴,北中区,2.85,2.60,右,136100.0,115675.0,K-CEIL-DCC-RACK
2835,X-HLP3-CR-F3-LAY-KEQP-02-002,DCC支架,DCC-Rack-200,3500x2300(左) DCC-F,DCC-F,X/Y轴,北区,3.50,2.30,左,148213.85,155639.11,K-CEIL-DCC-RACK
2836,X-HLP3-CR-F3-LAY-KEQP-02-002,DCC支架,DCC-Rack-200,3500x2300(左) DCC-F,DCC-F,X/Y轴,北区,3.50,2.30,左,191406.99,155635.11,K-CEIL-DCC-RACK
2837,X-HLP3-CR-F3-LAY-KEQP-02-002,DCC设备,DCC-3523,3500x2300(左) DCC-F,DCC-F,X/Y轴,北区,3.50,2.30,左,193204.85,155671.0,0-DCC
2838,X-HLP3-CR-F3-LAY-KEQP-02-002,紧固件/螺栓,DCC-Rack-200x200,200x200,,Y轴,北区,0.20,0.20,,217593.81,271337.59,K-CEIL-DCC-RACK
2839,X-HLP3-CR-F3-LAY-KEQP-02-002,紧固件/螺栓,DCC-Rack-200x200,200x200,,Y轴,北区,0.20,0.20,,224793.81,271335.4,K-CEIL-DCC-RACK
2840,X-HLP3-CR-F3-LAY-KEQP-02-002,DCC设备,DCC-3523,3500x2300(左) DCC-F,DCC-F,X/Y轴,北区,3.50,2.30,左,232800.0,155669.65,0-DCC
2841,X-HLP3-CR-F3-LAY-KEQP-02-002,DCC设备,DCC-3523,3500x2300(左) DCC-F,DCC-F,X/Y轴,北区,3.50,2.30,左,236400.0,155669.65,0-DCC
2842,X-HLP3-CR-F3-LAY-KEQP-02-002,紧固件/螺栓,DCC-Rack-200x200,200x200,,Y轴,北区,0.20,0.20,,260793.81,271336.23,K-CEIL-DCC-RACK
2843,X-HLP3-CR-F3-LAY-KEQP-02-002,DCC支架,DCC-Rack-200,3500x2300(左) DCC-F,DCC-F,X/Y轴,北区,3.50,2.30,左,234605.0,155633.76,K-CEIL-DCC-RACK
2844,X-HLP3-CR-F3-LAY-KEQP-02-002,DCC支架,DCC-Rack-150,2850x1800(右) DCC-C*2,DCC-C*2,R/S轴,北中区,2.85,1.80,右,202300.0,115675.0,K-CEIL-DCC-RACK
2845,X-HLP3-CR-F3-LAY-KEQP-02-002,DCC支架,DCC-Rack-150,2850x1800(右) DCC-C,DCC-C,R/S轴,北中区,2.85,1.80,右,208099.88,115675.0,K-CEIL-DCC-RACK
2846,X-HLP3-CR-F3-LAY-KEQP-02-002,DCC支架,DCC-Rack-150,2850x1800(右) DCC-C,DCC-C,R/S轴,北中区,2.85,1.80,右,223900.0,115675.0,K-CEIL-DCC-RACK
2847,X-HLP3-CR-F3-LAY-KEQP-02-002,DCC支架,DCC-Rack-150,2850x2600(右) DCC-E*2,DCC-E*2,R/S轴,北中区,2.85,2.60,右,229699.88,115675.0,K-CEIL-DCC-RACK
2848,X-HLP3-CR-F3-LAY-KEQP-02-002,DCC设备,DCC-28.5x26,2850x2600,DCC-28,Y轴,北区,2.85,2.60,,194374.75,220020.95,0-DCC
2849,X-HLP3-CR-F3-LAY-KEQP-02-002,DCC支架,DCC-Rack-200,2850x2300(右) DCC-D,DCC-D,F/G轴,南区,2.85,2.30,右,32400.0,42739.11,K-CEIL-DCC-RACK
2850,X-HLP3-CR-F3-LAY-KEQP-02-002,DCC支架,DCC-Rack-150,2850x2300(右) DCC-D,DCC-D,F/G轴,南区,2.85,2.30,右,29500.0,42725.0,K-CEIL-DCC-RACK
2851,X-HLP3-CR-F3-LAY-KEQP-02-002,DCC支架,DCC-Rack-150,2850x2300(右) DCC-D,DCC-D,F/G轴,南区,2.85,2.30,右,35300.0,42725.0,K-CEIL-DCC-RACK
2852,X-HLP3-CR-F3-LAY-KEQP-02-002,DCC支架,DCC-Rack-200,2850x2300(右) DCC-D,DCC-D,F/G轴,南区,2.85,2.30,右,25200.0,42739.11,K-CEIL-DCC-RACK
2853,X-HLP3-CR-F3-LAY-KEQP-02-002,DCC支架,DCC-Rack-150,2850x2300(右) DCC-D*2,DCC-D*2,F/G轴,南区,2.85,2.30,右,22300.0,42725.0,K-CEIL-DCC-RACK
2854,X-HLP3-CR-F3-LAY-KEQP-02-002,DCC支架,DCC-Rack-150,2850x2300(右) DCC-D,DCC-D,F/G轴,南区,2.85,2.30,右,28100.0,42725.0,K-CEIL-DCC-RACK
2855,X-HLP3-CR-F3-LAY-KEQP-02-002,DCC支架,DCC-Rack-200,2850x1800(右) DCC-C,DCC-C,F/G轴,南区,2.85,1.80,右,82800.0,42739.11,K-CEIL-DCC-RACK
2856,X-HLP3-CR-F3-LAY-KEQP-02-002,DCC支架,DCC-Rack-150,2850x1800(右) DCC-C*2,DCC-C*2,F/G轴,南区,2.85,1.80,右,79900.0,42725.0,K-CEIL-DCC-RACK
2857,X-HLP3-CR-F3-LAY-KEQP-02-002,DCC支架,DCC-Rack-150,2850x2300(右) DCC-C,DCC-C,F/G轴,南区,2.85,2.30,右,85700.0,42725.0,K-CEIL-DCC-RACK
2858,X-HLP3-CR-F3-LAY-KEQP-02-002,DCC支架,DCC-Rack-200,2850x2300(右) DCC-D,DCC-D,F/G轴,南区,2.85,2.30,右,111600.0,42739.11,K-CEIL-DCC-RACK
2859,X-HLP3-CR-F3-LAY-KEQP-02-002,DCC支架,DCC-Rack-150,2850x2300(右) DCC-D,DCC-D,F/G轴,南区,2.85,2.30,右,108700.0,42725.0,K-CEIL-DCC-RACK
2860,X-HLP3-CR-F3-LAY-KEQP-02-002,DCC支架,DCC-Rack-150,2850x2300(右) DCC-D,DCC-D,F/G轴,南区,2.85,2.30,右,114500.0,42725.0,K-CEIL-DCC-RACK
2861,X-HLP3-CR-F3-LAY-KEQP-02-002,紧固件/螺栓,DCC-Rack-200x200,200x200 2850x2300(右) DCC-D*2,DCC-D*2,S/T轴,北中区,0.20,0.20,右,28406.19,118595.64,K-CEIL-DCC-RACK
2862,X-HLP3-CR-F3-LAY-KEQP-02-002,DCC设备,DCC-3523,3500x2300(左) DCC-F,DCC-F,A/B轴,南区,3.50,2.30,左,45600.0,2729.37,0-DCC
2863,X-HLP3-CR-F3-LAY-KEQP-02-002,DCC设备,DCC-3523,3500x2300(左) DCC-F,DCC-F,A/B轴,南区,3.50,2.30,左,49200.0,2729.37,0-DCC
2864,X-HLP3-CR-F3-LAY-KEQP-02-002,DCC设备,DCC-3523,3500x2300(左) DCC-F,DCC-F,A/B轴,南区,3.50,2.30,左,42000.0,2729.37,0-DCC
2865,X-HLP3-CR-F3-LAY-KEQP-02-002,DCC支架,DCC-Rack-200,MD 1200x2200 DCC-F*2,DCC-F*2,A/B轴,南区,1.20,2.20,,54600.0,2764.94,K-CEIL-DCC-RACK
2866,X-HLP3-CR-F3-LAY-KEQP-02-002,DCC设备,DCC-3523,3500x2300(左) DCC-F,DCC-F,A/B轴,南区,3.50,2.30,左,60000.0,2729.68,0-DCC
2867,X-HLP3-CR-F3-LAY-KEQP-02-002,DCC设备,DCC-3523,3500x2300(左) DCC-F,DCC-F,A/B轴,南区,3.50,2.30,左,63600.0,2729.37,0-DCC
2868,X-HLP3-CR-F3-LAY-KEQP-02-002,DCC支架,DCC-Rack-200,3500x2300(左) DCC-F,DCC-F,A/B轴,南区,3.50,2.30,左,61800.0,2764.94,K-CEIL-DCC-RACK
2869,X-HLP3-CR-F3-LAY-KEQP-02-002,紧固件/螺栓,DCC-Rack-200x200,200x200 2850x2300(右) DCC-D,DCC-D,S/T轴,北中区,0.20,0.20,右,42806.19,118595.64,K-CEIL-DCC-RACK
2870,X-HLP3-CR-F3-LAY-KEQP-02-002,DCC设备,DCC-3523,3500x2300(左) DCC-F,DCC-F,A/B轴,南区,3.50,2.30,左,67200.0,2729.37,0-DCC
2871,X-HLP3-CR-F3-LAY-KEQP-02-002,DCC设备,DCC-3523,3500x2300(左) DCC-F,DCC-F,A/B轴,南区,3.50,2.30,左,70800.0,2729.37,0-DCC
2872,X-HLP3-CR-F3-LAY-KEQP-02-002,DCC支架,DCC-Rack-200,3500x2300(左) DCC-F,DCC-F,A/B轴,南区,3.50,2.30,左,69000.0,2764.94,K-CEIL-DCC-RACK
2873,X-HLP3-CR-F3-LAY-KEQP-02-002,紧固件/螺栓,DCC-Rack-200x200,200x200 2850x2300(右) DCC-D,DCC-D,S/T轴,北中区,0.20,0.20,右,50006.19,118595.64,K-CEIL-DCC-RACK
2874,X-HLP3-CR-F3-LAY-KEQP-02-002,DCC设备,DCC-3523,3500x2300(左) DCC-F,DCC-F,A/B轴,南区,3.50,2.30,左,74400.0,2729.37,0-DCC
2875,X-HLP3-CR-F3-LAY-KEQP-02-002,DCC设备,DCC-3523,3500x2300(左) DCC-F,DCC-F,A/B轴,南区,3.50,2.30,左,78000.0,2729.37,0-DCC
2876,X-HLP3-CR-F3-LAY-KEQP-02-002,DCC支架,DCC-Rack-200,3500x2300(左) DCC-F,DCC-F,A/B轴,南区,3.50,2.30,左,76200.0,2764.94,K-CEIL-DCC-RACK
2877,X-HLP3-CR-F3-LAY-KEQP-02-002,紧固件/螺栓,DCC-Rack-200x200,200x200 2850x2300(右) DCC-D*2,DCC-D*2,S/T轴,北中区,0.20,0.20,右,57206.19,118595.64,K-CEIL-DCC-RACK
2878,X-HLP3-CR-F3-LAY-KEQP-02-002,DCC设备,DCC-3523,3500x2300(左) DCC-F*2,DCC-F*2,A/B轴,南区,3.50,2.30,左,81600.0,2729.37,0-DCC
2879,X-HLP3-CR-F3-LAY-KEQP-02-002,DCC设备,DCC-3523,3500x2300(左) DCC-F,DCC-F,A/B轴,南区,3.50,2.30,左,88800.0,2729.68,0-DCC
2880,X-HLP3-CR-F3-LAY-KEQP-02-002,紧固件/螺栓,DCC-Rack-200x200,200x200,,S/T轴,北中区,0.20,0.20,,64406.19,118595.96,K-CEIL-DCC-RACK
2881,X-HLP3-CR-F3-LAY-KEQP-02-002,DCC设备,DCC-3523,3500x2300(左) DCC-F,DCC-F,A/B轴,南区,3.50,2.30,左,92393.06,2729.68,0-DCC
2882,X-HLP3-CR-F3-LAY-KEQP-02-002,DCC设备,DCC-3523,3500x2300(左) DCC-F,DCC-F,A/B轴,南区,3.50,2.30,左,95993.06,2729.68,0-DCC
2883,X-HLP3-CR-F3-LAY-KEQP-02-002,DCC支架,DCC-Rack-200,3500x2300(左) DCC-F,DCC-F,A/B轴,南区,3.50,2.30,左,90593.06,2765.26,K-CEIL-DCC-RACK
2884,X-HLP3-CR-F3-LAY-KEQP-02-002,紧固件/螺栓,DCC-Rack-200x200,200x200 2850x1800(右),,S/T轴,北中区,0.20,0.20,右,71599.25,118595.96,K-CEIL-DCC-RACK
2885,X-HLP3-CR-F3-LAY-KEQP-02-002,DCC设备,DCC-3523,3500x2300(左) DCC-F,DCC-F,A/B轴,南区,3.50,2.30,左,99586.12,2729.68,0-DCC
2886,X-HLP3-CR-F3-LAY-KEQP-02-002,DCC设备,DCC-3523,3500x2300(左) DCC-F,DCC-F,A/B轴,南区,3.50,2.30,左,103186.12,2729.68,0-DCC
2887,X-HLP3-CR-F3-LAY-KEQP-02-002,DCC支架,DCC-Rack-200,3500x2300(左) DCC-F,DCC-F,A/B轴,南区,3.50,2.30,左,97786.12,2765.26,K-CEIL-DCC-RACK
2888,X-HLP3-CR-F3-LAY-KEQP-02-002,紧固件/螺栓,DCC-Rack-200x200,200x200 2850x1800(右) DCC-C,DCC-C,S/T轴,北中区,0.20,0.20,右,78792.31,118595.96,K-CEIL-DCC-RACK
2889,X-HLP3-CR-F3-LAY-KEQP-02-002,DCC设备,DCC-3523,3500x2300(左) DCC-F,DCC-F,A/B轴,南区,3.50,2.30,左,106779.18,2729.68,0-DCC
2890,X-HLP3-CR-F3-LAY-KEQP-02-002,DCC设备,DCC-3523,3500x2300(左) DCC-F,DCC-F,A/B轴,南区,3.50,2.30,左,110379.18,2729.68,0-DCC
2891,X-HLP3-CR-F3-LAY-KEQP-02-002,DCC支架,DCC-Rack-200,3500x2300(左) DCC-F,DCC-F,A/B轴,南区,3.50,2.30,左,104979.18,2765.26,K-CEIL-DCC-RACK
2892,X-HLP3-CR-F3-LAY-KEQP-02-002,紧固件/螺栓,DCC-Rack-200x200,200x200 2850x2600(右) DCC-E*2,DCC-E*2,S/T轴,北中区,0.20,0.20,右,85985.37,118595.96,K-CEIL-DCC-RACK
2893,X-HLP3-CR-F3-LAY-KEQP-02-002,检修门,MD2-1022,1000x2200 2850x2300(右) DCC-D*2,DCC-D*2,F/G轴,南区,1.00,2.20,右,191115.98,42653.48,K-PART-DOOR
2894,X-HLP3-CR-F3-LAY-KEQP-02-002,DCC支架,DCC-Rack-150,2850x2300(右) DCC-D*2,DCC-D*2,F/G轴,南区,2.85,2.30,右,193700.0,42675.0,K-CEIL-DCC-RACK
2895,X-HLP3-CR-F3-LAY-KEQP-02-002,DCC支架,DCC-Rack-150,2850x2300(右) DCC-D*2,DCC-D*2,F/G轴,南区,2.85,2.30,右,191000.0,42675.0,K-CEIL-DCC-RACK
2896,X-HLP3-CR-F3-LAY-KEQP-02-002,DCC设备,DCC-3523,3500x2300(右) DCC-F,DCC-F,A/B轴,南区,3.50,2.30,右,175200.0,2729.68,0-DCC
2897,X-HLP3-CR-F3-LAY-KEQP-02-002,紧固件/螺栓,DCC-Rack-200x200,200x200 2850x1800(右) DCC-C*2,DCC-C*2,S/T轴,北中区,0.20,0.20,右,150806.19,118596.9,K-CEIL-DCC-RACK
2898,X-HLP3-CR-F3-LAY-KEQP-02-002,DCC设备,DCC-3523,3500x2300(右) DCC-F,DCC-F,A/B轴,南区,3.50,2.30,右,207600.0,2725.9,0-DCC
2899,X-HLP3-CR-F3-LAY-KEQP-02-002,紧固件/螺栓,DCC-Rack-200x200,200x200 2000*2300(左) DCC-B,DCC-B,S/T轴,北中区,0.20,0.20,左,186806.19,118592.49,K-CEIL-DCC-RACK
2900,X-HLP3-CR-F3-LAY-KEQP-02-002,DCC设备,DCC-3523,3500x2300(右) DCC-F,DCC-F,A/B轴,南区,3.50,2.30,右,222000.0,2725.9,0-DCC
2901,X-HLP3-CR-F3-LAY-KEQP-02-002,紧固件/螺栓,DCC-Rack-200x200,200x200 2850x1800(右) DCC-C*2,DCC-C*2,S/T轴,北中区,0.20,0.20,右,201206.19,118592.49,K-CEIL-DCC-RACK
2902,X-HLP3-CR-F3-LAY-KEQP-02-002,DCC设备,DCC-3523,3500x2300(右) DCC-F,DCC-F,A/B轴,南区,3.50,2.30,右,218400.0,2725.9,0-DCC
2903,X-HLP3-CR-F3-LAY-KEQP-02-002,DCC设备,DCC-3523,3500x2300(右) DCC-F,DCC-F,A/B轴,南区,3.50,2.30,右,225600.0,2725.9,0-DCC
2904,X-HLP3-CR-F3-LAY-KEQP-02-002,紧固件/螺栓,DCC-Rack-200x200,200x200 2850x1800(右) DCC-C,DCC-C,S/T轴,北中区,0.20,0.20,右,208406.19,118592.49,K-CEIL-DCC-RACK
2905,X-HLP3-CR-F3-LAY-KEQP-02-002,DCC设备,DCC-3523,3500x2300(右) DCC-F,DCC-F,A/B轴,南区,3.50,2.30,右,232800.0,2725.9,0-DCC
2906,X-HLP3-CR-F3-LAY-KEQP-02-002,DCC支架,DCC-Rack-200,3500x2300(右) DCC-F,DCC-F,A/B轴,南区,3.50,2.30,右,234600.0,2761.79,K-CEIL-DCC-RACK
2907,X-HLP3-CR-F3-LAY-KEQP-02-002,紧固件/螺栓,DCC-Rack-200x200,200x200 2850x2600(右) DCC-C,DCC-C,S/T轴,北中区,0.20,0.20,右,215606.19,118592.49,K-CEIL-DCC-RACK
2908,X-HLP3-CR-F3-LAY-KEQP-02-002,DCC设备,DCC-3523,3500x2300(右) DCC-F,DCC-F,A/B轴,南区,3.50,2.30,右,236400.0,2725.9,0-DCC
2909,X-HLP3-CR-F3-LAY-KEQP-02-002,紧固件/螺栓,DCC-Rack-200x200,200x200 2850x1800(右) DCC-C*2,DCC-C*2,S/T轴,北中区,0.20,0.20,右,221331.19,118592.49,K-CEIL-DCC-RACK
2910,X-HLP3-CR-F3-LAY-KEQP-02-002,检修门,MD2-1022,1000x2200 2850x1800(左) DCC-C*2,DCC-C*2,R/S轴,北中区,1.00,2.20,左,136959.02,109955.85,K-PART-DOOR
2911,X-HLP3-CR-F3-LAY-KEQP-02-002,DCC支架,DCC-Rack-150,2850x2300(右) DCC,DCC,G/H轴,南中区,2.85,2.30,右,173500.0,50877.68,K-CEIL-DCC-RACK
2912,X-HLP3-CR-F3-LAY-KEQP-02-002,DCC设备,DCC-2923-H,2850x2300(左) DCC-C*2,DCC-C*2,R/S轴,北中区,2.85,2.30,左,205480.89,109675.32,0-DCC
2913,X-HLP3-CR-F3-LAY-KEQP-02-002,DCC设备,DCC-2923-H,2850x2300(左) DCC-E*2,DCC-E*2,R/S轴,北中区,2.85,2.30,左,208431.0,109675.32,0-DCC
2914,X-HLP3-CR-F3-LAY-KEQP-02-002,DCC支架,DCC-Rack-150,2850x2300(左) DCC,DCC,Q/R轴,北中区,2.85,2.30,左,202306.0,107525.32,K-CEIL-DCC-RACK
2915,X-HLP3-CR-F3-LAY-KEQP-02-002,DCC支架,DCC-Rack-150,2850x2300(左) DCC,DCC,Q/R轴,北中区,2.85,2.30,左,208106.0,107525.32,K-CEIL-DCC-RACK
2916,X-HLP3-CR-F3-LAY-KEQP-02-002,紧固件/螺栓,DCC-Rack-200x200,200x200 3500x2300(右) DCC-F,DCC-F,A轴,南区,0.20,0.20,右,230749.81,-5791.27,K-CEIL-DCC-RACK
2917,X-HLP3-CR-F3-LAY-KEQP-02-002,紧固件/螺栓,DCC-Rack-200x200,200x200 3500x2300(右) DCC-F,DCC-F,A轴,南区,0.20,0.20,右,227799.81,-5791.27,K-CEIL-DCC-RACK
2918,X-HLP3-CR-F3-LAY-KEQP-02-002,紧固件/螺栓,DCC-Rack-200x200,200x200 3500x2300(右) DCC-F,DCC-F,A轴,南区,0.20,0.20,右,224849.81,-5791.27,K-CEIL-DCC-RACK
2919,X-HLP3-CR-F3-LAY-KEQP-02-002,DCC设备,DCC-2923-H,2850x2300(右) DCC,DCC,G/H轴,南中区,2.85,2.30,右,205474.89,48725.0,0-DCC
2920,X-HLP3-CR-F3-LAY-KEQP-02-002,DCC设备,DCC-2923-H,2850x2600(右) DCC,DCC,G/H轴,南中区,2.85,2.60,右,208425.0,48725.0,0-DCC
2921,X-HLP3-CR-F3-LAY-KEQP-02-002,DCC支架,DCC-Rack-150,2850x2300(右) DCC,DCC,G/H轴,南中区,2.85,2.30,右,202300.0,50874.68,K-CEIL-DCC-RACK
2922,X-HLP3-CR-F3-LAY-KEQP-02-002,DCC支架,DCC-Rack-150,2850x2600(右) DCC,DCC,G/H轴,南中区,2.85,2.60,右,208100.0,50874.68,K-CEIL-DCC-RACK
2923,X-HLP3-CR-F3-LAY-KEQP-02-002,紧固件/螺栓,DCC-Rack-200x200,200x200 3500x2300(左) DCC-F,DCC-F,Y轴,北区,0.20,0.20,左,179681.08,164241.27,K-CEIL-DCC-RACK
2924,X-HLP3-CR-F3-LAY-KEQP-02-002,紧固件/螺栓,DCC-Rack-200x200,200x200 3500x2300(左) DCC-F,DCC-F,Y轴,北区,0.20,0.20,左,230718.71,164241.27,K-CEIL-DCC-RACK
2925,X-HLP3-CR-F3-LAY-KEQP-02-002,紧固件/螺栓,DCC-Rack-200x200,200x200 3500x2300(左) DCC-F,DCC-F,Y轴,北区,0.20,0.20,左,182606.08,164241.27,K-CEIL-DCC-RACK
2926,X-HLP3-CR-F3-LAY-KEQP-02-002,DCC设备,DCC-2923-H,2850x2300(右) DCC,DCC,G/H轴,南中区,2.85,2.30,右,155074.89,48725.0,0-DCC
2927,X-HLP3-CR-F3-LAY-KEQP-02-002,DCC设备,DCC-2923-H,2850x1800(右) DCC,DCC,G/H轴,南中区,2.85,1.80,右,154525.0,48725.0,0-DCC
2928,X-HLP3-CR-F3-LAY-KEQP-02-002,DCC支架,DCC-Rack-150,2850x2300(右) DCC,DCC,G/H轴,南中区,2.85,2.30,右,157700.0,50874.68,K-CEIL-DCC-RACK
2929,X-HLP3-CR-F3-LAY-KEQP-02-002,DCC支架,DCC-Rack-150,2850x2300(右) DCC,DCC,G/H轴,南中区,2.85,2.30,右,151900.0,50874.68,K-CEIL-DCC-RACK
2930,X-HLP3-CR-F3-LAY-KEQP-02-002,紧固件/螺栓,DCC-Rack-200x200,200x200 3500x2300(左) DCC-F,DCC-F,Y轴,北区,0.20,0.20,左,129281.19,164241.27,K-CEIL-DCC-RACK
2931,X-HLP3-CR-F3-LAY-KEQP-02-002,紧固件/螺栓,DCC-Rack-200x200,200x200 3500x2300(左) DCC-F,DCC-F,Y轴,北区,0.20,0.20,左,180318.81,164241.27,K-CEIL-DCC-RACK
2932,X-HLP3-CR-F3-LAY-KEQP-02-002,紧固件/螺栓,DCC-Rack-200x200,200x200 3500x2300(左) DCC-F,DCC-F,Y轴,北区,0.20,0.20,左,132206.19,164241.27,K-CEIL-DCC-RACK
2933,X-HLP3-CR-F3-LAY-KEQP-02-002,DCC设备,DCC-2923-H,2850x1800(右) DCC,DCC,G/H轴,南中区,2.85,1.80,右,136425.0,48725.0,0-DCC
2934,X-HLP3-CR-F3-LAY-KEQP-02-002,DCC支架,DCC-Rack-150,2850x2300(右) DCC,DCC,G/H轴,南中区,2.85,2.30,右,136100.0,50874.68,K-CEIL-DCC-RACK
2935,X-HLP3-CR-F3-LAY-KEQP-02-002,紧固件/螺栓,DCC-Rack-200x200,200x200 3500x2300(左) DCC-F,DCC-F,Y轴,北区,0.20,0.20,左,158718.81,164241.27,K-CEIL-DCC-RACK
2936,X-HLP3-CR-F3-LAY-KEQP-02-002,紧固件/螺栓,DCC-Rack-200x200,200x200 3500x2300(左) DCC-F,DCC-F,Y轴,北区,0.20,0.20,左,110606.19,164241.27,K-CEIL-DCC-RACK
2937,X-HLP3-CR-F3-LAY-KEQP-02-002,DCC设备,DCC-2923-H,2850x2300(右) DCC,DCC,G/H轴,南中区,2.85,2.30,右,111874.89,48725.0,0-DCC
2938,X-HLP3-CR-F3-LAY-KEQP-02-002,DCC设备,DCC-2923-H,2850x2300(右) DCC,DCC,G/H轴,南中区,2.85,2.30,右,114825.0,48725.0,0-DCC
2939,X-HLP3-CR-F3-LAY-KEQP-02-002,DCC支架,DCC-Rack-150,2850x2300(右) DCC,DCC,G/H轴,南中区,2.85,2.30,右,114500.0,50874.68,K-CEIL-DCC-RACK
2940,X-HLP3-CR-F3-LAY-KEQP-02-002,DCC支架,DCC-Rack-150,2850x2300(右) DCC,DCC,G/H轴,南中区,2.85,2.30,右,108700.0,50874.68,K-CEIL-DCC-RACK
2941,X-HLP3-CR-F3-LAY-KEQP-02-002,紧固件/螺栓,DCC-Rack-200x200,200x200 3500x2300(左) DCC-F,DCC-F,Y轴,北区,0.20,0.20,左,86081.19,164241.27,K-CEIL-DCC-RACK
2942,X-HLP3-CR-F3-LAY-KEQP-02-002,紧固件/螺栓,DCC-Rack-200x200,200x200 3500x2300(左) DCC-F,DCC-F,Y轴,北区,0.20,0.20,左,137118.81,164241.27,K-CEIL-DCC-RACK
2943,X-HLP3-CR-F3-LAY-KEQP-02-002,紧固件/螺栓,DCC-Rack-200x200,200x200 3500x2300(左) DCC-F,DCC-F,Y轴,北区,0.20,0.20,左,89006.19,164241.27,K-CEIL-DCC-RACK
2944,X-HLP3-CR-F3-LAY-KEQP-02-002,DCC设备,DCC-2923-H,2850x2300(左) DCC-C*2,DCC-C*2,R/S轴,北中区,2.85,2.30,左,147875.11,109675.0,0-DCC
2945,X-HLP3-CR-F3-LAY-KEQP-02-002,DCC设备,DCC-2923-H,2850x2300(左) DCC-C*2,DCC-C*2,R/S轴,北中区,2.85,2.30,左,150825.0,109675.0,0-DCC
2946,X-HLP3-CR-F3-LAY-KEQP-02-002,DCC支架,DCC-Rack-150,2850x2300(左) DCC,DCC,Q/R轴,北中区,2.85,2.30,左,144700.0,107525.0,K-CEIL-DCC-RACK
2947,X-HLP3-CR-F3-LAY-KEQP-02-002,DCC支架,DCC-Rack-150,2850x2300(左) DCC,DCC,Q/R轴,北中区,2.85,2.30,左,150500.0,107525.0,K-CEIL-DCC-RACK
2948,X-HLP3-CR-F3-LAY-KEQP-02-002,紧固件/螺栓,DCC-Rack-200x200,200x200 3500x2300(右) DCC-F,DCC-F,A轴,南区,0.20,0.20,右,173143.81,-5791.9,K-CEIL-DCC-RACK
2949,X-HLP3-CR-F3-LAY-KEQP-02-002,紧固件/螺栓,DCC-Rack-200x200,200x200 3500x2300(右) DCC-F*2,DCC-F*2,A轴,南区,0.20,0.20,右,170193.81,-5791.9,K-CEIL-DCC-RACK
2950,X-HLP3-CR-F3-LAY-KEQP-02-002,紧固件/螺栓,DCC-Rack-200x200,200x200 3500x2300(右) DCC-F*2,DCC-F*2,A轴,南区,0.20,0.20,右,167243.81,-5791.9,K-CEIL-DCC-RACK
2951,X-HLP3-CR-F3-LAY-KEQP-02-002,DCC设备,DCC-2923-H,2850x2300(左) DCC-C*2,DCC-C*2,R/S轴,北中区,2.85,2.30,左,155075.11,109675.0,0-DCC
2952,X-HLP3-CR-F3-LAY-KEQP-02-002,DCC设备,DCC-2923-H,2850x2300(左) DCC-C*2,DCC-C*2,R/S轴,北中区,2.85,2.30,左,158025.0,109675.0,0-DCC
2953,X-HLP3-CR-F3-LAY-KEQP-02-002,DCC支架,DCC-Rack-150,2850x2300(左) DCC,DCC,Q/R轴,北中区,2.85,2.30,左,151900.0,107525.0,K-CEIL-DCC-RACK
2954,X-HLP3-CR-F3-LAY-KEQP-02-002,DCC支架,DCC-Rack-150,2850x2300(左) DCC,DCC,Q/R轴,北中区,2.85,2.30,左,157700.0,107525.0,K-CEIL-DCC-RACK
2955,X-HLP3-CR-F3-LAY-KEQP-02-002,紧固件/螺栓,DCC-Rack-200x200,200x200 3500x2300(右) DCC-F,DCC-F,A轴,南区,0.20,0.20,右,180343.81,-5791.9,K-CEIL-DCC-RACK
2956,X-HLP3-CR-F3-LAY-KEQP-02-002,紧固件/螺栓,DCC-Rack-200x200,200x200 3500x2300(右) DCC-F,DCC-F,A轴,南区,0.20,0.20,右,177393.81,-5791.9,K-CEIL-DCC-RACK
2957,X-HLP3-CR-F3-LAY-KEQP-02-002,紧固件/螺栓,DCC-Rack-200x200,200x200 3500x2300(右) DCC-F,DCC-F,A轴,南区,0.20,0.20,右,174443.81,-5791.9,K-CEIL-DCC-RACK
2958,X-HLP3-CR-F3-LAY-KEQP-02-002,DCC设备,DCC-2923-H,2850x2300(左) DCC-C*2,DCC-C*2,R/S轴,北中区,2.85,2.30,左,162275.11,109675.0,0-DCC
2959,X-HLP3-CR-F3-LAY-KEQP-02-002,DCC设备,DCC-2923-H,2850x1800(左) DCC-C*2,DCC-C*2,R/S轴,北中区,2.85,1.80,左,165225.0,109675.0,0-DCC
2960,X-HLP3-CR-F3-LAY-KEQP-02-002,DCC支架,DCC-Rack-150,2850x2300(左) DCC,DCC,Q/R轴,北中区,2.85,2.30,左,159100.0,107525.0,K-CEIL-DCC-RACK
2961,X-HLP3-CR-F3-LAY-KEQP-02-002,DCC支架,DCC-Rack-150,2850x2300(左) DCC,DCC,Q/R轴,北中区,2.85,2.30,左,164900.0,107525.0,K-CEIL-DCC-RACK
2962,X-HLP3-CR-F3-LAY-KEQP-02-002,紧固件/螺栓,DCC-Rack-200x200,200x200 3500x2300(右) DCC-F,DCC-F,A轴,南区,0.20,0.20,右,187543.81,-5791.9,K-CEIL-DCC-RACK
2963,X-HLP3-CR-F3-LAY-KEQP-02-002,紧固件/螺栓,DCC-Rack-200x200,200x200 3500x2300(右) DCC-F,DCC-F,A轴,南区,0.20,0.20,右,184593.81,-5791.9,K-CEIL-DCC-RACK
2964,X-HLP3-CR-F3-LAY-KEQP-02-002,紧固件/螺栓,DCC-Rack-200x200,200x200 3500x2300(右) DCC-F,DCC-F,A轴,南区,0.20,0.20,右,181643.81,-5791.9,K-CEIL-DCC-RACK
2965,X-HLP3-CR-F3-LAY-KEQP-02-002,紧固件/螺栓,DCC-Rack-200x200,200x200 3500x2300(左) DCC-F*2,DCC-F*2,A轴,南区,0.20,0.20,左,137143.81,-5791.9,K-CEIL-DCC-RACK
2966,X-HLP3-CR-F3-LAY-KEQP-02-002,紧固件/螺栓,DCC-Rack-200x200,200x200 3500x2300(左) DCC-F*2,DCC-F*2,A轴,南区,0.20,0.20,左,134193.81,-5791.9,K-CEIL-DCC-RACK
2967,X-HLP3-CR-F3-LAY-KEQP-02-002,DCC支架,DCC-Rack-150,2850x1800(右) DCC-C*2,DCC-C*2,Q/R轴,北中区,2.85,1.80,右,29500.0,107525.0,K-CEIL-DCC-RACK
2968,X-HLP3-CR-F3-LAY-KEQP-02-002,DCC支架,DCC-Rack-150,2850x2600(右) DCC-E*2,DCC-E*2,Q/R轴,北中区,2.85,2.60,右,35300.0,107525.0,K-CEIL-DCC-RACK
2969,X-HLP3-CR-F3-LAY-KEQP-02-002,DCC支架,DCC-Rack-150,2850x1800(右) DCC-C*2,DCC-C*2,Q/R轴,北中区,2.85,1.80,右,42500.0,107525.0,K-CEIL-DCC-RACK
2970,X-HLP3-CR-F3-LAY-KEQP-02-002,DCC支架,DCC-Rack-150,2850x2600(右) DCC-E*2,DCC-E*2,Q/R轴,北中区,2.85,2.60,右,36700.0,107525.0,K-CEIL-DCC-RACK
2971,X-HLP3-CR-F3-LAY-KEQP-02-002,DCC支架,DCC-Rack-150,2850x1800(右) DCC-C*2,DCC-C*2,Q/R轴,北中区,2.85,1.80,右,43900.0,107525.0,K-CEIL-DCC-RACK
2972,X-HLP3-CR-F3-LAY-KEQP-02-002,DCC支架,DCC-Rack-150,2850x2600(右) DCC-E*2,DCC-E*2,Q/R轴,北中区,2.85,2.60,右,49700.0,107525.0,K-CEIL-DCC-RACK
2973,X-HLP3-CR-F3-LAY-KEQP-02-002,DCC支架,DCC-Rack-150,2850x1800(右) DCC-C*2,DCC-C*2,Q/R轴,北中区,2.85,1.80,右,79900.0,107525.0,K-CEIL-DCC-RACK
2974,X-HLP3-CR-F3-LAY-KEQP-02-002,DCC支架,DCC-Rack-150,2850x2600(右) DCC-E*2,DCC-E*2,Q/R轴,北中区,2.85,2.60,右,85700.0,107525.0,K-CEIL-DCC-RACK
2975,X-HLP3-CR-F3-LAY-KEQP-02-002,DCC支架,DCC-Rack-150,2850x2600(右) DCC-E*2,DCC-E*2,Q/R轴,北中区,2.85,2.60,右,87100.0,107525.0,K-CEIL-DCC-RACK
2976,X-HLP3-CR-F3-LAY-KEQP-02-002,DCC支架,DCC-Rack-150,2850x1800(右) DCC-C*2,DCC-C*2,Q/R轴,北中区,2.85,1.80,右,92900.0,107525.0,K-CEIL-DCC-RACK
2977,X-HLP3-CR-F3-LAY-KEQP-02-002,DCC支架,DCC-Rack-150,2850x1800(右) DCC-C*2,DCC-C*2,Q/R轴,北中区,2.85,1.80,右,94300.0,107525.0,K-CEIL-DCC-RACK
2978,X-HLP3-CR-F3-LAY-KEQP-02-002,DCC支架,DCC-Rack-150,2850x1800(右) DCC-E*2,DCC-E*2,Q/R轴,北中区,2.85,1.80,右,100100.0,107525.0,K-CEIL-DCC-RACK
2979,X-HLP3-CR-F3-LAY-KEQP-02-002,DCC支架,DCC-Rack-150,2850x1800(右) DCC-C*2,DCC-C*2,Q/R轴,北中区,2.85,1.80,右,101500.0,107525.0,K-CEIL-DCC-RACK
2980,X-HLP3-CR-F3-LAY-KEQP-02-002,DCC支架,DCC-Rack-150,2850x2600(右) DCC-E*2,DCC-E*2,Q/R轴,北中区,2.85,2.60,右,107300.0,107525.0,K-CEIL-DCC-RACK
2981,X-HLP3-CR-F3-LAY-KEQP-02-002,DCC支架,DCC-Rack-200,2850x2300(右) DCC-D,DCC-D,F/G轴,南区,2.85,2.30,右,198000.0,42739.11,K-CEIL-DCC-RACK
2982,X-HLP3-CR-F3-LAY-KEQP-02-002,DCC支架,DCC-Rack-150,2850x2300(右) DCC-D*2,DCC-D*2,F/G轴,南区,2.85,2.30,右,195100.0,42726.74,K-CEIL-DCC-RACK
2983,X-HLP3-CR-F3-LAY-KEQP-02-002,DCC支架,DCC-Rack-150,2850x1800(左) DCC-D,DCC-D,F/G轴,南区,2.85,1.80,左,200900.0,42726.74,K-CEIL-DCC-RACK
2984,X-HLP3-CR-F3-LAY-KEQP-02-002,DCC设备,DCC-2923-H,2850x2300(左) DCC-D*2,DCC-D*2,R/S轴,北中区,2.85,2.30,左,57225.0,109675.0,0-DCC
2985,X-HLP3-CR-F3-LAY-KEQP-02-002,DCC支架,DCC-Rack-150,2850x2300(左) DCC-D*2,DCC-D*2,Q/R轴,北中区,2.85,2.30,左,51100.0,107525.0,K-CEIL-DCC-RACK
2986,X-HLP3-CR-F3-LAY-KEQP-02-002,DCC支架,DCC-Rack-150,2000*2300(右) DCC,DCC,Q/R轴,北中区,2.00,2.30,右,56900.0,107525.0,K-CEIL-DCC-RACK
2987,X-HLP3-CR-F3-LAY-KEQP-02-002,紧固件/螺栓,DCC-Rack-200x200,200x200 3500x2300(左) DCC-F*2,DCC-F*2,A轴,南区,0.20,0.20,左,79543.81,-5791.9,K-CEIL-DCC-RACK
2988,X-HLP3-CR-F3-LAY-KEQP-02-002,紧固件/螺栓,DCC-Rack-200x200,200x200 3500x2300(左) DCC-F,DCC-F,A轴,南区,0.20,0.20,左,76593.81,-5791.9,K-CEIL-DCC-RACK
2989,X-HLP3-CR-F3-LAY-KEQP-02-002,紧固件/螺栓,DCC-Rack-200x200,200x200 3500x2300(左) DCC-F,DCC-F,A轴,南区,0.20,0.20,左,73643.81,-5791.9,K-CEIL-DCC-RACK
2990,X-HLP3-CR-F3-LAY-KEQP-02-002,DCC设备,DCC-2923-H,2850x2300(右) DCC,DCC,G/H轴,南中区,2.85,2.30,右,57225.0,48725.0,0-DCC
2991,X-HLP3-CR-F3-LAY-KEQP-02-002,DCC支架,DCC-Rack-150,2850x2300(右) DCC-D*2,DCC-D*2,G/H轴,南中区,2.85,2.30,右,51100.0,50875.0,K-CEIL-DCC-RACK
2992,X-HLP3-CR-F3-LAY-KEQP-02-002,DCC支架,DCC-Rack-150,2000*2300(右) DCC,DCC,G/H轴,南中区,2.00,2.30,右,56900.0,50875.0,K-CEIL-DCC-RACK
2993,X-HLP3-CR-F3-LAY-KEQP-02-002,紧固件/螺栓,DCC-Rack-200x200,200x200 3500x2300(左) DCC-F,DCC-F,Y轴,北区,0.20,0.20,左,79543.81,164191.9,K-CEIL-DCC-RACK
2994,X-HLP3-CR-F3-LAY-KEQP-02-002,紧固件/螺栓,DCC-Rack-200x200,200x200 3500x2300(左) DCC-F,DCC-F,Y轴,北区,0.20,0.20,左,76593.81,164191.9,K-CEIL-DCC-RACK
2995,X-HLP3-CR-F3-LAY-KEQP-02-002,紧固件/螺栓,DCC-Rack-200x200,200x200 3500x2300(左) DCC-F,DCC-F,Y轴,北区,0.20,0.20,左,73643.81,164191.9,K-CEIL-DCC-RACK
2996,X-HLP3-CR-F3-LAY-KEQP-02-002,DCC设备,DCC-2023,2000x2300,DCC-2023,Y轴,北区,2.00,2.30,,64541.34,220724.31,0-DCC
2997,X-HLP3-CR-F3-LAY-KEQP-02-002,DCC支架,DCC-Rack-150,2000*2300(右) DCC-B,DCC-B,Q/R轴,北中区,2.00,2.30,右,60900.0,107525.0,K-CEIL-DCC-RACK
2998,X-HLP3-CR-F3-LAY-KEQP-02-002,DCC设备,DCC-2023,2000x2300,DCC-2023,A轴,南区,2.00,2.30,,55250.0,-62324.31,0-DCC
2999,X-HLP3-CR-F3-LAY-KEQP-02-002,DCC支架,DCC-Rack-150,2000*2300(右) DCC-B,DCC-B,G/H轴,南中区,2.00,2.30,右,60900.0,50875.0,K-CEIL-DCC-RACK
3000,X-HLP3-CR-F3-LAY-KEQP-02-002,检修门,MD2-1022,1000x2200 2850x2300(右) DCC-D*2,DCC-D*2,G/H轴,南中区,1.00,2.20,右,50993.49,49584.02,K-PART-DOOR
3001,X-HLP3-CR-F3-LAY-KEQP-02-002,检修门,MD1-1222,MD 1200x2200 DCC-F,DCC-F,X/Y轴,北区,1.20,2.20,,84445.43,155640.6,K-PART-DOOR
3002,X-HLP3-CR-F3-LAY-KEQP-02-002,紧固件/螺栓,DCC-Rack-200x200,200x200,,Y轴,北区,0.20,0.20,,64406.11,271337.59,K-CEIL-DCC-RACK
3003,X-HLP3-CR-F3-LAY-KEQP-02-002,DCC设备,DCC-3523,3500x2300(左) DCC-F,DCC-F,X/Y轴,北区,3.50,2.30,左,13200.0,155671.0,0-DCC
3004,X-HLP3-CR-F3-LAY-KEQP-02-002,DCC设备,DCC-3523,3500x2300(左) DCC-F,DCC-F,X/Y轴,北区,3.50,2.30,左,16800.0,155671.0,0-DCC
3005,X-HLP3-CR-F3-LAY-KEQP-02-002,DCC设备,DCC-3523,3500x2300(左) DCC-F,DCC-F,X/Y轴,北区,3.50,2.30,左,24000.0,155671.0,0-DCC
3006,X-HLP3-CR-F3-LAY-KEQP-02-002,DCC设备,DCC-3523,3500x2300(左) DCC-F,DCC-F,X/Y轴,北区,3.50,2.30,左,45600.0,155671.0,0-DCC
3007,X-HLP3-CR-F3-LAY-KEQP-02-002,DCC设备,DCC-3523,3500x2300(左) DCC-F,DCC-F,X/Y轴,北区,3.50,2.30,左,49200.0,155671.0,0-DCC
3008,X-HLP3-CR-F3-LAY-KEQP-02-002,DCC设备,DCC-3523,3500x2300(左) DCC-F,DCC-F,X/Y轴,北区,3.50,2.30,左,56400.0,155671.0,0-DCC
3009,X-HLP3-CR-F3-LAY-KEQP-02-002,DCC设备,DCC-3523,3500x2300(左) DCC-F,DCC-F,X/Y轴,北区,3.50,2.30,左,60000.0,155671.0,0-DCC
3010,X-HLP3-CR-F3-LAY-KEQP-02-002,DCC设备,DCC-3523,3500x2300(左) DCC-F,DCC-F,X/Y轴,北区,3.50,2.30,左,70800.0,155671.0,0-DCC
3011,X-HLP3-CR-F3-LAY-KEQP-02-002,DCC设备,DCC-3523,3500x2300(左) DCC-F,DCC-F,X/Y轴,北区,3.50,2.30,左,74400.0,155671.0,0-DCC
3012,X-HLP3-CR-F3-LAY-KEQP-02-002,DCC设备,DCC-3523,3500x2300(左) DCC-F,DCC-F,X/Y轴,北区,3.50,2.30,左,78000.0,155671.0,0-DCC
3013,X-HLP3-CR-F3-LAY-KEQP-02-002,DCC设备,DCC-3523,3500x2300(左) DCC-F,DCC-F,X/Y轴,北区,3.50,2.30,左,81600.0,155671.0,0-DCC
3014,X-HLP3-CR-F3-LAY-KEQP-02-002,DCC设备,DCC-3523,3500x2300(左) DCC-F,DCC-F,X/Y轴,北区,3.50,2.30,左,88800.0,155671.0,0-DCC
3015,X-HLP3-CR-F3-LAY-KEQP-02-002,DCC设备,DCC-3523,3500x2300(左) DCC-F,DCC-F,X/Y轴,北区,3.50,2.30,左,92400.0,155671.0,0-DCC
3016,X-HLP3-CR-F3-LAY-KEQP-02-002,DCC支架,DCC-Rack-200,3500x2300(左) DCC-F,DCC-F,X/Y轴,北区,3.50,2.30,左,90600.0,155635.11,K-CEIL-DCC-RACK
3017,X-HLP3-CR-F3-LAY-KEQP-02-002,紧固件/螺栓,DCC-Rack-200x200,200x200,,Y轴,北区,0.20,0.20,,78806.26,271337.59,K-CEIL-DCC-RACK
3018,X-HLP3-CR-F3-LAY-KEQP-02-002,DCC设备,DCC-3523,3500x2300(左) DCC-F,DCC-F,X/Y轴,北区,3.50,2.30,左,96000.07,155671.0,0-DCC
3019,X-HLP3-CR-F3-LAY-KEQP-02-002,DCC设备,DCC-3523,3500x2300(左) DCC-F,DCC-F,X/Y轴,北区,3.50,2.30,左,99600.07,155671.0,0-DCC
3020,X-HLP3-CR-F3-LAY-KEQP-02-002,DCC支架,DCC-Rack-200,3500x2300(左) DCC-F,DCC-F,X/Y轴,北区,3.50,2.30,左,97800.07,155635.11,K-CEIL-DCC-RACK
3021,X-HLP3-CR-F3-LAY-KEQP-02-002,紧固件/螺栓,DCC-Rack-200x200,200x200,,Y轴,北区,0.20,0.20,,86006.34,271337.59,K-CEIL-DCC-RACK
3022,X-HLP3-CR-F3-LAY-KEQP-02-002,DCC设备,DCC-3523,3500x2300(左) DCC-F,DCC-F,X/Y轴,北区,3.50,2.30,左,103200.15,155671.0,0-DCC
3023,X-HLP3-CR-F3-LAY-KEQP-02-002,DCC设备,DCC-3523,3500x2300(左) DCC-F,DCC-F,X/Y轴,北区,3.50,2.30,左,106800.15,155671.0,0-DCC
3024,X-HLP3-CR-F3-LAY-KEQP-02-002,DCC支架,DCC-Rack-200,3500x2300(左) DCC-F,DCC-F,X/Y轴,北区,3.50,2.30,左,105000.15,155635.11,K-CEIL-DCC-RACK
3025,X-HLP3-CR-F3-LAY-KEQP-02-002,DCC设备,DCC-3523,3500x2300(左) DCC-F,DCC-F,X/Y轴,北区,3.50,2.30,左,121199.85,155671.0,0-DCC
3026,X-HLP3-CR-F3-LAY-KEQP-02-002,DCC设备,DCC-3523,3500x2300(左) DCC-F,DCC-F,X/Y轴,北区,3.50,2.30,左,124799.93,155671.0,0-DCC
3027,X-HLP3-CR-F3-LAY-KEQP-02-002,DCC设备,DCC-3523,3500x2300(左) DCC-F,DCC-F,X/Y轴,北区,3.50,2.30,左,128399.93,155671.0,0-DCC
3028,X-HLP3-CR-F3-LAY-KEQP-02-002,DCC支架,DCC-Rack-200,2850x2300(右) DCC-D*2,DCC-D*2,R/S轴,北中区,2.85,2.30,右,46800.0,115661.21,K-CEIL-DCC-RACK
3029,X-HLP3-CR-F3-LAY-KEQP-02-002,DCC支架,DCC-Rack-150,2850x2300(右) DCC-D,DCC-D,R/S轴,北中区,2.85,2.30,右,43900.0,115675.0,K-CEIL-DCC-RACK
3030,X-HLP3-CR-F3-LAY-KEQP-02-002,DCC支架,DCC-Rack-150,2850x2300(右) DCC-D*2,DCC-D*2,R/S轴,北中区,2.85,2.30,右,49700.0,115675.0,K-CEIL-DCC-RACK
3031,X-HLP3-CR-F3-LAY-KEQP-02-002,DCC支架,DCC-Rack-200,2850x2300(右) DCC-D*2,DCC-D*2,R/S轴,北中区,2.85,2.30,右,54000.0,115661.21,K-CEIL-DCC-RACK
3032,X-HLP3-CR-F3-LAY-KEQP-02-002,DCC支架,DCC-Rack-150,2850x2300(右) DCC-D,DCC-D,R/S轴,北中区,2.85,2.30,右,51100.0,115675.0,K-CEIL-DCC-RACK
3033,X-HLP3-CR-F3-LAY-KEQP-02-002,DCC支架,DCC-Rack-150,2850x2300(右) DCC-D*2,DCC-D*2,R/S轴,北中区,2.85,2.30,右,56900.0,115675.0,K-CEIL-DCC-RACK
3034,X-HLP3-CR-F3-LAY-KEQP-02-002,DCC支架,DCC-Rack-200,2850x1800(右) DCC-C*2,DCC-C*2,R/S轴,北中区,2.85,1.80,右,82800.0,115661.21,K-CEIL-DCC-RACK
3035,X-HLP3-CR-F3-LAY-KEQP-02-002,DCC支架,DCC-Rack-150,2850x1800(右) DCC-C,DCC-C,R/S轴,北中区,2.85,1.80,右,79900.0,115675.0,K-CEIL-DCC-RACK
3036,X-HLP3-CR-F3-LAY-KEQP-02-002,DCC支架,DCC-Rack-150,2850x2600(右) DCC-E*2,DCC-E*2,R/S轴,北中区,2.85,2.60,右,85700.0,115675.0,K-CEIL-DCC-RACK
3037,X-HLP3-CR-F3-LAY-KEQP-02-002,DCC支架,DCC-Rack-150,2850x1800(右) DCC-C*2,DCC-C*2,R/S轴,北中区,2.85,1.80,右,144700.0,115675.0,K-CEIL-DCC-RACK
3038,X-HLP3-CR-F3-LAY-KEQP-02-002,DCC设备,DCC-28.5x26,2850x2600,DCC-28,Y轴,北区,2.85,2.60,,122400.11,220022.99,0-DCC
3039,X-HLP3-CR-F3-LAY-KEQP-02-002,DCC支架,DCC-Rack-150,2850x2600(右) DCC-E*2,DCC-E*2,R/S轴,北中区,2.85,2.60,右,157700.0,115676.72,K-CEIL-DCC-RACK
3040,X-HLP3-CR-F3-LAY-KEQP-02-002,DCC支架,DCC-Rack-150,2850x1800(右) DCC-C*2,DCC-C*2,R/S轴,北中区,2.85,1.80,右,151900.0,115675.0,K-CEIL-DCC-RACK
3041,X-HLP3-CR-F3-LAY-KEQP-02-002,DCC设备,DCC-28.5x26,2850x2600,DCC-28,Y轴,北区,2.85,2.60,,184250.11,220022.99,0-DCC
3042,X-HLP3-CR-F3-LAY-KEQP-02-002,DCC支架,DCC-Rack-150,2850x1800(右) DCC-C*2,DCC-C*2,R/S轴,北中区,2.85,1.80,右,222500.0,115676.72,K-CEIL-DCC-RACK
3043,X-HLP3-CR-F3-LAY-KEQP-02-002,DCC支架,DCC-Rack-150,2850x2600(右) DCC-E*2,DCC-E*2,R/S轴,北中区,2.85,2.60,右,216700.0,115675.0,K-CEIL-DCC-RACK
3044,X-HLP3-CR-F3-LAY-KEQP-02-002,DCC支架,DCC-Rack-200,3500x2300(右) DCC-F,DCC-F,A/B轴,南区,3.50,2.30,右,205800.0,2761.79,K-CEIL-DCC-RACK
3045,X-HLP3-CR-F3-LAY-KEQP-02-002,DCC支架,DCC-Rack-200,MD 1200x2200 DCC-F*2,DCC-F*2,A/B轴,南区,1.20,2.20,,198600.0,2765.57,K-CEIL-DCC-RACK
3046,X-HLP3-CR-F3-LAY-KEQP-02-002,检修门,MD1-1222,MD 1200x2200 DCC-F*2,DCC-F*2,A/B轴,南区,1.20,2.20,,199645.43,2745.6,K-PART-DOOR
3047,X-HLP3-CR-F3-LAY-KEQP-02-002,紧固件/螺栓,DCC-Rack-200x200,200x200 2850x1800(右) DCC-C*2,DCC-C*2,S/T轴,北中区,0.20,0.20,右,122006.19,118596.27,K-CEIL-DCC-RACK
3048,X-HLP3-CR-F3-LAY-KEQP-02-002,DCC支架,DCC-Rack-200,MD 1200x2200 DCC-F,DCC-F,A/B轴,南区,1.20,2.20,,140999.85,2765.57,K-CEIL-DCC-RACK
3049,X-HLP3-CR-F3-LAY-KEQP-02-002,DCC支架,DCC-Rack-200,MD 1200x2200 DCC-F*2,DCC-F*2,A/B轴,南区,1.20,2.20,,25800.0,2765.26,K-CEIL-DCC-RACK
3050,X-HLP3-CR-F3-LAY-KEQP-02-002,紧固件/螺栓,DCC-Rack-200x200,200x200 2850x1800(右) DCC-C*2,DCC-C*2,S/T轴,北中区,0.20,0.20,右,6806.19,118595.64,K-CEIL-DCC-RACK
3051,X-HLP3-CR-F3-LAY-KEQP-02-002,DCC支架,DCC-Rack-200,MD 1200x2200 DCC-F*2,DCC-F*2,A/B轴,南区,1.20,2.20,,83400.0,2764.94,K-CEIL-DCC-RACK
3052,X-HLP3-CR-F3-LAY-KEQP-02-002,检修门,MD1-1222,MD 1200x2200 DCC-F*2,DCC-F*2,A/B轴,南区,1.20,2.20,,26845.43,2755.97,K-PART-DOOR
3053,X-HLP3-CR-F3-LAY-KEQP-02-002,其他,200x75,20000x7500 2850x2600(右) DCC-E*2,DCC-E*2,Q/R轴,北中区,0.00,7.50,右,4500.0,108011.79,Cloud-20250416
3054,X-HLP3-CR-F3-LAY-KEQP-02-002,检修门,MD2-1022,1000x2200 2850x2600(右) DCC-E*2,DCC-E*2,Q/R轴,北中区,1.00,2.20,右,5659.02,107981.01,K-PART-DOOR
3055,X-HLP3-CR-F3-LAY-KEQP-02-002,其他,200x75,20000x7500 2850x2600(右) DCC-E*2,DCC-E*2,Q/R轴,北中区,0.00,7.50,右,10875.0,108011.79,Cloud-20250416
3056,X-HLP3-CR-F3-LAY-KEQP-02-002,DCC支架,DCC-Rack-150,2850x1800(右) DCC-C*2,DCC-C*2,G/H轴,南中区,2.85,1.80,右,29500.0,50875.0,K-CEIL-DCC-RACK
3057,X-HLP3-CR-F3-LAY-KEQP-02-002,DCC支架,DCC-Rack-150,2850x1800(右) DCC-E*2,DCC-E*2,G/H轴,南中区,2.85,1.80,右,35300.0,50875.0,K-CEIL-DCC-RACK
3058,X-HLP3-CR-F3-LAY-KEQP-02-002,DCC支架,DCC-Rack-150,2850x1800(右) DCC-C*2,DCC-C*2,G/H轴,南中区,2.85,1.80,右,36700.0,50875.0,K-CEIL-DCC-RACK
3059,X-HLP3-CR-F3-LAY-KEQP-02-002,DCC支架,DCC-Rack-150,2850x1800(右) DCC-E*2,DCC-E*2,G/H轴,南中区,2.85,1.80,右,42500.0,50875.0,K-CEIL-DCC-RACK
3060,X-HLP3-CR-F3-LAY-KEQP-02-002,DCC支架,DCC-Rack-150,2850x1800(右) DCC-C*2,DCC-C*2,G/H轴,南中区,2.85,1.80,右,43900.0,50875.0,K-CEIL-DCC-RACK
3061,X-HLP3-CR-F3-LAY-KEQP-02-002,DCC支架,DCC-Rack-150,2850x2600(右) DCC-E*2,DCC-E*2,G/H轴,南中区,2.85,2.60,右,49700.0,50875.0,K-CEIL-DCC-RACK
3062,X-HLP3-CR-F3-LAY-KEQP-02-002,DCC支架,DCC-Rack-150,2850x2600(右) DCC-E*2,DCC-E*2,G/H轴,南中区,2.85,2.60,右,215300.0,50875.0,K-CEIL-DCC-RACK
3063,X-HLP3-CR-F3-LAY-KEQP-02-002,DCC支架,DCC-Rack-150,2850x2600(右) DCC-E,DCC-E,G/H轴,南中区,2.85,2.60,右,209500.0,50875.0,K-CEIL-DCC-RACK
3064,X-HLP3-CR-F3-LAY-KEQP-02-002,DCC支架,DCC-Rack-150,2850x2300(右) DCC-C*2,DCC-C*2,G/H轴,南中区,2.85,2.30,右,222500.0,50875.0,K-CEIL-DCC-RACK
3065,X-HLP3-CR-F3-LAY-KEQP-02-002,DCC支架,DCC-Rack-150,2850x2600(右) DCC-E,DCC-E,G/H轴,南中区,2.85,2.60,右,216700.0,50875.0,K-CEIL-DCC-RACK
3066,X-HLP3-CR-F3-LAY-KEQP-02-002,DCC支架,DCC-Rack-200,3500x2300(左) DCC-F*2,DCC-F*2,X/Y轴,北区,3.50,2.30,左,40200.0,155635.11,K-CEIL-DCC-RACK
3067,X-HLP3-CR-F3-LAY-KEQP-02-002,DCC支架,DCC-Rack-200,MD 1200x2200 DCC-F*2,DCC-F*2,X/Y轴,北区,1.20,2.20,,33000.0,155635.11,K-CEIL-DCC-RACK
3068,X-HLP3-CR-F3-LAY-KEQP-02-002,检修门,MD1-1222,MD 1200x2200 DCC-F*2,DCC-F*2,X/Y轴,北区,1.20,2.20,,34045.43,155644.41,K-PART-DOOR
3069,X-HLP3-CR-F3-LAY-KEQP-02-002,DCC支架,DCC-Rack-200,3500x2300(右) DCC-F,DCC-F,A/B轴,南区,3.50,2.30,右,162602.18,2765.57,K-CEIL-DCC-RACK
3070,X-HLP3-CR-F3-LAY-KEQP-02-002,检修门,MD2-1022,1000x2200 2850x2300(右) DCC-D*2,DCC-D*2,R/S轴,北中区,1.00,2.20,右,29615.98,115693.99,K-PART-DOOR
3071,X-HLP3-CR-F3-LAY-KEQP-02-002,DCC支架,DCC-Rack-150,2850x2300(右) DCC-D*2,DCC-D*2,R/S轴,北中区,2.85,2.30,右,29500.0,115675.0,K-CEIL-DCC-RACK
3072,X-HLP3-CR-F3-LAY-KEQP-02-002,检修门,MD2-1022,1000x2200 2850x1800(右) DCC-C*2,DCC-C*2,G/H轴,南中区,1.00,2.20,右,158569.57,45704.02,K-PART-DOOR
3073,X-HLP3-CR-F3-LAY-KEQP-02-002,检修门,MD2-1022,1000x2200 2850x1800(左) DCC-C*2,DCC-C*2,L/M轴,北中区,1.00,2.20,左,2968.16,79834.02,K-PART-DOOR
3074,X-HLP3-CR-F3-LAY-KEQP-02-002,检修门,MD1-1222,MD 1200x2200 DCC-F,DCC-F,X/Y轴,北区,1.20,2.20,,170845.31,155648.4,K-PART-DOOR
3075,X-HLP3-CR-F3-LAY-KEQP-02-002,检修门,MD1-1222,MD 1200x2200 DCC-F,DCC-F,X/Y轴,北区,1.20,2.20,,199645.2,155644.4,K-PART-DOOR
3076,X-HLP3-CR-F3-LAY-KEQP-02-002,检修门,MD1-1222,MD 1200x2200 DCC-F,DCC-F,X/Y轴,北区,1.20,2.20,,228445.43,155644.4,K-PART-DOOR
3077,X-HLP3-CR-F3-LAY-KEQP-02-002,检修门,MD1-1222,MD 1200x2200 DCC-F*2,DCC-F*2,A/B轴,南区,1.20,2.20,,55645.43,2755.65,K-PART-DOOR
3078,X-HLP3-CR-F3-LAY-KEQP-02-002,检修门,MD1-1222,MD 1200x2200 DCC-F*2,DCC-F*2,A/B轴,南区,1.20,2.20,,84445.43,2755.65,K-PART-DOOR
3079,X-HLP3-CR-F3-LAY-KEQP-02-002,检修门,MD1-1222,MD 1200x2200 DCC-F,DCC-F,A/B轴,南区,1.20,2.20,,113245.67,2755.97,K-PART-DOOR
3080,X-HLP3-CR-F3-LAY-KEQP-02-002,检修门,MD1-1222,MD 1200x2200 DCC-F,DCC-F,A/B轴,南区,1.20,2.20,,142045.28,2756.28,K-PART-DOOR
3081,X-HLP3-CR-F3-LAY-KEQP-02-002,检修门,MD1-1222,MD 1200x2200 DCC-F,DCC-F,A/B轴,南区,1.20,2.20,,228445.43,2752.5,K-PART-DOOR
3082,X-HLP3-CR-F3-LAY-KEQP-02-002,DCC支架,DCC-Rack-200,MD 1200x2200 DCC-F,DCC-F,A/B轴,南区,1.20,2.20,,227400.0,2761.79,K-CEIL-DCC-RACK
3083,X-HLP3-CR-F3-LAY-KEQP-02-002,DCC设备,DCC-28.5x26,2850x2600,DCC-28,Y轴,北区,2.85,2.60,,-28775.0,220020.95,0-DCC
3084,X-HLP3-CR-F3-LAY-KEQP-02-002,DCC设备,DCC-28.5x26,2850x2600,DCC-28,A轴,南区,2.85,2.60,,108000.0,-61621.56,0-DCC
3085,X-HLP3-CR-F3-LAY-KEQP-02-002,DCC支架,DCC-Rack-150,2850x2600(右) DCC-E*2,DCC-E*2,F/G轴,南区,2.85,2.60,右,143300.0,42725.01,K-CEIL-DCC-RACK
3086,X-HLP3-CR-F3-LAY-KEQP-02-002,DCC支架,DCC-Rack-150,2850x1800(左) DCC-C*2,DCC-C*2,F/G轴,南区,2.85,1.80,左,137500.0,42726.74,K-CEIL-DCC-RACK
3087,X-HLP3-CR-F3-LAY-KEQP-02-002,检修门,MD1-1222,MD 1200x2200 DCC-F*2,DCC-F*2,A/B轴,南区,1.20,2.20,,170845.43,2755.97,K-PART-DOOR
3088,X-HLP3-CR-F3-LAY-KEQP-02-002,DCC设备,DCC-28.5x26,2850x2600,DCC-28,A轴,南区,2.85,2.60,,153500.0,-61622.99,0-DCC
3089,X-HLP3-CR-F3-LAY-KEQP-02-002,DCC支架,DCC-Rack-200,2850x2300(右) DCC-D*2,DCC-D*2,G/H轴,南中区,2.85,2.30,右,226800.0,50860.57,K-CEIL-DCC-RACK
3090,X-HLP3-CR-F3-LAY-KEQP-02-002,DCC支架,DCC-Rack-150,2850x2300(右) DCC-D*2,DCC-D*2,G/H轴,南中区,2.85,2.30,右,223900.0,50874.68,K-CEIL-DCC-RACK
3091,X-HLP3-CR-F3-LAY-KEQP-02-002,DCC支架,DCC-Rack-150,2365x765 DCC,DCC,G/H轴,南中区,2.37,0.77,,229700.0,50574.68,K-CEIL-DCC-RACK
3092,X-HLP3-CR-F3-LAY-KEQP-02-002,DCC支架,DCC-Rack-200,3500x2300(左) DCC-F,DCC-F,X/Y轴,北区,3.50,2.30,左,11400.0,155635.11,0-A-C200X100X35X3.0
3093,X-HLP3-CR-F3-LAY-KEQP-02-002,紧固件/螺栓,DCC-Rack-200x200,200x200,,Y轴,北区,0.20,0.20,,-7593.81,271337.59,K-CEIL-DCC-RACK
3094,X-HLP3-CR-F3-LAY-KEQP-02-002,DCC支架,DCC-Rack-200,3500x2300(左) DCC-F,DCC-F,X/Y轴,北区,3.50,2.30,左,18600.0,155635.11,0-A-C200X100X35X3.0
3095,X-HLP3-CR-F3-LAY-KEQP-02-002,DCC支架,DCC-Rack-200,3500x2300(左) DCC-F,DCC-F,X/Y轴,北区,3.50,2.30,左,213000.0,155635.11,K-CEIL-DCC-RACK
3096,X-HLP3-CR-F3-LAY-KEQP-02-002,DCC支架,DCC-Rack-200,3500x2300(左) DCC-F,DCC-F,X/Y轴,北区,3.50,2.30,左,205806.99,155635.11,K-CEIL-DCC-RACK
3097,X-HLP3-CR-F3-LAY-KEQP-02-002,紧固件/螺栓,DCC-Rack-200x200,200x200,,Y轴,北区,0.20,0.20,,231993.81,271337.59,K-CEIL-DCC-RACK
3098,X-HLP3-CR-F3-LAY-KEQP-02-002,紧固件/螺栓,DCC-Rack-200x200,200x200,,Y轴,北区,0.20,0.20,,239193.81,271337.59,K-CEIL-DCC-RACK
3099,X-HLP3-CR-F3-LAY-KEQP-02-002,DCC支架,DCC-Rack-200,3500x2300(左) DCC-F,DCC-F,X/Y轴,北区,3.50,2.30,左,220206.99,155635.11,K-CEIL-DCC-RACK
3100,X-HLP3-CR-F3-LAY-KEQP-02-002,紧固件/螺栓,DCC-Rack-200x200,200x200,,Y轴,北区,0.20,0.20,,246393.81,271337.59,K-CEIL-DCC-RACK
3101,X-HLP3-CR-F3-LAY-KEQP-02-002,DCC支架,DCC-Rack-200,MD 1200x2200 DCC-F,DCC-F,X/Y轴,北区,1.20,2.20,,227400.0,155635.11,K-CEIL-DCC-RACK
3102,X-HLP3-CR-F3-LAY-KEQP-02-002,DCC设备,DCC-2026,2000x2600 3500x2300(左) DCC-F,DCC-F,X/Y轴,北区,2.00,2.60,左,105050.0,155221.26,0-DCC
3103,X-HLP3-CR-F3-LAY-KEQP-02-002,DCC支架,DCC-Rack-200,MD 1200x2200 DCC-F,DCC-F,A/B轴,南区,1.20,2.20,,112200.24,2765.26,K-CEIL-DCC-RACK
3104,X-HLP3-CR-F3-LAY-KEQP-02-002,DCC支架,DCC-Rack-200,MD 1200x2200 DCC-F,DCC-F,X/Y轴,北区,1.20,2.20,,198599.77,155635.11,K-CEIL-DCC-RACK
3105,X-HLP3-CR-F3-LAY-KEQP-02-002,DCC支架,DCC-Rack-200,2850x2600(右) DCC-E,DCC-E,R/S轴,北中区,2.85,2.60,右,90000.0,115661.21,K-CEIL-DCC-RACK
3106,X-HLP3-CR-F3-LAY-KEQP-02-002,DCC支架,DCC-Rack-200,2850x2600(右) DCC-E*2,DCC-E*2,R/S轴,北中区,2.85,2.60,右,97200.11,115660.89,K-CEIL-DCC-RACK
3107,X-HLP3-CR-F3-LAY-KEQP-02-002,DCC支架,DCC-Rack-200,2850x1800(右) DCC-C,DCC-C,R/S轴,北中区,2.85,1.80,右,205174.64,115659.17,K-CEIL-DCC-RACK
3108,X-HLP3-CR-F3-LAY-KEQP-02-002,DCC支架,DCC-Rack-200,2850x2600(右) DCC-E*2,DCC-E*2,R/S轴,北中区,2.85,2.60,右,226774.64,115659.17,K-CEIL-DCC-RACK
3109,X-HLP3-CR-F3-LAY-KEQP-02-002,DCC支架,DCC-Rack-200,2850x2600(右) DCC-E*2,DCC-E*2,R/S轴,北中区,2.85,2.60,右,3625.0,115660.89,K-CEIL-DCC-RACK
3110,X-HLP3-CR-F3-LAY-KEQP-02-002,DCC支架,DCC-Rack-200,2850x1800(右) DCC-C*2,DCC-C*2,R/S轴,北中区,2.85,1.80,右,73491.34,115660.89,K-CEIL-DCC-RACK
3111,X-HLP3-CR-F3-LAY-KEQP-02-002,DCC支架,DCC-Rack-200,2850x1800(右) DCC-C*2,DCC-C*2,R/S轴,北中区,2.85,1.80,右,118106.0,115660.89,K-CEIL-DCC-RACK
3112,X-HLP3-CR-F3-LAY-KEQP-02-002,DCC支架,DCC-Rack-200,2850x2600(右) DCC-E,DCC-E,R/S轴,北中区,2.85,2.60,右,133175.0,115660.89,K-CEIL-DCC-RACK
3113,X-HLP3-CR-F3-LAY-KEQP-02-002,DCC支架,DCC-Rack-200,2850x1800(右) DCC-C*2,DCC-C*2,R/S轴,北中区,2.85,1.80,右,198000.0,115661.21,K-CEIL-DCC-RACK
3114,X-HLP3-CR-F3-LAY-KEQP-02-002,DCC支架,DCC-Rack-150,2850x2600(右) DCC-E*2,DCC-E*2,Q/R轴,北中区,2.85,2.60,右,1525.0,107989.24,K-CEIL-DCC-RACK
3115,X-HLP3-CR-F3-LAY-KEQP-02-002,DCC支架,DCC-Rack-150,2850x2600(右) DCC-E*2,DCC-E*2,Q/R轴,北中区,2.85,2.60,右,7900.0,107989.24,K-CEIL-DCC-RACK
3116,X-HLP3-CR-F3-LAY-KEQP-02-002,DCC支架,DCC-Rack-200,2000*2300(右) DCC-B,DCC-B,Q/R轴,北中区,2.00,2.30,右,58841.23,107539.11,K-CEIL-DCC-RACK
3117,X-HLP3-CR-F3-LAY-KEQP-02-002,DCC支架,DCC-Rack-150,2000*2300(左) DCC,DCC,Q/R轴,北中区,2.00,2.30,左,191100.0,107525.0,K-CEIL-DCC-RACK
3118,X-HLP3-CR-F3-LAY-KEQP-02-002,DCC支架,DCC-Rack-150,2850x2300(左) DCC,DCC,Q/R轴,北中区,2.85,2.30,左,132875.0,107525.0,K-CEIL-DCC-RACK
3119,X-HLP3-CR-F3-LAY-KEQP-02-002,DCC支架,DCC-Rack-200,2000*2300(右) DCC-B,DCC-B,G/H轴,南中区,2.00,2.30,右,58850.0,50859.17,K-CEIL-DCC-RACK
3120,X-HLP3-CR-F3-LAY-KEQP-02-002,DCC支架,DCC-Rack-150,2000*2300(左) DCC,DCC,G/H轴,南中区,2.00,2.30,左,191000.0,50874.68,K-CEIL-DCC-RACK
3121,X-HLP3-CR-F3-LAY-KEQP-02-002,DCC支架,DCC-Rack-200,2850x2300(右) DCC-E*2,DCC-E*2,F/G轴,南区,2.85,2.30,右,118145.79,42739.11,K-CEIL-DCC-RACK
3122,X-HLP3-CR-F3-LAY-KEQP-02-002,DCC支架,DCC-Rack-200,2850x1800(左) DCC-C*2,DCC-C*2,F/G轴,南区,2.85,1.80,左,133199.89,42740.53,K-CEIL-DCC-RACK
3123,X-HLP3-CR-F3-LAY-KEQP-02-002,DCC支架,DCC-Rack-200,2850x2300(左) DCC-D*2,DCC-D*2,F/G轴,南区,2.85,2.30,左,46800.0,42739.11,K-CEIL-DCC-RACK
3124,X-HLP3-CR-F3-LAY-KEQP-02-002,DCC支架,DCC-Rack-200,2000*2300(左) DCC-B,DCC-B,F/G轴,南区,2.00,2.30,左,60358.66,42740.85,K-CEIL-DCC-RACK
3125,X-HLP3-CR-F3-LAY-KEQP-02-002,DCC支架,DCC-Rack-200,2850x2300(右) DCC-D*2,DCC-D*2,F/G轴,南区,2.85,2.30,右,76250.0,42739.43,K-CEIL-DCC-RACK
3126,X-HLP3-CR-F3-LAY-KEQP-02-002,DCC支架,DCC-Rack-200,2850x2300(右) DCC-D*2,DCC-D*2,F/G轴,南区,2.85,2.30,右,175550.0,42739.11,K-CEIL-DCC-RACK
3127,X-HLP3-CR-F3-LAY-KEQP-02-002,紧固件/螺栓,M12,,,Q/R轴,北中区,,,,-187553.42,106859.53,0
3128,X-HLP3-CR-F3-LAY-KEQP-02-002,紧固件/螺栓,M12,,,Q/R轴,北中区,,,,-187825.45,106859.53,0
3129,X-HLP3-CR-F3-LAY-KEQP-02-002,紧固件/螺栓,M12,,,R/S轴,北中区,,,,-187825.45,112910.01,0
3130,X-HLP3-CR-F3-LAY-KEQP-02-002,紧固件/螺栓,M12,,,R/S轴,北中区,,,,-187553.42,112910.01,0
3131,X-HLP3-CR-F3-LAY-KEQP-02-002,紧固件/螺栓,M12,,,Q/R轴,北中区,,,,-185053.04,106859.53,0
3132,X-HLP3-CR-F3-LAY-KEQP-02-002,紧固件/螺栓,M12,,,Q/R轴,北中区,,,,-185325.08,106859.53,0
3133,X-HLP3-CR-F3-LAY-KEQP-02-002,紧固件/螺栓,H10_40,,,Q/R轴,北中区,,,,-185126.56,106824.01,ANCHOR BOLTS
3134,X-HLP3-CR-F3-LAY-KEQP-02-002,DCC隔断/门,DCC-SEC-2300,2300x0,,R/S轴,北中区,,,,-185555.61,111915.05,0-DCC
3135,X-HLP3-CR-F3-LAY-KEQP-02-002,DCC隔断/门,DCC-SEC-2300,2300x0,,R/S轴,北中区,,,,-184861.25,109526.79,0-DCC
3136,X-HLP3-CR-F3-LAY-KEQP-02-002,紧固件/螺栓,X-HL-SM-F1-SEC-00-01$0$A$C4EA80240,200x4000,,R/S轴,北中区,0.20,4.00,,-185074.37,109730.95,X-HL-SM-F1-SEC-00-01$0$BOLTS
3137,X-HLP3-CR-F3-LAY-KEQP-02-002,紧固件/螺栓,X-HL-SM-F1-SEC-00-01$0$A$C147C6879,6800x7900,,R/S轴,北中区,6.80,7.90,,-185101.66,109729.63,X-HL-SM-F1-SEC-00-01$0$BOLTS
3138,X-HLP3-CR-F3-LAY-KEQP-02-002,紧固件/螺栓,X-HL-SM-F1-SEC-00-01$0$A$C4EA80240,200x4000,,R/S轴,北中区,0.20,4.00,,-185074.37,109992.13,X-HL-SM-F1-SEC-00-01$0$BOLTS
3139,X-HLP3-CR-F3-LAY-KEQP-02-002,紧固件/螺栓,X-HL-SM-F1-SEC-00-01$0$A$C147C6879,6800x7900,,R/S轴,北中区,6.80,7.90,,-185101.66,109990.81,X-HL-SM-F1-SEC-00-01$0$BOLTS
3140,X-HLP3-CR-F3-LAY-KEQP-02-002,紧固件/螺栓,X-HL-SM-F1-SEC-00-01$0$A$C4EA80240,200x4000,,R/S轴,北中区,0.20,4.00,,-185074.37,110253.32,X-HL-SM-F1-SEC-00-01$0$BOLTS
3141,X-HLP3-CR-F3-LAY-KEQP-02-002,紧固件/螺栓,X-HL-SM-F1-SEC-00-01$0$A$C147C6879,6800x7900,,R/S轴,北中区,6.80,7.90,,-185101.66,110252.0,X-HL-SM-F1-SEC-00-01$0$BOLTS
3142,X-HLP3-CR-F3-LAY-KEQP-02-002,紧固件/螺栓,X-HL-SM-F1-SEC-00-01$0$A$C4EA80240,200x4000,,R/S轴,北中区,0.20,4.00,,-185074.37,110514.51,X-HL-SM-F1-SEC-00-01$0$BOLTS
3143,X-HLP3-CR-F3-LAY-KEQP-02-002,紧固件/螺栓,X-HL-SM-F1-SEC-00-01$0$A$C147C6879,6800x7900,,R/S轴,北中区,6.80,7.90,,-185101.66,110513.19,X-HL-SM-F1-SEC-00-01$0$BOLTS
3144,X-HLP3-CR-F3-LAY-KEQP-02-002,紧固件/螺栓,X-HL-SM-F1-SEC-00-01$0$A$C4EA80240,200x4000,,R/S轴,北中区,0.20,4.00,,-185074.37,110775.7,X-HL-SM-F1-SEC-00-01$0$BOLTS
3145,X-HLP3-CR-F3-LAY-KEQP-02-002,紧固件/螺栓,X-HL-SM-F1-SEC-00-01$0$A$C147C6879,6800x7900,,R/S轴,北中区,6.80,7.90,,-185101.66,110774.38,X-HL-SM-F1-SEC-00-01$0$BOLTS
3146,X-HLP3-CR-F3-LAY-KEQP-02-002,紧固件/螺栓,X-HL-SM-F1-SEC-00-01$0$A$C4EA80240,200x4000,,R/S轴,北中区,0.20,4.00,,-185074.37,111036.88,X-HL-SM-F1-SEC-00-01$0$BOLTS
3147,X-HLP3-CR-F3-LAY-KEQP-02-002,紧固件/螺栓,X-HL-SM-F1-SEC-00-01$0$A$C147C6879,6800x7900,,R/S轴,北中区,6.80,7.90,,-185101.66,111035.56,X-HL-SM-F1-SEC-00-01$0$BOLTS
3148,X-HLP3-CR-F3-LAY-KEQP-02-002,紧固件/螺栓,X-HL-SM-F1-SEC-00-01$0$A$C4EA80240,200x4000,,R/S轴,北中区,0.20,4.00,,-185074.37,111298.07,X-HL-SM-F1-SEC-00-01$0$BOLTS
3149,X-HLP3-CR-F3-LAY-KEQP-02-002,紧固件/螺栓,X-HL-SM-F1-SEC-00-01$0$A$C147C6879,6800x7900,,R/S轴,北中区,6.80,7.90,,-185101.66,111296.75,X-HL-SM-F1-SEC-00-01$0$BOLTS
3150,X-HLP3-CR-F3-LAY-KEQP-02-002,紧固件/螺栓,X-HL-SM-F1-SEC-00-01$0$A$C4EA80240,200x4000,,Q/R轴,北中区,0.20,4.00,,-185074.37,107360.95,X-HL-SM-F1-SEC-00-01$0$BOLTS
3151,X-HLP3-CR-F3-LAY-KEQP-02-002,紧固件/螺栓,X-HL-SM-F1-SEC-00-01$0$A$C147C6879,6800x7900,,Q/R轴,北中区,6.80,7.90,,-185101.66,107359.63,X-HL-SM-F1-SEC-00-01$0$BOLTS
3152,X-HLP3-CR-F3-LAY-KEQP-02-002,紧固件/螺栓,X-HL-SM-F1-SEC-00-01$0$A$C4EA80240,200x4000,,Q/R轴,北中区,0.20,4.00,,-185074.37,107622.13,X-HL-SM-F1-SEC-00-01$0$BOLTS
3153,X-HLP3-CR-F3-LAY-KEQP-02-002,紧固件/螺栓,X-HL-SM-F1-SEC-00-01$0$A$C147C6879,6800x7900,,Q/R轴,北中区,6.80,7.90,,-185101.66,107620.81,X-HL-SM-F1-SEC-00-01$0$BOLTS
3154,X-HLP3-CR-F3-LAY-KEQP-02-002,紧固件/螺栓,X-HL-SM-F1-SEC-00-01$0$A$C4EA80240,200x4000,,Q/R轴,北中区,0.20,4.00,,-185074.37,107883.32,X-HL-SM-F1-SEC-00-01$0$BOLTS
3155,X-HLP3-CR-F3-LAY-KEQP-02-002,紧固件/螺栓,X-HL-SM-F1-SEC-00-01$0$A$C147C6879,6800x7900,,Q/R轴,北中区,6.80,7.90,,-185101.66,107882.0,X-HL-SM-F1-SEC-00-01$0$BOLTS
3156,X-HLP3-CR-F3-LAY-KEQP-02-002,紧固件/螺栓,X-HL-SM-F1-SEC-00-01$0$A$C4EA80240,200x4000,,Q/R轴,北中区,0.20,4.00,,-185074.37,108144.51,X-HL-SM-F1-SEC-00-01$0$BOLTS
3157,X-HLP3-CR-F3-LAY-KEQP-02-002,紧固件/螺栓,X-HL-SM-F1-SEC-00-01$0$A$C147C6879,6800x7900,,Q/R轴,北中区,6.80,7.90,,-185101.66,108143.19,X-HL-SM-F1-SEC-00-01$0$BOLTS
3158,X-HLP3-CR-F3-LAY-KEQP-02-002,紧固件/螺栓,X-HL-SM-F1-SEC-00-01$0$A$C4EA80240,200x4000,,Q/R轴,北中区,0.20,4.00,,-185074.37,108405.7,X-HL-SM-F1-SEC-00-01$0$BOLTS
3159,X-HLP3-CR-F3-LAY-KEQP-02-002,紧固件/螺栓,X-HL-SM-F1-SEC-00-01$0$A$C147C6879,6800x7900,,Q/R轴,北中区,6.80,7.90,,-185101.66,108404.38,X-HL-SM-F1-SEC-00-01$0$BOLTS
3160,X-HLP3-CR-F3-LAY-KEQP-02-002,紧固件/螺栓,X-HL-SM-F1-SEC-00-01$0$A$C4EA80240,200x4000,,Q/R轴,北中区,0.20,4.00,,-185074.37,108666.88,X-HL-SM-F1-SEC-00-01$0$BOLTS
3161,X-HLP3-CR-F3-LAY-KEQP-02-002,紧固件/螺栓,X-HL-SM-F1-SEC-00-01$0$A$C147C6879,6800x7900,,Q/R轴,北中区,6.80,7.90,,-185101.66,108665.56,X-HL-SM-F1-SEC-00-01$0$BOLTS
3162,X-HLP3-CR-F3-LAY-KEQP-02-002,紧固件/螺栓,X-HL-SM-F1-SEC-00-01$0$A$C4EA80240,200x4000,,Q/R轴,北中区,0.20,4.00,,-185074.37,108928.07,X-HL-SM-F1-SEC-00-01$0$BOLTS
3163,X-HLP3-CR-F3-LAY-KEQP-02-002,紧固件/螺栓,X-HL-SM-F1-SEC-00-01$0$A$C147C6879,6800x7900,,Q/R轴,北中区,6.80,7.90,,-185101.66,108926.75,X-HL-SM-F1-SEC-00-01$0$BOLTS
3164,X-HLP3-CR-F3-LAY-KEQP-02-002,DCC隔断/门,DCC-SEC-2300,2300x0,,Q/R轴,北中区,,,,-184861.25,107166.79,0-DCC
3165,X-HLP3-CR-F3-LAY-KEQP-02-002,紧固件/螺栓,X-HL-SM-F1-SEC-00-01$0$A$C4EA80240,200x4000,,R/S轴,北中区,0.20,4.00,,-185073.87,109469.76,X-HL-SM-F1-SEC-00-01$0$BOLTS
3166,X-HLP3-CR-F3-LAY-KEQP-02-002,紧固件/螺栓,X-HL-SM-F1-SEC-00-01$0$A$C147C6879,6800x7900,,R/S轴,北中区,6.80,7.90,,-185101.16,109468.44,X-HL-SM-F1-SEC-00-01$0$BOLTS
3167,X-HLP3-CR-F3-LAY-KEQP-02-002,紧固件/螺栓,X-HL-SM-F1-SEC-00-01$0$A$C4EA80240,200x4000,,Q/R轴,北中区,0.20,4.00,,-185074.37,107099.76,X-HL-SM-F1-SEC-00-01$0$BOLTS
3168,X-HLP3-CR-F3-LAY-KEQP-02-002,紧固件/螺栓,X-HL-SM-F1-SEC-00-01$0$A$C147C6879,6800x7900,,Q/R轴,北中区,6.80,7.90,,-185101.66,107098.44,X-HL-SM-F1-SEC-00-01$0$BOLTS
3169,X-HLP3-CR-F3-LAY-KEQP-02-002,紧固件/螺栓,X-HL-SM-F1-SEC-00-01$0$A$C4EA80240,200x4000,,Q/R轴,北中区,0.20,4.00,,-185066.37,106946.3,X-HL-SM-F1-SEC-00-01$0$BOLTS
3170,X-HLP3-CR-F3-LAY-KEQP-02-002,紧固件/螺栓,X-HL-SM-F1-SEC-00-01$0$A$C147C6879,6800x7900,,Q/R轴,北中区,6.80,7.90,,-185102.66,106944.98,X-HL-SM-F1-SEC-00-01$0$BOLTS
3171,X-HLP3-CR-F3-LAY-KEQP-02-002,紧固件/螺栓,X-HL-SM-F1-SEC-00-01$0$A$C4EA80240,200x4000,,Q/R轴,北中区,0.20,4.00,,-185066.37,109183.8,X-HL-SM-F1-SEC-00-01$0$BOLTS
3172,X-HLP3-CR-F3-LAY-KEQP-02-002,紧固件/螺栓,X-HL-SM-F1-SEC-00-01$0$A$C147C6879,6800x7900,,Q/R轴,北中区,6.80,7.90,,-185102.66,109182.48,X-HL-SM-F1-SEC-00-01$0$BOLTS
3173,X-HLP3-CR-F3-LAY-KEQP-02-002,紧固件/螺栓,X-HL-SM-F1-SEC-00-01$0$A$C4EA80240,200x4000,,R/S轴,北中区,0.20,4.00,,-185066.37,109281.22,X-HL-SM-F1-SEC-00-01$0$BOLTS
3174,X-HLP3-CR-F3-LAY-KEQP-02-002,紧固件/螺栓,X-HL-SM-F1-SEC-00-01$0$A$C147C6879,6800x7900,,R/S轴,北中区,6.80,7.90,,-185102.66,109282.54,X-HL-SM-F1-SEC-00-01$0$BOLTS
3175,X-HLP3-CR-F3-LAY-KEQP-02-002,紧固件/螺栓,X-HL-SM-F1-SEC-00-01$0$A$C4EA80240,200x4000,,R/S轴,北中区,0.20,4.00,,-185066.37,111507.27,X-HL-SM-F1-SEC-00-01$0$BOLTS
3176,X-HLP3-CR-F3-LAY-KEQP-02-002,紧固件/螺栓,X-HL-SM-F1-SEC-00-01$0$A$C147C6879,6800x7900,,R/S轴,北中区,6.80,7.90,,-185102.66,111508.59,X-HL-SM-F1-SEC-00-01$0$BOLTS
3177,X-HLP3-CR-F3-LAY-KEQP-02-002,紧固件/螺栓,X-HL-SM-F1-SEC-00-01$0$A$C4EA80240,200x4000,,R/S轴,北中区,0.20,4.00,,-187306.89,111702.92,X-HL-SM-F1-SEC-00-01$0$BOLTS
3178,X-HLP3-CR-F3-LAY-KEQP-02-002,紧固件/螺栓,X-HL-SM-F1-SEC-00-01$0$A$C147C6879,6800x7900,,R/S轴,北中区,6.80,7.90,,-187305.57,111675.64,X-HL-SM-F1-SEC-00-01$0$BOLTS
3179,X-HLP3-CR-F3-LAY-KEQP-02-002,紧固件/螺栓,X-HL-SM-F1-SEC-00-01$0$A$C4EA80240,200x4000,,R/S轴,北中区,0.20,4.00,,-187568.08,111702.92,X-HL-SM-F1-SEC-00-01$0$BOLTS
3180,X-HLP3-CR-F3-LAY-KEQP-02-002,紧固件/螺栓,X-HL-SM-F1-SEC-00-01$0$A$C147C6879,6800x7900,,R/S轴,北中区,6.80,7.90,,-187566.76,111675.64,X-HL-SM-F1-SEC-00-01$0$BOLTS
3181,X-HLP3-CR-F3-LAY-KEQP-02-002,紧固件/螺栓,X-HL-SM-F1-SEC-00-01$0$A$C4EA80240,200x4000,,R/S轴,北中区,0.20,4.00,,-187045.7,111702.92,X-HL-SM-F1-SEC-00-01$0$BOLTS
3182,X-HLP3-CR-F3-LAY-KEQP-02-002,紧固件/螺栓,X-HL-SM-F1-SEC-00-01$0$A$C147C6879,6800x7900,,R/S轴,北中区,6.80,7.90,,-187044.38,111675.64,X-HL-SM-F1-SEC-00-01$0$BOLTS
3183,X-HLP3-CR-F3-LAY-KEQP-02-002,紧固件/螺栓,X-HL-SM-F1-SEC-00-01$0$A$C4EA80240,200x4000,,R/S轴,北中区,0.20,4.00,,-186784.51,111702.92,X-HL-SM-F1-SEC-00-01$0$BOLTS
3184,X-HLP3-CR-F3-LAY-KEQP-02-002,紧固件/螺栓,X-HL-SM-F1-SEC-00-01$0$A$C147C6879,6800x7900,,R/S轴,北中区,6.80,7.90,,-186783.19,111675.64,X-HL-SM-F1-SEC-00-01$0$BOLTS
3185,X-HLP3-CR-F3-LAY-KEQP-02-002,紧固件/螺栓,X-HL-SM-F1-SEC-00-01$0$A$C4EA80240,200x4000,,R/S轴,北中区,0.20,4.00,,-186523.33,111702.92,X-HL-SM-F1-SEC-00-01$0$BOLTS
3186,X-HLP3-CR-F3-LAY-KEQP-02-002,紧固件/螺栓,X-HL-SM-F1-SEC-00-01$0$A$C147C6879,6800x7900,,R/S轴,北中区,6.80,7.90,,-186522.01,111675.64,X-HL-SM-F1-SEC-00-01$0$BOLTS
3187,X-HLP3-CR-F3-LAY-KEQP-02-002,紧固件/螺栓,X-HL-SM-F1-SEC-00-01$0$A$C4EA80240,200x4000,,R/S轴,北中区,0.20,4.00,,-186262.14,111702.92,X-HL-SM-F1-SEC-00-01$0$BOLTS
3188,X-HLP3-CR-F3-LAY-KEQP-02-002,紧固件/螺栓,X-HL-SM-F1-SEC-00-01$0$A$C147C6879,6800x7900,,R/S轴,北中区,6.80,7.90,,-186260.82,111675.64,X-HL-SM-F1-SEC-00-01$0$BOLTS
3189,X-HLP3-CR-F3-LAY-KEQP-02-002,紧固件/螺栓,X-HL-SM-F1-SEC-00-01$0$A$C4EA80240,200x4000,,R/S轴,北中区,0.20,4.00,,-186000.95,111702.92,X-HL-SM-F1-SEC-00-01$0$BOLTS
3190,X-HLP3-CR-F3-LAY-KEQP-02-002,紧固件/螺栓,X-HL-SM-F1-SEC-00-01$0$A$C147C6879,6800x7900,,R/S轴,北中区,6.80,7.90,,-185999.63,111675.64,X-HL-SM-F1-SEC-00-01$0$BOLTS
3191,X-HLP3-CR-F3-LAY-KEQP-02-002,紧固件/螺栓,X-HL-SM-F1-SEC-00-01$0$A$C4EA80240,200x4000,,R/S轴,北中区,0.20,4.00,,-185739.76,111702.92,X-HL-SM-F1-SEC-00-01$0$BOLTS
3192,X-HLP3-CR-F3-LAY-KEQP-02-002,紧固件/螺栓,X-HL-SM-F1-SEC-00-01$0$A$C147C6879,6800x7900,,R/S轴,北中区,6.80,7.90,,-185738.44,111675.64,X-HL-SM-F1-SEC-00-01$0$BOLTS
3193,X-HLP3-CR-F3-LAY-KEQP-02-002,紧固件/螺栓,X-HL-SM-F1-SEC-00-01$0$A$C4EA80240,200x4000,,R/S轴,北中区,0.20,4.00,,-185478.58,111702.92,X-HL-SM-F1-SEC-00-01$0$BOLTS
3194,X-HLP3-CR-F3-LAY-KEQP-02-002,紧固件/螺栓,X-HL-SM-F1-SEC-00-01$0$A$C147C6879,6800x7900,,R/S轴,北中区,6.80,7.90,,-185477.26,111675.64,X-HL-SM-F1-SEC-00-01$0$BOLTS
3195,X-HLP3-CR-F3-LAY-KEQP-02-002,紧固件/螺栓,X-HL-SM-F1-SEC-00-01$0$A$C4EA80240,200x4000,,R/S轴,北中区,0.20,4.00,,-185338.08,111702.92,X-HL-SM-F1-SEC-00-01$0$BOLTS
3196,X-HLP3-CR-F3-LAY-KEQP-02-002,紧固件/螺栓,X-HL-SM-F1-SEC-00-01$0$A$C147C6879,6800x7900,,R/S轴,北中区,6.80,7.90,,-185336.76,111675.64,X-HL-SM-F1-SEC-00-01$0$BOLTS
3197,X-HLP3-CR-F3-LAY-KEQP-02-002,紧固件/螺栓,M12,,,Q/R轴,北中区,,,,-193810.5,106859.53,0
3198,X-HLP3-CR-F3-LAY-KEQP-02-002,紧固件/螺栓,M12,,,Q/R轴,北中区,,,,-193538.46,106859.53,0
3199,X-HLP3-CR-F3-LAY-KEQP-02-002,紧固件/螺栓,M12,,,R/S轴,北中区,,,,-193538.46,112910.01,0
3200,X-HLP3-CR-F3-LAY-KEQP-02-002,紧固件/螺栓,M12,,,R/S轴,北中区,,,,-193810.5,112910.01,0
3201,X-HLP3-CR-F3-LAY-KEQP-02-002,紧固件/螺栓,M12,,,Q/R轴,北中区,,,,-196310.88,106859.53,0
3202,X-HLP3-CR-F3-LAY-KEQP-02-002,紧固件/螺栓,M12,,,Q/R轴,北中区,,,,-196038.84,106859.53,0
3203,X-HLP3-CR-F3-LAY-KEQP-02-002,紧固件/螺栓,H10_40,,,Q/R轴,北中区,,,,-196240.42,106824.01,ANCHOR BOLTS
3204,X-HLP3-CR-F3-LAY-KEQP-02-002,DCC隔断/门,DCC-SEC-2300,2300x0,,R/S轴,北中区,,,,-195808.3,109554.82,0-DCC
3205,X-HLP3-CR-F3-LAY-KEQP-02-002,紧固件/螺栓,X-HL-SM-F1-SEC-00-01$0$A$C4EA80240,200x4000,,Q/R轴,北中区,0.20,4.00,,-196289.54,107360.95,X-HL-SM-F1-SEC-00-01$0$BOLTS
3206,X-HLP3-CR-F3-LAY-KEQP-02-002,紧固件/螺栓,X-HL-SM-F1-SEC-00-01$0$A$C147C6879,6800x7900,,Q/R轴,北中区,6.80,7.90,,-196262.26,107359.63,X-HL-SM-F1-SEC-00-01$0$BOLTS
3207,X-HLP3-CR-F3-LAY-KEQP-02-002,紧固件/螺栓,X-HL-SM-F1-SEC-00-01$0$A$C4EA80240,200x4000,,Q/R轴,北中区,0.20,4.00,,-196289.54,107622.13,X-HL-SM-F1-SEC-00-01$0$BOLTS
3208,X-HLP3-CR-F3-LAY-KEQP-02-002,紧固件/螺栓,X-HL-SM-F1-SEC-00-01$0$A$C147C6879,6800x7900,,Q/R轴,北中区,6.80,7.90,,-196262.26,107620.81,X-HL-SM-F1-SEC-00-01$0$BOLTS
3209,X-HLP3-CR-F3-LAY-KEQP-02-002,紧固件/螺栓,X-HL-SM-F1-SEC-00-01$0$A$C4EA80240,200x4000,,Q/R轴,北中区,0.20,4.00,,-196289.54,107883.32,X-HL-SM-F1-SEC-00-01$0$BOLTS
3210,X-HLP3-CR-F3-LAY-KEQP-02-002,紧固件/螺栓,X-HL-SM-F1-SEC-00-01$0$A$C147C6879,6800x7900,,Q/R轴,北中区,6.80,7.90,,-196262.26,107882.0,X-HL-SM-F1-SEC-00-01$0$BOLTS
3211,X-HLP3-CR-F3-LAY-KEQP-02-002,紧固件/螺栓,X-HL-SM-F1-SEC-00-01$0$A$C4EA80240,200x4000,,Q/R轴,北中区,0.20,4.00,,-196289.54,108144.51,X-HL-SM-F1-SEC-00-01$0$BOLTS
3212,X-HLP3-CR-F3-LAY-KEQP-02-002,紧固件/螺栓,X-HL-SM-F1-SEC-00-01$0$A$C147C6879,6800x7900,,Q/R轴,北中区,6.80,7.90,,-196262.26,108143.19,X-HL-SM-F1-SEC-00-01$0$BOLTS
3213,X-HLP3-CR-F3-LAY-KEQP-02-002,紧固件/螺栓,X-HL-SM-F1-SEC-00-01$0$A$C4EA80240,200x4000,,Q/R轴,北中区,0.20,4.00,,-196289.54,108405.7,X-HL-SM-F1-SEC-00-01$0$BOLTS
3214,X-HLP3-CR-F3-LAY-KEQP-02-002,紧固件/螺栓,X-HL-SM-F1-SEC-00-01$0$A$C147C6879,6800x7900,,Q/R轴,北中区,6.80,7.90,,-196262.26,108404.38,X-HL-SM-F1-SEC-00-01$0$BOLTS
3215,X-HLP3-CR-F3-LAY-KEQP-02-002,紧固件/螺栓,X-HL-SM-F1-SEC-00-01$0$A$C4EA80240,200x4000,,Q/R轴,北中区,0.20,4.00,,-196289.54,108666.88,X-HL-SM-F1-SEC-00-01$0$BOLTS
3216,X-HLP3-CR-F3-LAY-KEQP-02-002,紧固件/螺栓,X-HL-SM-F1-SEC-00-01$0$A$C147C6879,6800x7900,,Q/R轴,北中区,6.80,7.90,,-196262.26,108665.56,X-HL-SM-F1-SEC-00-01$0$BOLTS
3217,X-HLP3-CR-F3-LAY-KEQP-02-002,紧固件/螺栓,X-HL-SM-F1-SEC-00-01$0$A$C4EA80240,200x4000,,Q/R轴,北中区,0.20,4.00,,-196289.54,108928.07,X-HL-SM-F1-SEC-00-01$0$BOLTS
3218,X-HLP3-CR-F3-LAY-KEQP-02-002,紧固件/螺栓,X-HL-SM-F1-SEC-00-01$0$A$C147C6879,6800x7900,,Q/R轴,北中区,6.80,7.90,,-196262.26,108926.75,X-HL-SM-F1-SEC-00-01$0$BOLTS
3219,X-HLP3-CR-F3-LAY-KEQP-02-002,DCC隔断/门,DCC-SEC-2300,2300x0,,Q/R轴,北中区,,,,-196502.67,107166.79,0-DCC
3220,X-HLP3-CR-F3-LAY-KEQP-02-002,紧固件/螺栓,X-HL-SM-F1-SEC-00-01$0$A$C4EA80240,200x4000,,Q/R轴,北中区,0.20,4.00,,-196289.54,107099.76,X-HL-SM-F1-SEC-00-01$0$BOLTS
3221,X-HLP3-CR-F3-LAY-KEQP-02-002,紧固件/螺栓,X-HL-SM-F1-SEC-00-01$0$A$C147C6879,6800x7900,,Q/R轴,北中区,6.80,7.90,,-196262.26,107098.44,X-HL-SM-F1-SEC-00-01$0$BOLTS
3222,X-HLP3-CR-F3-LAY-KEQP-02-002,紧固件/螺栓,X-HL-SM-F1-SEC-00-01$0$A$C4EA80240,200x4000,,Q/R轴,北中区,0.20,4.00,,-196297.54,106946.3,X-HL-SM-F1-SEC-00-01$0$BOLTS
3223,X-HLP3-CR-F3-LAY-KEQP-02-002,紧固件/螺栓,X-HL-SM-F1-SEC-00-01$0$A$C147C6879,6800x7900,,Q/R轴,北中区,6.80,7.90,,-196261.26,106944.98,X-HL-SM-F1-SEC-00-01$0$BOLTS
3224,X-HLP3-CR-F3-LAY-KEQP-02-002,紧固件/螺栓,X-HL-SM-F1-SEC-00-01$0$A$C4EA80240,200x4000,,Q/R轴,北中区,0.20,4.00,,-196297.54,109183.8,X-HL-SM-F1-SEC-00-01$0$BOLTS
3225,X-HLP3-CR-F3-LAY-KEQP-02-002,紧固件/螺栓,X-HL-SM-F1-SEC-00-01$0$A$C147C6879,6800x7900,,Q/R轴,北中区,6.80,7.90,,-196261.26,109182.48,X-HL-SM-F1-SEC-00-01$0$BOLTS
3226,X-HLP3-CR-F3-LAY-KEQP-02-002,紧固件/螺栓,X-HL-SM-F1-SEC-00-01$0$A$C4EA80240,200x4000,,R/S轴,北中区,0.20,4.00,,-194057.03,109342.7,X-HL-SM-F1-SEC-00-01$0$BOLTS
3227,X-HLP3-CR-F3-LAY-KEQP-02-002,紧固件/螺栓,X-HL-SM-F1-SEC-00-01$0$A$C147C6879,6800x7900,,R/S轴,北中区,6.80,7.90,,-194058.35,109315.41,X-HL-SM-F1-SEC-00-01$0$BOLTS
3228,X-HLP3-CR-F3-LAY-KEQP-02-002,紧固件/螺栓,X-HL-SM-F1-SEC-00-01$0$A$C4EA80240,200x4000,,R/S轴,北中区,0.20,4.00,,-193795.84,109342.7,X-HL-SM-F1-SEC-00-01$0$BOLTS
3229,X-HLP3-CR-F3-LAY-KEQP-02-002,紧固件/螺栓,X-HL-SM-F1-SEC-00-01$0$A$C147C6879,6800x7900,,R/S轴,北中区,6.80,7.90,,-193797.16,109315.41,X-HL-SM-F1-SEC-00-01$0$BOLTS
3230,X-HLP3-CR-F3-LAY-KEQP-02-002,紧固件/螺栓,X-HL-SM-F1-SEC-00-01$0$A$C4EA80240,200x4000,,R/S轴,北中区,0.20,4.00,,-194318.22,109342.7,X-HL-SM-F1-SEC-00-01$0$BOLTS
3231,X-HLP3-CR-F3-LAY-KEQP-02-002,紧固件/螺栓,X-HL-SM-F1-SEC-00-01$0$A$C147C6879,6800x7900,,R/S轴,北中区,6.80,7.90,,-194319.53,109315.41,X-HL-SM-F1-SEC-00-01$0$BOLTS
3232,X-HLP3-CR-F3-LAY-KEQP-02-002,紧固件/螺栓,X-HL-SM-F1-SEC-00-01$0$A$C4EA80240,200x4000,,R/S轴,北中区,0.20,4.00,,-194579.4,109342.7,X-HL-SM-F1-SEC-00-01$0$BOLTS
3233,X-HLP3-CR-F3-LAY-KEQP-02-002,紧固件/螺栓,X-HL-SM-F1-SEC-00-01$0$A$C147C6879,6800x7900,,R/S轴,北中区,6.80,7.90,,-194580.72,109315.41,X-HL-SM-F1-SEC-00-01$0$BOLTS
3234,X-HLP3-CR-F3-LAY-KEQP-02-002,紧固件/螺栓,X-HL-SM-F1-SEC-00-01$0$A$C4EA80240,200x4000,,R/S轴,北中区,0.20,4.00,,-194840.59,109342.7,X-HL-SM-F1-SEC-00-01$0$BOLTS
3235,X-HLP3-CR-F3-LAY-KEQP-02-002,紧固件/螺栓,X-HL-SM-F1-SEC-00-01$0$A$C147C6879,6800x7900,,R/S轴,北中区,6.80,7.90,,-194841.91,109315.41,X-HL-SM-F1-SEC-00-01$0$BOLTS
3236,X-HLP3-CR-F3-LAY-KEQP-02-002,紧固件/螺栓,X-HL-SM-F1-SEC-00-01$0$A$C4EA80240,200x4000,,R/S轴,北中区,0.20,4.00,,-195101.78,109342.7,X-HL-SM-F1-SEC-00-01$0$BOLTS
3237,X-HLP3-CR-F3-LAY-KEQP-02-002,紧固件/螺栓,X-HL-SM-F1-SEC-00-01$0$A$C147C6879,6800x7900,,R/S轴,北中区,6.80,7.90,,-195103.1,109315.41,X-HL-SM-F1-SEC-00-01$0$BOLTS
3238,X-HLP3-CR-F3-LAY-KEQP-02-002,紧固件/螺栓,X-HL-SM-F1-SEC-00-01$0$A$C4EA80240,200x4000,,R/S轴,北中区,0.20,4.00,,-195362.97,109342.7,X-HL-SM-F1-SEC-00-01$0$BOLTS
3239,X-HLP3-CR-F3-LAY-KEQP-02-002,紧固件/螺栓,X-HL-SM-F1-SEC-00-01$0$A$C147C6879,6800x7900,,R/S轴,北中区,6.80,7.90,,-195364.28,109315.41,X-HL-SM-F1-SEC-00-01$0$BOLTS
3240,X-HLP3-CR-F3-LAY-KEQP-02-002,紧固件/螺栓,X-HL-SM-F1-SEC-00-01$0$A$C4EA80240,200x4000,,R/S轴,北中区,0.20,4.00,,-195624.15,109342.7,X-HL-SM-F1-SEC-00-01$0$BOLTS
3241,X-HLP3-CR-F3-LAY-KEQP-02-002,紧固件/螺栓,X-HL-SM-F1-SEC-00-01$0$A$C147C6879,6800x7900,,R/S轴,北中区,6.80,7.90,,-195625.47,109315.41,X-HL-SM-F1-SEC-00-01$0$BOLTS
3242,X-HLP3-CR-F3-LAY-KEQP-02-002,紧固件/螺栓,X-HL-SM-F1-SEC-00-01$0$A$C4EA80240,200x4000,,R/S轴,北中区,0.20,4.00,,-195885.34,109342.7,X-HL-SM-F1-SEC-00-01$0$BOLTS
3243,X-HLP3-CR-F3-LAY-KEQP-02-002,紧固件/螺栓,X-HL-SM-F1-SEC-00-01$0$A$C147C6879,6800x7900,,R/S轴,北中区,6.80,7.90,,-195886.66,109315.41,X-HL-SM-F1-SEC-00-01$0$BOLTS
3244,X-HLP3-CR-F3-LAY-KEQP-02-002,紧固件/螺栓,X-HL-SM-F1-SEC-00-01$0$A$C4EA80240,200x4000,,R/S轴,北中区,0.20,4.00,,-196025.84,109342.7,X-HL-SM-F1-SEC-00-01$0$BOLTS
3245,X-HLP3-CR-F3-LAY-KEQP-02-002,紧固件/螺栓,X-HL-SM-F1-SEC-00-01$0$A$C147C6879,6800x7900,,R/S轴,北中区,6.80,7.90,,-196027.16,109315.41,X-HL-SM-F1-SEC-00-01$0$BOLTS
3246,X-HLP3-CR-F3-LAY-KEQP-02-002,紧固件/螺栓,M12,,,U/V轴,北中区,,,,-182679.11,137644.01,0
3247,X-HLP3-CR-F3-LAY-KEQP-02-002,紧固件/螺栓,M12,,,U/V轴,北中区,,,,-182951.14,137644.01,0
3248,X-HLP3-CR-F3-LAY-KEQP-02-002,紧固件/螺栓,M12,,,U/V轴,北中区,,,,-182951.14,131593.53,0
3249,X-HLP3-CR-F3-LAY-KEQP-02-002,紧固件/螺栓,M12,,,U/V轴,北中区,,,,-182679.11,131593.53,0
3250,X-HLP3-CR-F3-LAY-KEQP-02-002,紧固件/螺栓,H10_40,,,U/V轴,北中区,,,,-182750.02,131558.01,ANCHOR BOLTS
3251,X-HLP3-CR-F3-LAY-KEQP-02-002,紧固件/螺栓,X-HL-SM-F1-SEC-00-01$0$A$C4EA80240,200x4000,,U/V轴,北中区,0.20,4.00,,-182700.44,132094.95,X-HL-SM-F1-SEC-00-01$0$BOLTS
3252,X-HLP3-CR-F3-LAY-KEQP-02-002,紧固件/螺栓,X-HL-SM-F1-SEC-00-01$0$A$C147C6879,6800x7900,,U/V轴,北中区,6.80,7.90,,-182727.72,132093.63,X-HL-SM-F1-SEC-00-01$0$BOLTS
3253,X-HLP3-CR-F3-LAY-KEQP-02-002,紧固件/螺栓,X-HL-SM-F1-SEC-00-01$0$A$C4EA80240,200x4000,,U/V轴,北中区,0.20,4.00,,-182700.44,132356.13,X-HL-SM-F1-SEC-00-01$0$BOLTS
3254,X-HLP3-CR-F3-LAY-KEQP-02-002,紧固件/螺栓,X-HL-SM-F1-SEC-00-01$0$A$C147C6879,6800x7900,,U/V轴,北中区,6.80,7.90,,-182727.72,132354.81,X-HL-SM-F1-SEC-00-01$0$BOLTS
3255,X-HLP3-CR-F3-LAY-KEQP-02-002,紧固件/螺栓,X-HL-SM-F1-SEC-00-01$0$A$C4EA80240,200x4000,,U/V轴,北中区,0.20,4.00,,-182700.44,132617.32,X-HL-SM-F1-SEC-00-01$0$BOLTS
3256,X-HLP3-CR-F3-LAY-KEQP-02-002,紧固件/螺栓,X-HL-SM-F1-SEC-00-01$0$A$C147C6879,6800x7900,,U/V轴,北中区,6.80,7.90,,-182727.72,132616.0,X-HL-SM-F1-SEC-00-01$0$BOLTS
3257,X-HLP3-CR-F3-LAY-KEQP-02-002,紧固件/螺栓,X-HL-SM-F1-SEC-00-01$0$A$C4EA80240,200x4000,,U/V轴,北中区,0.20,4.00,,-182700.44,132878.51,X-HL-SM-F1-SEC-00-01$0$BOLTS
3258,X-HLP3-CR-F3-LAY-KEQP-02-002,紧固件/螺栓,X-HL-SM-F1-SEC-00-01$0$A$C147C6879,6800x7900,,U/V轴,北中区,6.80,7.90,,-182727.72,132877.19,X-HL-SM-F1-SEC-00-01$0$BOLTS
3259,X-HLP3-CR-F3-LAY-KEQP-02-002,紧固件/螺栓,X-HL-SM-F1-SEC-00-01$0$A$C4EA80240,200x4000,,U/V轴,北中区,0.20,4.00,,-182700.44,133139.7,X-HL-SM-F1-SEC-00-01$0$BOLTS
3260,X-HLP3-CR-F3-LAY-KEQP-02-002,紧固件/螺栓,X-HL-SM-F1-SEC-00-01$0$A$C147C6879,6800x7900,,U/V轴,北中区,6.80,7.90,,-182727.72,133138.38,X-HL-SM-F1-SEC-00-01$0$BOLTS
3261,X-HLP3-CR-F3-LAY-KEQP-02-002,紧固件/螺栓,X-HL-SM-F1-SEC-00-01$0$A$C4EA80240,200x4000,,U/V轴,北中区,0.20,4.00,,-182700.44,133400.88,X-HL-SM-F1-SEC-00-01$0$BOLTS
3262,X-HLP3-CR-F3-LAY-KEQP-02-002,紧固件/螺栓,X-HL-SM-F1-SEC-00-01$0$A$C147C6879,6800x7900,,U/V轴,北中区,6.80,7.90,,-182727.72,133399.56,X-HL-SM-F1-SEC-00-01$0$BOLTS
3263,X-HLP3-CR-F3-LAY-KEQP-02-002,紧固件/螺栓,X-HL-SM-F1-SEC-00-01$0$A$C4EA80240,200x4000,,U/V轴,北中区,0.20,4.00,,-182700.44,133662.07,X-HL-SM-F1-SEC-00-01$0$BOLTS
3264,X-HLP3-CR-F3-LAY-KEQP-02-002,紧固件/螺栓,X-HL-SM-F1-SEC-00-01$0$A$C147C6879,6800x7900,,U/V轴,北中区,6.80,7.90,,-182727.72,133660.75,X-HL-SM-F1-SEC-00-01$0$BOLTS
3265,X-HLP3-CR-F3-LAY-KEQP-02-002,DCC隔断/门,DCC-SEC-2300,2300x0,,U/V轴,北中区,,,,-182487.32,131900.79,0-DCC
3266,X-HLP3-CR-F3-LAY-KEQP-02-002,紧固件/螺栓,X-HL-SM-F1-SEC-00-01$0$A$C4EA80240,200x4000,,U/V轴,北中区,0.20,4.00,,-182700.44,131833.76,X-HL-SM-F1-SEC-00-01$0$BOLTS
3267,X-HLP3-CR-F3-LAY-KEQP-02-002,紧固件/螺栓,X-HL-SM-F1-SEC-00-01$0$A$C147C6879,6800x7900,,U/V轴,北中区,6.80,7.90,,-182727.72,131832.44,X-HL-SM-F1-SEC-00-01$0$BOLTS
3268,X-HLP3-CR-F3-LAY-KEQP-02-002,紧固件/螺栓,X-HL-SM-F1-SEC-00-01$0$A$C4EA80240,200x4000,,U/V轴,北中区,0.20,4.00,,-182692.44,131680.3,X-HL-SM-F1-SEC-00-01$0$BOLTS
3269,X-HLP3-CR-F3-LAY-KEQP-02-002,紧固件/螺栓,X-HL-SM-F1-SEC-00-01$0$A$C147C6879,6800x7900,,U/V轴,北中区,6.80,7.90,,-182728.72,131678.98,X-HL-SM-F1-SEC-00-01$0$BOLTS
3270,X-HLP3-CR-F3-LAY-KEQP-02-002,紧固件/螺栓,X-HL-SM-F1-SEC-00-01$0$A$C4EA80240,200x4000,,U/V轴,北中区,0.20,4.00,,-182692.44,133917.8,X-HL-SM-F1-SEC-00-01$0$BOLTS
3271,X-HLP3-CR-F3-LAY-KEQP-02-002,紧固件/螺栓,X-HL-SM-F1-SEC-00-01$0$A$C147C6879,6800x7900,,U/V轴,北中区,6.80,7.90,,-182728.72,133916.48,X-HL-SM-F1-SEC-00-01$0$BOLTS
3272,X-HLP3-CR-F3-LAY-KEQP-02-002,紧固件/螺栓,X-HL-SM-F1-SEC-00-01$0$A$C4EA80240,200x4000,,T/U轴,北中区,0.20,4.00,,-188980.55,124512.41,X-HL-SM-F1-SEC-00-01$0$BOLTS
3273,X-HLP3-CR-F3-LAY-KEQP-02-002,紧固件/螺栓,X-HL-SM-F1-SEC-00-01$0$A$C4EA80240,200x4000,,T/U轴,北中区,0.20,4.00,,-188300.63,124512.41,X-HL-SM-F1-SEC-00-01$0$BOLTS
3274,X-HLP3-CR-F3-LAY-KEQP-02-002,型钢,A$C2DBF4B5B,,,S/T轴,北中区,,,,-186365.85,119715.71,ANGEL STEEL_75x75x3.0
3275,X-HLP3-CR-F3-LAY-KEQP-02-002,紧固件/螺栓,A$C4EA80240,200x4000,,S/T轴,北中区,0.20,4.00,,-186285.94,119632.29,BOLTS
3276,X-HLP3-CR-F3-LAY-KEQP-02-002,紧固件/螺栓,A$C147C6879,6800x7900,,S/T轴,北中区,6.80,7.90,,-186279.35,119793.71,BOLTS
3277,X-HLP3-CR-F3-LAY-KEQP-02-002,紧固件/螺栓,A$C4EA80240,200x4000,,S/T轴,北中区,0.20,4.00,,-185907.43,119870.63,BOLTS
3278,X-HLP3-CR-F3-LAY-KEQP-02-002,紧固件/螺栓,A$C147C6879,6800x7900,,S/T轴,北中区,6.80,7.90,,-186068.85,119877.22,BOLTS
3279,X-HLP3-CR-F3-LAY-KEQP-02-002,型钢,Angle iron,,,S/T轴,北中区,,,,-185298.53,119715.72,0
3280,X-HLP3-CR-F3-LAY-KEQP-02-002,紧固件/螺栓,X-HL-SM-F1-SEC-00-01$0$A$C4EA80240,200x4000,,S/T轴,北中区,0.20,4.00,,-192108.99,120542.19,X-HL-SM-F1-SEC-00-01$0$BOLTS
3281,X-HLP3-CR-F3-LAY-KEQP-02-002,紧固件/螺栓,X-HL-SM-F1-SEC-00-01$0$A$C147C6879,6800x7900,,S/T轴,北中区,6.80,7.90,,-192111.63,120469.62,X-HL-SM-F1-SEC-00-01$0$BOLTS
3282,X-HLP3-CR-F3-LAY-KEQP-02-002,紧固件/螺栓,X-HL-SM-F1-SEC-00-01$0$A$C4EA80240,200x4000,,S/T轴,北中区,0.20,4.00,,-189500.07,120514.9,X-HL-SM-F1-SEC-00-01$0$BOLTS
3283,X-HLP3-CR-F3-LAY-KEQP-02-002,紧固件/螺栓,X-HL-SM-F1-SEC-00-01$0$A$C147C6879,6800x7900,,S/T轴,北中区,6.80,7.90,,-189581.19,120511.6,X-HL-SM-F1-SEC-00-01$0$BOLTS
3284,X-HLP3-CR-F3-LAY-KEQP-02-002,紧固件/螺栓,X-HL-SM-F1-SEC-00-01$0$A$C4EA80240,200x4000,,S/T轴,北中区,0.20,4.00,,-192299.16,120624.98,X-HL-SM-F1-SEC-00-01$0$BOLTS
3285,X-HLP3-CR-F3-LAY-KEQP-02-002,紧固件/螺栓,X-HL-SM-F1-SEC-00-01$0$A$C4EA80240,200x4000,,S/T轴,北中区,0.20,4.00,,-192196.66,118713.25,X-HL-SM-F1-SEC-00-01$0$BOLTS
3286,X-HLP3-CR-F3-LAY-KEQP-02-002,紧固件/螺栓,X-HL-SM-F1-SEC-00-01$0$A$C4EA80240,200x4000,,S/T轴,北中区,0.20,4.00,,-192196.66,118164.39,X-HL-SM-F1-SEC-00-01$0$BOLTS
3287,X-HLP3-CR-F3-LAY-KEQP-02-002,型钢,C200X75,20000x7500,,S/T轴,北中区,0.00,7.50,,-189532.19,120604.86,0
3288,X-HLP3-CR-F3-LAY-KEQP-02-002,紧固件/螺栓,X-HL-SM-F1-SEC-00-01$0$A$C4EA80240,200x4000,,S/T轴,北中区,0.20,4.00,,-189500.07,120694.81,X-HL-SM-F1-SEC-00-01$0$BOLTS
3289,X-HLP3-CR-F3-LAY-KEQP-02-002,紧固件/螺栓,X-HL-SM-F1-SEC-00-01$0$A$C147C6879,6800x7900,,S/T轴,北中区,6.80,7.90,,-189581.19,120698.11,X-HL-SM-F1-SEC-00-01$0$BOLTS
3290,X-HLP3-CR-F3-LAY-KEQP-02-002,紧固件/螺栓,DCC-Rack-200x200,200x200,,Y轴,北区,0.20,0.20,,14005.81,271337.59,K-CEIL-DCC-RACK
3291,X-HLP3-CR-F3-LAY-KEQP-02-002,DCC支架,DCC-Rack-200,MD 1200x2200 DCC-F*2,DCC-F*2,X/Y轴,北区,1.20,2.20,,34500.0,155635.11,K-CEIL-DCC-RACK
3292,X-HLP3-CR-F3-LAY-KEQP-02-002,紧固件/螺栓,DCC-Rack-200x200,200x200,,Y轴,北区,0.20,0.20,,266518.81,271336.23,K-CEIL-DCC-RACK
3293,X-HLP3-CR-F3-LAY-KEQP-02-002,紧固件/螺栓,DCC-Rack-200x200,200x200 2850x2300(右) DCC-D*2,DCC-D*2,S/T轴,北中区,0.20,0.20,右,179606.19,118592.49,K-CEIL-DCC-RACK
3294,X-HLP3-CR-F3-LAY-KEQP-02-002,柱,柱底找平,DCC 2850x2300(左),,U/V轴,北中区,2.85,2.30,左,-165845.77,131554.01,0-DCC-STRUC-T
3295,X-HLP3-CR-F3-LAY-KEQP-02-002,紧固件/螺栓,H10_40,DCC 3500x2300(左),,U/V轴,北中区,3.50,2.30,左,-165921.23,137644.01,ANCHOR BOLTS
3296,X-HLP3-CR-F3-LAY-KEQP-02-002,紧固件/螺栓,H10_40,DCC 3500x2300(左),,U/V轴,北中区,3.50,2.30,左,-165770.31,137644.01,ANCHOR BOLTS
3297,X-HLP3-CR-F3-LAY-KEQP-02-002,柱,H-方柱-200x8-X3,DCC 3500x2300(左),,U/V轴,北中区,3.50,2.30,左,-165845.77,132783.53,K-CEIL-DCC-RACK
3298,X-HLP3-CR-F3-LAY-KEQP-02-002,紧固件/螺栓,M12,DCC 2850x2300(左),,U/V轴,北中区,2.85,2.30,左,-165777.14,131593.53,0-DCC-STRUC-T
3299,X-HLP3-CR-F3-LAY-KEQP-02-002,紧固件/螺栓,M12,DCC 2850x2300(左),,U/V轴,北中区,2.85,2.30,左,-165914.4,131593.53,0-DCC-STRUC-T
3300,X-HLP3-CR-F3-LAY-KEQP-02-002,DCC支架,DCC-Rack-150,2850x2600(右) DCC-E*2,DCC-E*2,R/S轴,北中区,2.85,2.60,右,1525.0,115675.0,K-CEIL-DCC-RACK
3301,X-HLP3-CR-F3-LAY-KEQP-02-002,DCC支架,DCC-Rack-200,2850x2600(右) DCC-E*2,DCC-E*2,R/S轴,北中区,2.85,2.60,右,2325.0,115660.89,K-CEIL-DCC-RACK
3302,X-HLP3-CR-F3-LAY-KEQP-02-002,DCC支架,DCC-Rack-150,2850x1800(右) DCC-C*2,DCC-C*2,R/S轴,北中区,2.85,1.80,右,13700.0,115675.0,K-CEIL-DCC-RACK
3303,X-HLP3-CR-F3-LAY-KEQP-02-002,DCC支架,DCC-Rack-150,2850x1800(右) DCC-C*2,DCC-C*2,R/S轴,北中区,2.85,1.80,右,13700.0,115674.68,K-CEIL-DCC-RACK
3304,X-HLP3-CR-F3-LAY-KEQP-02-002,DCC支架,DCC-Rack-200,2850x2300(右) DCC-D*2,DCC-D*2,R/S轴,北中区,2.85,2.30,右,59575.0,115660.89,K-CEIL-DCC-RACK
3305,X-HLP3-CR-F3-LAY-KEQP-02-002,紧固件/螺栓,DCC-Rack-200x200,200x200,,Y轴,北区,0.20,0.20,,53847.6,231491.59,K-CEIL-DCC-RACK
3306,X-HLP3-CR-F3-LAY-KEQP-02-002,DCC支架,DCC-Rack-150,2850x2600(右) DCC-E,DCC-E,R/S轴,北中区,2.85,2.60,右,94300.0,115675.0,K-CEIL-DCC-RACK
3307,X-HLP3-CR-F3-LAY-KEQP-02-002,DCC支架,DCC-Rack-150,2850x2600(右) DCC-E,DCC-E,R/S轴,北中区,2.85,2.60,右,92900.0,115675.0,K-CEIL-DCC-RACK
3308,X-HLP3-CR-F3-LAY-KEQP-02-002,DCC支架,DCC-Rack-150,2850x2600(右) DCC-E,DCC-E,R/S轴,北中区,2.85,2.60,右,130300.0,115675.0,K-CEIL-DCC-RACK
3309,X-HLP3-CR-F3-LAY-KEQP-02-002,紧固件/螺栓,DCC-Rack-200x200,200x200,,Y轴,北区,0.20,0.20,,125006.37,231493.63,K-CEIL-DCC-RACK
3310,X-HLP3-CR-F3-LAY-KEQP-02-002,紧固件/螺栓,DCC-Rack-200x200,200x200,,Y轴,北区,0.20,0.20,,132206.37,231493.63,K-CEIL-DCC-RACK
3311,X-HLP3-CR-F3-LAY-KEQP-02-002,紧固件/螺栓,DCC-Rack-200x200,200x200,,Y轴,北区,0.20,0.20,,197006.37,231493.63,K-CEIL-DCC-RACK
3312,X-HLP3-CR-F3-LAY-KEQP-02-002,紧固件/螺栓,DCC-Rack-200x200,200x200,,A轴,南区,0.20,0.20,,249381.31,-8291.59,K-CEIL-DCC-RACK
3313,X-HLP3-CR-F3-LAY-KEQP-02-002,紧固件/螺栓,DCC-Rack-200x200,200x200 DCC-F*2,DCC-F*2,A轴,南区,0.20,0.20,,242181.31,-8291.59,K-CEIL-DCC-RACK
3314,X-HLP3-CR-F3-LAY-KEQP-02-002,紧固件/螺栓,DCC-Rack-200x200,200x200,,A轴,南区,0.20,0.20,,234981.31,-8291.59,K-CEIL-DCC-RACK
3315,X-HLP3-CR-F3-LAY-KEQP-02-002,紧固件/螺栓,DCC-Rack-200x200,200x200,,A轴,南区,0.20,0.20,,227781.31,-8291.59,K-CEIL-DCC-RACK
3316,X-HLP3-CR-F3-LAY-KEQP-02-002,紧固件/螺栓,DCC-Rack-200x200,200x200,,A轴,南区,0.20,0.20,,220581.31,-8291.59,K-CEIL-DCC-RACK
3317,X-HLP3-CR-F3-LAY-KEQP-02-002,DCC支架,DCC-Rack-150,2850x2300(左) DCC,DCC,Q/R轴,北中区,2.85,2.30,左,193700.0,107525.0,K-CEIL-DCC-RACK
3318,X-HLP3-CR-F3-LAY-KEQP-02-002,DCC支架,DCC-Rack-150,2850x2300(左) DCC,DCC,Q/R轴,北中区,2.85,2.30,左,173500.0,107475.0,K-CEIL-DCC-RACK
3319,X-HLP3-CR-F3-LAY-KEQP-02-002,紧固件/螺栓,DCC-Rack-200x200,200x200 DCC-F*2,DCC-F*2,A轴,南区,0.20,0.20,,191781.31,-8291.59,K-CEIL-DCC-RACK
3320,X-HLP3-CR-F3-LAY-KEQP-02-002,紧固件/螺栓,DCC-Rack-200x200,200x200,,A轴,南区,0.20,0.20,,184581.31,-8291.59,K-CEIL-DCC-RACK
3321,X-HLP3-CR-F3-LAY-KEQP-02-002,紧固件/螺栓,DCC-Rack-200x200,200x200,,A轴,南区,0.20,0.20,,177381.31,-8291.59,K-CEIL-DCC-RACK
3322,X-HLP3-CR-F3-LAY-KEQP-02-002,紧固件/螺栓,DCC-Rack-200x200,200x200,,A轴,南区,0.20,0.20,,170181.31,-8291.59,K-CEIL-DCC-RACK
3323,X-HLP3-CR-F3-LAY-KEQP-02-002,紧固件/螺栓,DCC-Rack-200x200,200x200,,A轴,南区,0.20,0.20,,162981.31,-8291.59,K-CEIL-DCC-RACK
3324,X-HLP3-CR-F3-LAY-KEQP-02-002,DCC支架,DCC-Rack-150,2850x2300(左) DCC,DCC,Q/R轴,北中区,2.85,2.30,左,136100.0,107525.0,K-CEIL-DCC-RACK
3325,X-HLP3-CR-F3-LAY-KEQP-02-002,紧固件/螺栓,DCC-Rack-200x200,200x200,,A轴,南区,0.20,0.20,,126981.31,-8291.59,K-CEIL-DCC-RACK
3326,X-HLP3-CR-F3-LAY-KEQP-02-002,紧固件/螺栓,DCC-Rack-200x200,200x200,,A轴,南区,0.20,0.20,,119781.31,-8291.59,K-CEIL-DCC-RACK
3327,X-HLP3-CR-F3-LAY-KEQP-02-002,紧固件/螺栓,DCC-Rack-200x200,200x200,,A轴,南区,0.20,0.20,,112581.31,-8291.59,K-CEIL-DCC-RACK
3328,X-HLP3-CR-F3-LAY-KEQP-02-002,紧固件/螺栓,DCC-Rack-200x200,200x200,,A轴,南区,0.20,0.20,,105381.31,-8291.59,K-CEIL-DCC-RACK
3329,X-HLP3-CR-F3-LAY-KEQP-02-002,紧固件/螺栓,DCC-Rack-200x200,200x200,,A轴,南区,0.20,0.20,,98181.31,-8291.59,K-CEIL-DCC-RACK
3330,X-HLP3-CR-F3-LAY-KEQP-02-002,DCC支架,DCC-Rack-150,2000*2300(右) DCC-B,DCC-B,Q/R轴,北中区,2.00,2.30,右,58300.0,107525.0,K-CEIL-DCC-RACK
3331,X-HLP3-CR-F3-LAY-KEQP-02-002,紧固件/螺栓,DCC-Rack-200x200,200x200,,A轴,南区,0.20,0.20,,69381.31,-8291.59,K-CEIL-DCC-RACK
3332,X-HLP3-CR-F3-LAY-KEQP-02-002,紧固件/螺栓,DCC-Rack-200x200,200x200 2365*765 DCC,DCC,A轴,南区,0.20,0.20,,17018.69,-8291.59,K-CEIL-DCC-RACK
3333,X-HLP3-CR-F3-LAY-KEQP-02-002,紧固件/螺栓,DCC-Rack-200x200,200x200,,A轴,南区,0.20,0.20,,54982.09,-8291.59,K-CEIL-DCC-RACK
3334,X-HLP3-CR-F3-LAY-KEQP-02-002,DCC支架,DCC-Rack-150,2850x2600(右) DCC-E*2,DCC-E*2,Q/R轴,北中区,2.85,2.60,右,6500.0,107989.24,K-CEIL-DCC-RACK
3335,X-HLP3-CR-F3-LAY-KEQP-02-002,紧固件/螺栓,DCC-Rack-200x200,200x200,,A轴,南区,0.20,0.20,,76581.31,-8291.59,K-CEIL-DCC-RACK
3336,X-HLP3-CR-F3-LAY-KEQP-02-002,柱,柱底找平,DCC 2850x2600(左),,S/T轴,北中区,2.85,2.60,左,-146083.89,119187.01,0-DCC-STRUC-T
3337,X-HLP3-CR-F3-LAY-KEQP-02-002,紧固件/螺栓,H10_40,DCC 2850x2300(左),,T/U轴,北中区,2.85,2.30,左,-146159.35,125277.01,ANCHOR BOLTS
3338,X-HLP3-CR-F3-LAY-KEQP-02-002,紧固件/螺栓,H10_40,DCC 2850x2300(左),,T/U轴,北中区,2.85,2.30,左,-146008.42,125277.01,ANCHOR BOLTS
3339,X-HLP3-CR-F3-LAY-KEQP-02-002,柱,H-方柱-200x8-X3,DCC 2850x2300(左),,S/T轴,北中区,2.85,2.30,左,-146083.89,120416.53,K-CEIL-DCC-RACK
3340,X-HLP3-CR-F3-LAY-KEQP-02-002,紧固件/螺栓,M12,DCC 2850x2600(左),,S/T轴,北中区,2.85,2.60,左,-146015.26,119226.53,0-DCC-STRUC-T
3341,X-HLP3-CR-F3-LAY-KEQP-02-002,紧固件/螺栓,M12,DCC 2850x2600(左),,S/T轴,北中区,2.85,2.60,左,-146152.52,119226.53,0-DCC-STRUC-T
3342,X-HLP3-CR-F3-LAY-KEQP-02-002,柱,柱底找平,DCC 2850x2600(左),,S/T轴,北中区,2.85,2.60,左,-138886.89,119187.01,0-DCC-STRUC-T
3343,X-HLP3-CR-F3-LAY-KEQP-02-002,紧固件/螺栓,H10_40,DCC 2850x2600(左),,T/U轴,北中区,2.85,2.60,左,-138962.35,125277.01,ANCHOR BOLTS
3344,X-HLP3-CR-F3-LAY-KEQP-02-002,紧固件/螺栓,H10_40,DCC 2850x2600(左),,T/U轴,北中区,2.85,2.60,左,-138811.42,125277.01,ANCHOR BOLTS
3345,X-HLP3-CR-F3-LAY-KEQP-02-002,柱,H-方柱-200x8-X3,DCC 2850x2600(左),,S/T轴,北中区,2.85,2.60,左,-138886.89,120416.53,K-CEIL-DCC-RACK
3346,X-HLP3-CR-F3-LAY-KEQP-02-002,紧固件/螺栓,M12,DCC 2850x2600(左),,S/T轴,北中区,2.85,2.60,左,-138818.26,119226.53,0-DCC-STRUC-T
3347,X-HLP3-CR-F3-LAY-KEQP-02-002,紧固件/螺栓,M12,DCC 2850x2600(左),,S/T轴,北中区,2.85,2.60,左,-138955.52,119226.53,0-DCC-STRUC-T
3348,X-HLP3-CR-F3-LAY-KEQP-02-002,型钢,A$C2DBF4B5B,DCC 2850x2300(左),,S/T轴,北中区,2.85,2.30,左,-167295.07,121496.97,ANGEL STEEL_75x75x3.0
3349,X-HLP3-CR-F3-LAY-KEQP-02-002,紧固件/螺栓,A$C4EA80240,200x4000 DCC 2850x2300(左),,S/T轴,北中区,0.20,4.00,左,-167279.09,121513.65,BOLTS
3350,X-HLP3-CR-F3-LAY-KEQP-02-002,紧固件/螺栓,A$C147C6879,6800x7900 DCC 2850x2300(左),,S/T轴,北中区,6.80,7.90,左,-167277.77,121481.37,BOLTS
3351,X-HLP3-CR-F3-LAY-KEQP-02-002,紧固件/螺栓,A$C4EA80240,200x4000 DCC 2850x2300(左),,S/T轴,北中区,0.20,4.00,左,-167203.39,121465.98,BOLTS
3352,X-HLP3-CR-F3-LAY-KEQP-02-002,紧固件/螺栓,A$C147C6879,6800x7900 DCC 2850x2300(左),,S/T轴,北中区,6.80,7.90,左,-167235.67,121464.67,BOLTS
3353,X-HLP3-CR-F3-LAY-KEQP-02-002,型钢,A$C2DBF4B5B,DCC 2850x2300(左),,S/T轴,北中区,2.85,2.30,左,-170221.0,121697.01,ANGEL STEEL_75x75x3.0
3354,X-HLP3-CR-F3-LAY-KEQP-02-002,紧固件/螺栓,A$C4EA80240,200x4000 DCC 2850x2300(左),,S/T轴,北中区,0.20,4.00,左,-170205.02,121680.33,BOLTS
3355,X-HLP3-CR-F3-LAY-KEQP-02-002,紧固件/螺栓,A$C147C6879,6800x7900 DCC 2850x2300(左),,S/T轴,北中区,6.80,7.90,左,-170203.7,121712.61,BOLTS
3356,X-HLP3-CR-F3-LAY-KEQP-02-002,紧固件/螺栓,A$C4EA80240,200x4000 DCC 2850x2300(左),,S/T轴,北中区,0.20,4.00,左,-170129.32,121727.99,BOLTS
3357,X-HLP3-CR-F3-LAY-KEQP-02-002,紧固件/螺栓,A$C147C6879,6800x7900 DCC 2850x2300(左),,S/T轴,北中区,6.80,7.90,左,-170161.6,121729.31,BOLTS
3358,X-HLP3-CR-F3-LAY-KEQP-02-002,型钢,A$C2DBF4B5B,DCC 2850x2300(左),,S/T轴,北中区,2.85,2.30,左,-170221.0,121497.01,ANGEL STEEL_75x75x3.0
3359,X-HLP3-CR-F3-LAY-KEQP-02-002,紧固件/螺栓,A$C4EA80240,200x4000 DCC 2850x2300(左),,S/T轴,北中区,0.20,4.00,左,-170205.02,121513.7,BOLTS
3360,X-HLP3-CR-F3-LAY-KEQP-02-002,紧固件/螺栓,A$C147C6879,6800x7900 DCC 2850x2300(左),,S/T轴,北中区,6.80,7.90,左,-170203.7,121481.41,BOLTS
3361,X-HLP3-CR-F3-LAY-KEQP-02-002,紧固件/螺栓,A$C4EA80240,200x4000 DCC 2850x2300(左),,S/T轴,北中区,0.20,4.00,左,-170129.32,121466.03,BOLTS
3362,X-HLP3-CR-F3-LAY-KEQP-02-002,紧固件/螺栓,A$C147C6879,6800x7900 DCC 2850x2300(左),,S/T轴,北中区,6.80,7.90,左,-170161.6,121464.71,BOLTS
3363,X-HLP3-CR-F3-LAY-KEQP-02-002,型钢,A$C2DBF4B5B,DCC 2850x2300(右),,T/U轴,北中区,2.85,2.30,右,-172845.77,123857.01,ANGEL STEEL_75x75x3.0
3364,X-HLP3-CR-F3-LAY-KEQP-02-002,紧固件/螺栓,A$C4EA80240,200x4000 DCC 2850x2300(右),,T/U轴,北中区,0.20,4.00,右,-172861.75,123873.69,BOLTS
3365,X-HLP3-CR-F3-LAY-KEQP-02-002,紧固件/螺栓,A$C147C6879,6800x7900 DCC 2850x2300(右),,T/U轴,北中区,6.80,7.90,右,-172863.07,123841.41,BOLTS
3366,X-HLP3-CR-F3-LAY-KEQP-02-002,紧固件/螺栓,A$C4EA80240,200x4000 DCC 2850x2300(右),,T/U轴,北中区,0.20,4.00,右,-172937.45,123826.03,BOLTS
3367,X-HLP3-CR-F3-LAY-KEQP-02-002,紧固件/螺栓,A$C147C6879,6800x7900 DCC 2850x2300(右),,T/U轴,北中区,6.80,7.90,右,-172905.17,123824.71,BOLTS
3368,X-HLP3-CR-F3-LAY-KEQP-02-002,型钢,A$C2DBF4B5B,DCC 2850x2300(左),,T/U轴,北中区,2.85,2.30,左,-167294.57,123856.99,ANGEL STEEL_75x75x3.0
3369,X-HLP3-CR-F3-LAY-KEQP-02-002,紧固件/螺栓,A$C4EA80240,200x4000 DCC 2850x2300(左),,T/U轴,北中区,0.20,4.00,左,-167278.59,123873.67,BOLTS
3370,X-HLP3-CR-F3-LAY-KEQP-02-002,紧固件/螺栓,A$C147C6879,6800x7900 DCC 2850x2300(左),,T/U轴,北中区,6.80,7.90,左,-167277.27,123841.39,BOLTS
3371,X-HLP3-CR-F3-LAY-KEQP-02-002,紧固件/螺栓,A$C4EA80240,200x4000 DCC 2850x2300(左),,T/U轴,北中区,0.20,4.00,左,-167202.89,123826.01,BOLTS
3372,X-HLP3-CR-F3-LAY-KEQP-02-002,紧固件/螺栓,A$C147C6879,6800x7900 DCC 2850x2300(左),,T/U轴,北中区,6.80,7.90,左,-167235.17,123824.69,BOLTS
3373,X-HLP3-CR-F3-LAY-KEQP-02-002,型钢,A$C2DBF4B5B,DCC 2850x2300(右),,S/T轴,北中区,2.85,2.30,右,-172845.77,121696.97,ANGEL STEEL_75x75x3.0
3374,X-HLP3-CR-F3-LAY-KEQP-02-002,紧固件/螺栓,A$C4EA80240,200x4000 DCC 2850x2300(右),,S/T轴,北中区,0.20,4.00,右,-172861.75,121680.28,BOLTS
3375,X-HLP3-CR-F3-LAY-KEQP-02-002,紧固件/螺栓,A$C147C6879,6800x7900 DCC 2850x2300(右),,S/T轴,北中区,6.80,7.90,右,-172863.07,121712.57,BOLTS
3376,X-HLP3-CR-F3-LAY-KEQP-02-002,紧固件/螺栓,A$C4EA80240,200x4000 DCC 2850x2300(右),,S/T轴,北中区,0.20,4.00,右,-172937.45,121727.95,BOLTS
3377,X-HLP3-CR-F3-LAY-KEQP-02-002,紧固件/螺栓,A$C147C6879,6800x7900 DCC 2850x2300(右),,S/T轴,北中区,6.80,7.90,右,-172905.17,121729.27,BOLTS
3378,X-HLP3-CR-F3-LAY-KEQP-02-002,型钢,A$C2DBF4B5B,DCC 2850x2300(右),,S/T轴,北中区,2.85,2.30,右,-172845.77,121496.97,ANGEL STEEL_75x75x3.0
3379,X-HLP3-CR-F3-LAY-KEQP-02-002,紧固件/螺栓,A$C4EA80240,200x4000 DCC 2850x2300(右),,S/T轴,北中区,0.20,4.00,右,-172861.75,121513.65,BOLTS
3380,X-HLP3-CR-F3-LAY-KEQP-02-002,紧固件/螺栓,A$C147C6879,6800x7900 DCC 2850x2300(右),,S/T轴,北中区,6.80,7.90,右,-172863.07,121481.37,BOLTS
3381,X-HLP3-CR-F3-LAY-KEQP-02-002,紧固件/螺栓,A$C4EA80240,200x4000 DCC 2850x2300(右),,S/T轴,北中区,0.20,4.00,右,-172937.45,121465.98,BOLTS
3382,X-HLP3-CR-F3-LAY-KEQP-02-002,紧固件/螺栓,A$C147C6879,6800x7900 DCC 2850x2300(右),,S/T轴,北中区,6.80,7.90,右,-172905.17,121464.67,BOLTS
3383,X-HLP3-CR-F3-LAY-KEQP-02-002,DCC支架,DCC-Rack-200,MD 1200x2200 DCC-F,DCC-F,X/Y轴,北区,1.20,2.20,,84900.0,155631.31,K-CEIL-DCC-RACK
3384,X-HLP3-CR-F3-LAY-KEQP-02-002,DCC支架,DCC-Rack-200,MD 1200x2200 DCC-F,DCC-F,X/Y轴,北区,1.20,2.20,,113699.93,155639.11,K-CEIL-DCC-RACK
3385,X-HLP3-CR-F3-LAY-KEQP-02-002,DCC支架,DCC-Rack-200,MD 1200x2200 DCC-F,DCC-F,X/Y轴,北区,1.20,2.20,,171299.87,155639.11,K-CEIL-DCC-RACK
3386,X-HLP3-CR-F3-LAY-KEQP-02-002,DCC支架,DCC-Rack-200,MD 1200x2200 DCC-F,DCC-F,X/Y轴,北区,1.20,2.20,,200099.77,155635.11,K-CEIL-DCC-RACK
3387,X-HLP3-CR-F3-LAY-KEQP-02-002,DCC支架,DCC-Rack-200,MD 1200x2200 DCC-F,DCC-F,X/Y轴,北区,1.20,2.20,,228900.0,155635.11,K-CEIL-DCC-RACK
3388,X-HLP3-CR-F3-LAY-KEQP-02-002,DCC支架,DCC-Rack-200,2850x2300(右) DCC-D,DCC-D,R/S轴,北中区,2.85,2.30,右,30775.0,115660.89,K-CEIL-DCC-RACK
3389,X-HLP3-CR-F3-LAY-KEQP-02-002,DCC支架,DCC-Rack-200,2850x1800(右) DCC-C*2,DCC-C*2,R/S轴,北中区,2.85,1.80,右,196699.72,115662.09,K-CEIL-DCC-RACK
3390,X-HLP3-CR-F3-LAY-KEQP-02-002,其他,200x75,20000x7500 2850x2600(右) DCC-E*2,DCC-E*2,Q/R轴,北中区,0.00,7.50,右,5800.0,108011.79,Cloud-20250416
3391,X-HLP3-CR-F3-LAY-KEQP-02-002,DCC支架,DCC-Rack-150,2850x2600(右) DCC-E*2,DCC-E*2,Q/R轴,北中区,2.85,2.60,右,11125.03,108037.5,K-CEIL-DCC-RACK
3392,X-HLP3-CR-F3-LAY-KEQP-02-002,其他,200x75,20000x7500 2850x2300(左) DCC,DCC,Q/R轴,北中区,0.00,7.50,左,174469.41,107486.79,Cloud-20250416
3393,X-HLP3-CR-F3-LAY-KEQP-02-002,DCC支架,DCC-Rack-200,2365x765 DCC,DCC,G/H轴,南中区,2.37,0.77,,229000.0,50560.57,K-CEIL-DCC-RACK
3394,X-HLP3-CR-F3-LAY-KEQP-02-002,紧固件/螺栓,DCC-Rack-200x200,200x200,,Y轴,北区,0.20,0.20,,197006.26,166690.18,K-CEIL-DCC-RACK
3395,X-HLP3-CR-F3-LAY-KEQP-02-002,紧固件/螺栓,DCC-Rack-200x200,200x200,,Y轴,北区,0.20,0.20,,189806.26,166690.18,K-CEIL-DCC-RACK
3396,X-HLP3-CR-F3-LAY-KEQP-02-002,紧固件/螺栓,DCC-Rack-200x200,200x200,,Y轴,北区,0.20,0.20,,182606.26,166691.59,K-CEIL-DCC-RACK
3397,X-HLP3-CR-F3-LAY-KEQP-02-002,紧固件/螺栓,DCC-Rack-200x200,200x200,,Y轴,北区,0.20,0.20,,175406.26,166691.27,K-CEIL-DCC-RACK
3398,X-HLP3-CR-F3-LAY-KEQP-02-002,DCC支架,DCC-Rack-200,2850x2300(右) DCC,DCC,G/H轴,南中区,2.85,2.30,右,174174.78,50860.89,K-CEIL-DCC-RACK
3399,X-HLP3-CR-F3-LAY-KEQP-02-002,紧固件/螺栓,DCC-Rack-200x200,200x200,,Y轴,北区,0.20,0.20,,146606.37,166691.27,K-CEIL-DCC-RACK
3400,X-HLP3-CR-F3-LAY-KEQP-02-002,紧固件/螺栓,DCC-Rack-200x200,200x200,,Y轴,北区,0.20,0.20,,139406.26,166691.27,K-CEIL-DCC-RACK
3401,X-HLP3-CR-F3-LAY-KEQP-02-002,紧固件/螺栓,DCC-Rack-200x200,200x200,,Y轴,北区,0.20,0.20,,132206.26,166691.27,K-CEIL-DCC-RACK
3402,X-HLP3-CR-F3-LAY-KEQP-02-002,紧固件/螺栓,DCC-Rack-200x200,200x200,,Y轴,北区,0.20,0.20,,125006.37,166691.27,K-CEIL-DCC-RACK
3403,X-HLP3-CR-F3-LAY-KEQP-02-002,紧固件/螺栓,DCC-Rack-200x200,200x200,,Y轴,北区,0.20,0.20,,117806.26,166691.27,K-CEIL-DCC-RACK
3404,X-HLP3-CR-F3-LAY-KEQP-02-002,DCC支架,DCC-Rack-200,2850x2300(右) DCC,DCC,G/H轴,南中区,2.85,2.30,右,116849.89,50860.89,K-CEIL-DCC-RACK
3405,X-HLP3-CR-F3-LAY-KEQP-02-002,紧固件/螺栓,DCC-Rack-200x200,200x200,,Y轴,北区,0.20,0.20,,89006.26,166691.27,K-CEIL-DCC-RACK
3406,X-HLP3-CR-F3-LAY-KEQP-02-002,紧固件/螺栓,DCC-Rack-200x200,200x200,,Y轴,北区,0.20,0.20,,81806.26,166690.18,K-CEIL-DCC-RACK
3407,X-HLP3-CR-F3-LAY-KEQP-02-002,紧固件/螺栓,DCC-Rack-200x200,200x200,,Y轴,北区,0.20,0.20,,74606.26,166690.18,K-CEIL-DCC-RACK
3408,X-HLP3-CR-F3-LAY-KEQP-02-002,紧固件/螺栓,DCC-Rack-200x200,200x200,,Y轴,北区,0.20,0.20,,67406.26,166690.17,K-CEIL-DCC-RACK
3409,X-HLP3-CR-F3-LAY-KEQP-02-002,紧固件/螺栓,DCC-Rack-200x200,200x200,,Y轴,北区,0.20,0.20,,60206.26,166690.17,K-CEIL-DCC-RACK
3410,X-HLP3-CR-F3-LAY-KEQP-02-002,紧固件/螺栓,DCC-Rack-200x200,200x200,,Y轴,北区,0.20,0.20,,53006.26,166691.59,K-CEIL-DCC-RACK
3411,X-HLP3-CR-F3-LAY-KEQP-02-002,紧固件/螺栓,DCC-Rack-200x200,200x200,,Y轴,北区,0.20,0.20,,31406.26,166691.59,K-CEIL-DCC-RACK
3412,X-HLP3-CR-F3-LAY-KEQP-02-002,DCC支架,DCC-Rack-150,2000*2300(右) DCC-B,DCC-B,G/H轴,南中区,2.00,2.30,右,58300.0,50875.0,K-CEIL-DCC-RACK
3413,X-HLP3-CR-F3-LAY-KEQP-02-002,紧固件/螺栓,DCC-Rack-200x200,200x200,,Y轴,北区,0.20,0.20,,24206.15,166691.9,K-CEIL-DCC-RACK
3414,X-HLP3-CR-F3-LAY-KEQP-02-002,紧固件/螺栓,DCC-Rack-200x200,200x200,,Y轴,北区,0.20,0.20,,17006.15,166691.9,K-CEIL-DCC-RACK
3415,X-HLP3-CR-F3-LAY-KEQP-02-002,紧固件/螺栓,DCC-Rack-200x200,200x200,,Y轴,北区,0.20,0.20,,9806.15,166691.9,K-CEIL-DCC-RACK
3416,X-HLP3-CR-F3-LAY-KEQP-02-002,紧固件/螺栓,DCC-Rack-200x200,200x200,,Y轴,北区,0.20,0.20,,2606.15,166690.18,K-CEIL-DCC-RACK
3417,X-HLP3-CR-F3-LAY-KEQP-02-002,DCC支架,DCC-Rack-150,2850x1800(左) DCC-C*2,DCC-C*2,G/H轴,南中区,2.85,1.80,左,7900.0,50375.0,K-CEIL-DCC-RACK
3418,X-HLP3-CR-F3-LAY-KEQP-02-002,紧固件/螺栓,DCC-Rack-200x200,200x200,,Y轴,北区,0.20,0.20,,-12618.81,166141.59,K-CEIL-DCC-RACK
3419,X-HLP3-CR-F3-LAY-KEQP-02-002,其他,200x75,20000x7500 2850x1800(左) DCC-C*2,DCC-C*2,G/H轴,南中区,0.00,7.50,左,9175.0,50363.21,Cloud-20250416
3420,X-HLP3-CR-F3-LAY-KEQP-02-002,紧固件/螺栓,DCC-Rack-200x200,200x200,,Y轴,北区,0.20,0.20,,-18943.81,166264.85,K-CEIL-DCC-RACK
3421,X-HLP3-CR-F3-LAY-KEQP-02-002,DCC支架,DCC-Rack-150,2850x1800(左) DCC-C*2,DCC-C*2,G/H轴,南中区,2.85,1.80,左,6500.0,50450.0,K-CEIL-DCC-RACK
3422,X-HLP3-CR-F3-LAY-KEQP-02-002,紧固件/螺栓,DCC-Rack-200x200,200x200,,Y轴,北区,0.20,0.20,,140743.71,166691.27,K-CEIL-DCC-RACK
3423,X-HLP3-CR-F3-LAY-KEQP-02-002,紧固件/螺栓,DCC-Rack-200x200,200x200,,Y轴,北区,0.20,0.20,,110606.26,166691.59,K-CEIL-DCC-RACK
3424,X-HLP3-CR-F3-LAY-KEQP-02-002,紧固件/螺栓,DCC-Rack-200x200,200x200,,Y轴,北区,0.20,0.20,,198068.6,166691.27,K-CEIL-DCC-RACK
3425,X-HLP3-CR-F3-LAY-KEQP-02-002,紧固件/螺栓,DCC-Rack-200x200,200x200,,Y轴,北区,0.20,0.20,,170472.6,166691.27,K-CEIL-DCC-RACK
3426,X-HLP3-CR-F3-LAY-KEQP-02-002,DCC支架,DCC-Rack-200,2000x2300(右) DCC-B*2,DCC-B*2,F/G轴,南区,2.00,2.30,右,9175.0,42738.79,K-CEIL-DCC-RACK
3427,X-HLP3-CR-F3-LAY-KEQP-02-002,DCC支架,DCC-Rack-150,2000x2300(右) DCC-B*2,DCC-B*2,F/G轴,南区,2.00,2.30,右,10000.0,42725.0,K-CEIL-DCC-RACK
3428,X-HLP3-CR-F3-LAY-KEQP-02-002,DCC支架,DCC-Rack-200,2850x2300(左) DCC-D*2,DCC-D*2,F/G轴,南区,2.85,2.30,左,45175.0,42739.11,K-CEIL-DCC-RACK
3429,X-HLP3-CR-F3-LAY-KEQP-02-002,紧固件/螺栓,DCC-Rack-200x200,200x200,,A轴,南区,0.20,0.20,,31406.26,-73091.59,K-CEIL-DCC-RACK
3430,X-HLP3-CR-F3-LAY-KEQP-02-002,DCC支架,DCC-Rack-200,2850x2300(右) DCC-E*2,DCC-E*2,F/G轴,南区,2.85,2.30,右,116845.79,43039.11,K-CEIL-DCC-RACK
3431,X-HLP3-CR-F3-LAY-KEQP-02-002,DCC支架,DCC-Rack-200,2850x1800(右) DCC-C*2,DCC-C*2,F/G轴,南区,2.85,1.80,右,77550.0,42739.43,K-CEIL-DCC-RACK
3432,X-HLP3-CR-F3-LAY-KEQP-02-002,DCC支架,DCC-Rack-150,2000*2300(左) DCC-B,DCC-B,F/G轴,南区,2.00,2.30,左,60900.0,42726.74,K-CEIL-DCC-RACK
3433,X-HLP3-CR-F3-LAY-KEQP-02-002,紧固件/螺栓,DCC-Rack-200x200,200x200,,A轴,南区,0.20,0.20,,117806.26,-73092.21,K-CEIL-DCC-RACK
3434,X-HLP3-CR-F3-LAY-KEQP-02-002,DCC支架,DCC-Rack-200,2850x2300(右) DCC-D*2,DCC-D*2,F/G轴,南区,2.85,2.30,右,174250.0,43039.11,K-CEIL-DCC-RACK
3435,X-HLP3-CR-F3-LAY-KEQP-02-002,DCC支架,DCC-Rack-200,2850x2300(右) DCC-D*2,DCC-D*2,F/G轴,南区,2.85,2.30,右,192275.0,42686.58,K-CEIL-DCC-RACK
3436,X-HLP3-CR-F3-LAY-KEQP-02-002,DCC支架,DCC-Rack-200,2400x1300(右) DCC,DCC,F/G轴,南区,2.40,1.30,右,225025.0,43987.37,K-CEIL-DCC-RACK
3437,X-HLP3-CR-F3-LAY-KEQP-02-002,DCC支架,DCC-Rack-200,MD 1200x2200 DCC-F,DCC-F,A/B轴,南区,1.20,2.20,,27300.0,2765.26,K-CEIL-DCC-RACK
3438,X-HLP3-CR-F3-LAY-KEQP-02-002,DCC支架,DCC-Rack-200,MD 1200x2200 DCC-F,DCC-F,A/B轴,南区,1.20,2.20,,56100.0,2764.94,K-CEIL-DCC-RACK
3439,X-HLP3-CR-F3-LAY-KEQP-02-002,DCC支架,DCC-Rack-200,MD 1200x2200 DCC-F,DCC-F,A/B轴,南区,1.20,2.20,,84900.0,2764.94,K-CEIL-DCC-RACK
3440,X-HLP3-CR-F3-LAY-KEQP-02-002,DCC支架,DCC-Rack-200,MD 1200x2200 DCC-F*2,DCC-F*2,A/B轴,南区,1.20,2.20,,113700.24,2765.26,K-CEIL-DCC-RACK
3441,X-HLP3-CR-F3-LAY-KEQP-02-002,DCC支架,DCC-Rack-200,MD 1200x2200 DCC-F,DCC-F,A/B轴,南区,1.20,2.20,,142499.85,2765.57,K-CEIL-DCC-RACK
3442,X-HLP3-CR-F3-LAY-KEQP-02-002,DCC支架,DCC-Rack-200,MD 1200x2200 DCC-F,DCC-F,A/B轴,南区,1.20,2.20,,171300.0,2765.26,K-CEIL-DCC-RACK
3443,X-HLP3-CR-F3-LAY-KEQP-02-002,DCC支架,DCC-Rack-200,MD 1200x2200 DCC-F*2,DCC-F*2,A/B轴,南区,1.20,2.20,,200100.0,2754.89,K-CEIL-DCC-RACK
3444,X-HLP3-CR-F3-LAY-KEQP-02-002,DCC支架,DCC-Rack-200,MD 1200x2200 DCC-F,DCC-F,A/B轴,南区,1.20,2.20,,228900.0,2761.79,K-CEIL-DCC-RACK
3445,X-HLP3-CR-F3-LAY-KEQP-02-002,DCC支架,DCC-Rack-150,2850x2300(右) DCC-D*2,DCC-D*2,G/H轴,南中区,2.85,2.30,右,50974.5,49700.0,K-CEIL-DCC-RACK
3446,X-HLP3-CR-F3-LAY-KEQP-02-002,DCC支架,DCC-Rack-150,2850x2300(右) DCC,DCC,G/H轴,南中区,2.85,2.30,右,132875.0,50875.0,K-CEIL-DCC-RACK
3447,X-HLP3-CR-F3-LAY-KEQP-02-002,DCC支架,DCC-Rack-200,2850x1800(右) DCC,DCC,G/H轴,南中区,2.85,1.80,右,193759.89,48438.79,K-CEIL-DCC-RACK
3448,X-HLP3-CR-F3-LAY-KEQP-02-002,检修门,MD2-1022,1000x2200 2850x1800(右) DCC-C*2,DCC-C*2,G/H轴,南中区,1.00,2.20,右,108018.99,46665.98,K-PART-DOOR
3449,X-HLP3-CR-F3-LAY-KEQP-02-002,DCC支架,DCC-Rack-200,2850x1800(左) DCC-C*2,DCC-C*2,R/S轴,北中区,2.85,1.80,左,193750.0,110038.11,K-CEIL-DCC-RACK
3450,X-HLP3-CR-F3-LAY-KEQP-02-002,检修门,MD2-1022,1000x2200 2850x2600(左) DCC-E,DCC-E,R/S轴,北中区,1.00,2.20,左,216509.02,109954.4,K-PART-DOOR
3451,X-HLP3-CR-F3-LAY-KEQP-02-002,型钢,A$C2DBF4B5B,DCC 3500x2300(左),,U/V轴,北中区,3.50,2.30,左,-166020.77,134064.01,ANGEL STEEL_75x75x3.0
3452,X-HLP3-CR-F3-LAY-KEQP-02-002,紧固件/螺栓,A$C4EA80240,200x4000 DCC 3500x2300(左),,U/V轴,北中区,0.20,4.00,左,-166004.79,134047.33,BOLTS
3453,X-HLP3-CR-F3-LAY-KEQP-02-002,紧固件/螺栓,A$C147C6879,6800x7900 DCC 3500x2300(左),,U/V轴,北中区,6.80,7.90,左,-166003.47,134079.61,BOLTS
3454,X-HLP3-CR-F3-LAY-KEQP-02-002,型钢,A$C2DBF4B5B,DCC 3500x2300(左),,U/V轴,北中区,3.50,2.30,左,-172870.62,134064.01,ANGEL STEEL_75x75x3.0
3455,X-HLP3-CR-F3-LAY-KEQP-02-002,紧固件/螺栓,A$C4EA80240,200x4000 DCC 3500x2300(左),,U/V轴,北中区,0.20,4.00,左,-172886.61,134047.33,BOLTS
3456,X-HLP3-CR-F3-LAY-KEQP-02-002,紧固件/螺栓,A$C147C6879,6800x7900 DCC 3500x2300(左),,U/V轴,北中区,6.80,7.90,左,-172887.92,134079.61,BOLTS
3457,X-HLP3-CR-F3-LAY-KEQP-02-002,型钢,A$C2DBF4B5B,DCC 3500x2300(左),,U/V轴,北中区,3.50,2.30,左,-172870.77,133864.01,ANGEL STEEL_75x75x3.0
3458,X-HLP3-CR-F3-LAY-KEQP-02-002,紧固件/螺栓,A$C4EA80240,200x4000 DCC 3500x2300(左),,U/V轴,北中区,0.20,4.00,左,-172886.75,133880.7,BOLTS
3459,X-HLP3-CR-F3-LAY-KEQP-02-002,紧固件/螺栓,A$C147C6879,6800x7900 DCC 3500x2300(左),,U/V轴,北中区,6.80,7.90,左,-172888.07,133848.41,BOLTS
3460,X-HLP3-CR-F3-LAY-KEQP-02-002,紧固件/螺栓,A$C4EA80240,200x4000 DCC 3500x2300(左),,U/V轴,北中区,0.20,4.00,左,-172962.45,133833.03,BOLTS
3461,X-HLP3-CR-F3-LAY-KEQP-02-002,紧固件/螺栓,A$C147C6879,6800x7900 DCC 3500x2300(左),,U/V轴,北中区,6.80,7.90,左,-172930.17,133831.71,BOLTS
3462,X-HLP3-CR-F3-LAY-KEQP-02-002,型钢,A$C2DBF4B5B,DCC 3500x2300(左),,U/V轴,北中区,3.50,2.30,左,-166020.77,133864.01,ANGEL STEEL_75x75x3.0
3463,X-HLP3-CR-F3-LAY-KEQP-02-002,紧固件/螺栓,A$C4EA80240,200x4000 DCC 3500x2300(左),,U/V轴,北中区,0.20,4.00,左,-166004.79,133880.7,BOLTS
3464,X-HLP3-CR-F3-LAY-KEQP-02-002,紧固件/螺栓,A$C147C6879,6800x7900 DCC 3500x2300(左),,U/V轴,北中区,6.80,7.90,左,-166003.47,133848.41,BOLTS
3465,X-HLP3-CR-F3-LAY-KEQP-02-002,型钢,A$C2DBF4B5B,DCC 3500x2300(左),,U/V轴,北中区,3.50,2.30,左,-172870.62,133864.01,ANGEL STEEL_75x75x3.0
3466,X-HLP3-CR-F3-LAY-KEQP-02-002,紧固件/螺栓,A$C4EA80240,200x4000 DCC 3500x2300(左),,U/V轴,北中区,0.20,4.00,左,-172886.61,133880.7,BOLTS
3467,X-HLP3-CR-F3-LAY-KEQP-02-002,紧固件/螺栓,A$C147C6879,6800x7900 DCC 3500x2300(左),,U/V轴,北中区,6.80,7.90,左,-172887.92,133848.41,BOLTS
3468,X-HLP3-CR-F3-LAY-KEQP-02-002,型钢,A$C2DBF4B5B,DCC 3500x2300(左),,U/V轴,北中区,3.50,2.30,左,-165670.77,134064.01,ANGEL STEEL_75x75x3.0
3469,X-HLP3-CR-F3-LAY-KEQP-02-002,紧固件/螺栓,A$C4EA80240,200x4000 DCC 3500x2300(左),,U/V轴,北中区,0.20,4.00,左,-165686.75,134047.33,BOLTS
3470,X-HLP3-CR-F3-LAY-KEQP-02-002,紧固件/螺栓,A$C147C6879,6800x7900 DCC 3500x2300(左),,U/V轴,北中区,6.80,7.90,左,-165688.07,134079.61,BOLTS
3471,X-HLP3-CR-F3-LAY-KEQP-02-002,型钢,A$C2DBF4B5B,DCC 3500x2300(左),,U/V轴,北中区,3.50,2.30,左,-165670.77,133864.01,ANGEL STEEL_75x75x3.0
3472,X-HLP3-CR-F3-LAY-KEQP-02-002,紧固件/螺栓,A$C4EA80240,200x4000 DCC 3500x2300(左),,U/V轴,北中区,0.20,4.00,左,-165686.75,133880.7,BOLTS
3473,X-HLP3-CR-F3-LAY-KEQP-02-002,紧固件/螺栓,A$C147C6879,6800x7900 DCC 3500x2300(左),,U/V轴,北中区,6.80,7.90,左,-165688.07,133848.41,BOLTS
3474,X-HLP3-CR-F3-LAY-KEQP-02-002,型钢,A$C2DBF4B5B,DCC 3500x2300(左),,U/V轴,北中区,3.50,2.30,左,-169270.7,134064.01,ANGEL STEEL_75x75x3.0
3475,X-HLP3-CR-F3-LAY-KEQP-02-002,紧固件/螺栓,A$C4EA80240,200x4000 DCC 3500x2300(左),,U/V轴,北中区,0.20,4.00,左,-169286.68,134047.33,BOLTS
3476,X-HLP3-CR-F3-LAY-KEQP-02-002,紧固件/螺栓,A$C147C6879,6800x7900 DCC 3500x2300(左),,U/V轴,北中区,6.80,7.90,左,-169288.0,134079.61,BOLTS
3477,X-HLP3-CR-F3-LAY-KEQP-02-002,紧固件/螺栓,A$C4EA80240,200x4000 DCC 3500x2300(左),,U/V轴,北中区,0.20,4.00,左,-169362.38,134094.99,BOLTS
3478,X-HLP3-CR-F3-LAY-KEQP-02-002,紧固件/螺栓,A$C147C6879,6800x7900 DCC 3500x2300(左),,U/V轴,北中区,6.80,7.90,左,-169330.1,134096.31,BOLTS
3479,X-HLP3-CR-F3-LAY-KEQP-02-002,型钢,A$C2DBF4B5B,DCC 3500x2300(左),,U/V轴,北中区,3.50,2.30,左,-169620.7,134064.01,ANGEL STEEL_75x75x3.0
3480,X-HLP3-CR-F3-LAY-KEQP-02-002,紧固件/螺栓,A$C4EA80240,200x4000 DCC 3500x2300(左),,U/V轴,北中区,0.20,4.00,左,-169604.71,134047.33,BOLTS
3481,X-HLP3-CR-F3-LAY-KEQP-02-002,紧固件/螺栓,A$C147C6879,6800x7900 DCC 3500x2300(左),,U/V轴,北中区,6.80,7.90,左,-169603.39,134079.61,BOLTS
3482,X-HLP3-CR-F3-LAY-KEQP-02-002,紧固件/螺栓,A$C4EA80240,200x4000 DCC 3500x2300(左),,U/V轴,北中区,0.20,4.00,左,-169529.01,134094.99,BOLTS
3483,X-HLP3-CR-F3-LAY-KEQP-02-002,紧固件/螺栓,A$C147C6879,6800x7900 DCC 3500x2300(左),,U/V轴,北中区,6.80,7.90,左,-169561.3,134096.31,BOLTS
3484,X-HLP3-CR-F3-LAY-KEQP-02-002,型钢,A$C2DBF4B5B,DCC 3500x2300(左),,U/V轴,北中区,3.50,2.30,左,-169270.7,133864.01,ANGEL STEEL_75x75x3.0
3485,X-HLP3-CR-F3-LAY-KEQP-02-002,紧固件/螺栓,A$C4EA80240,200x4000 DCC 3500x2300(左),,U/V轴,北中区,0.20,4.00,左,-169286.68,133880.7,BOLTS
3486,X-HLP3-CR-F3-LAY-KEQP-02-002,紧固件/螺栓,A$C147C6879,6800x7900 DCC 3500x2300(左),,U/V轴,北中区,6.80,7.90,左,-169288.0,133848.41,BOLTS
3487,X-HLP3-CR-F3-LAY-KEQP-02-002,紧固件/螺栓,A$C4EA80240,200x4000 DCC 3500x2300(左),,U/V轴,北中区,0.20,4.00,左,-169362.38,133833.03,BOLTS
3488,X-HLP3-CR-F3-LAY-KEQP-02-002,紧固件/螺栓,A$C147C6879,6800x7900 DCC 3500x2300(左),,U/V轴,北中区,6.80,7.90,左,-169330.1,133831.71,BOLTS
3489,X-HLP3-CR-F3-LAY-KEQP-02-002,型钢,A$C2DBF4B5B,DCC 3500x2300(左),,U/V轴,北中区,3.50,2.30,左,-169620.7,133864.01,ANGEL STEEL_75x75x3.0
3490,X-HLP3-CR-F3-LAY-KEQP-02-002,紧固件/螺栓,A$C4EA80240,200x4000 DCC 3500x2300(左),,U/V轴,北中区,0.20,4.00,左,-169604.71,133880.7,BOLTS
3491,X-HLP3-CR-F3-LAY-KEQP-02-002,紧固件/螺栓,A$C147C6879,6800x7900 DCC 3500x2300(左),,U/V轴,北中区,6.80,7.90,左,-169603.39,133848.41,BOLTS
3492,X-HLP3-CR-F3-LAY-KEQP-02-002,紧固件/螺栓,A$C4EA80240,200x4000 DCC 3500x2300(左),,U/V轴,北中区,0.20,4.00,左,-169529.01,133833.03,BOLTS
3493,X-HLP3-CR-F3-LAY-KEQP-02-002,紧固件/螺栓,A$C147C6879,6800x7900 DCC 3500x2300(左),,U/V轴,北中区,6.80,7.90,左,-169561.3,133831.71,BOLTS
3494,X-HLP3-CR-F3-LAY-KEQP-02-002,型钢,A$C2DBF4B5B,DCC 2850x2300(右),,U/V轴,北中区,2.85,2.30,右,-172870.79,131704.01,ANGEL STEEL_75x75x3.0
3495,X-HLP3-CR-F3-LAY-KEQP-02-002,紧固件/螺栓,A$C4EA80240,200x4000 DCC 2850x2300(右),,U/V轴,北中区,0.20,4.00,右,-172886.77,131687.33,BOLTS
3496,X-HLP3-CR-F3-LAY-KEQP-02-002,紧固件/螺栓,A$C147C6879,6800x7900 DCC 2850x2300(右),,U/V轴,北中区,6.80,7.90,右,-172888.09,131719.61,BOLTS
3497,X-HLP3-CR-F3-LAY-KEQP-02-002,紧固件/螺栓,H10_40,DCC 2850x2300(右),,U/V轴,北中区,2.85,2.30,右,-172295.82,131554.37,ANCHOR BOLTS
3498,X-HLP3-CR-F3-LAY-KEQP-02-002,紧固件/螺栓,H10_40,DCC 2850x2300(右),,U/V轴,北中区,2.85,2.30,右,-171645.82,131554.37,ANCHOR BOLTS
3499,X-HLP3-CR-F3-LAY-KEQP-02-002,紧固件/螺栓,H10_40,DCC 2850x2300(左),,U/V轴,北中区,2.85,2.30,左,-170995.82,131554.37,ANCHOR BOLTS
3500,X-HLP3-CR-F3-LAY-KEQP-02-002,紧固件/螺栓,H10_40,DCC 2850x2300(左),,U/V轴,北中区,2.85,2.30,左,-170345.82,131554.37,ANCHOR BOLTS
3501,X-HLP3-CR-F3-LAY-KEQP-02-002,紧固件/螺栓,H10_40,DCC 2850x2300(左),,U/V轴,北中区,2.85,2.30,左,-169695.82,131554.37,ANCHOR BOLTS
3502,X-HLP3-CR-F3-LAY-KEQP-02-002,型钢,A$C2DBF4B5B,DCC 2850x2300(左),,U/V轴,北中区,2.85,2.30,左,-166020.75,131704.01,ANGEL STEEL_75x75x3.0
3503,X-HLP3-CR-F3-LAY-KEQP-02-002,紧固件/螺栓,A$C4EA80240,200x4000 DCC 2850x2300(左),,U/V轴,北中区,0.20,4.00,左,-166004.77,131687.33,BOLTS
3504,X-HLP3-CR-F3-LAY-KEQP-02-002,紧固件/螺栓,A$C147C6879,6800x7900 DCC 2850x2300(左),,U/V轴,北中区,6.80,7.90,左,-166003.45,131719.61,BOLTS
3505,X-HLP3-CR-F3-LAY-KEQP-02-002,型钢,A$C2DBF4B5B,DCC 3500x2300(左),,U/V轴,北中区,3.50,2.30,左,-172870.79,136424.05,ANGEL STEEL_75x75x3.0
3506,X-HLP3-CR-F3-LAY-KEQP-02-002,紧固件/螺栓,A$C4EA80240,200x4000 DCC 3500x2300(左),,U/V轴,北中区,0.20,4.00,左,-172886.77,136407.37,BOLTS
3507,X-HLP3-CR-F3-LAY-KEQP-02-002,紧固件/螺栓,A$C147C6879,6800x7900 DCC 3500x2300(左),,U/V轴,北中区,6.80,7.90,左,-172888.09,136439.65,BOLTS
3508,X-HLP3-CR-F3-LAY-KEQP-02-002,紧固件/螺栓,A$C4EA80240,200x4000 DCC 3500x2300(左),,U/V轴,北中区,0.20,4.00,左,-172962.47,136455.04,BOLTS
3509,X-HLP3-CR-F3-LAY-KEQP-02-002,紧固件/螺栓,A$C147C6879,6800x7900 DCC 3500x2300(左),,U/V轴,北中区,6.80,7.90,左,-172930.19,136456.36,BOLTS
3510,X-HLP3-CR-F3-LAY-KEQP-02-002,型钢,A$C2DBF4B5B,DCC 3500x2300(左),,U/V轴,北中区,3.50,2.30,左,-166020.79,136424.05,ANGEL STEEL_75x75x3.0
3511,X-HLP3-CR-F3-LAY-KEQP-02-002,紧固件/螺栓,A$C4EA80240,200x4000 DCC 3500x2300(左),,U/V轴,北中区,0.20,4.00,左,-166004.81,136407.37,BOLTS
3512,X-HLP3-CR-F3-LAY-KEQP-02-002,紧固件/螺栓,A$C147C6879,6800x7900 DCC 3500x2300(左),,U/V轴,北中区,6.80,7.90,左,-166003.49,136439.65,BOLTS
3513,X-HLP3-CR-F3-LAY-KEQP-02-002,型钢,A$C2DBF4B5B,DCC 3500x2300(左),,U/V轴,北中区,3.50,2.30,左,-172870.64,136424.05,ANGEL STEEL_75x75x3.0
3514,X-HLP3-CR-F3-LAY-KEQP-02-002,紧固件/螺栓,A$C4EA80240,200x4000 DCC 3500x2300(左),,U/V轴,北中区,0.20,4.00,左,-172886.62,136407.37,BOLTS
3515,X-HLP3-CR-F3-LAY-KEQP-02-002,紧固件/螺栓,A$C147C6879,6800x7900 DCC 3500x2300(左),,U/V轴,北中区,6.80,7.90,左,-172887.94,136439.65,BOLTS
3516,X-HLP3-CR-F3-LAY-KEQP-02-002,型钢,A$C2DBF4B5B,DCC 3500x2300(左),,U/V轴,北中区,3.50,2.30,左,-172870.79,136224.06,ANGEL STEEL_75x75x3.0
3517,X-HLP3-CR-F3-LAY-KEQP-02-002,紧固件/螺栓,A$C4EA80240,200x4000 DCC 3500x2300(左),,U/V轴,北中区,0.20,4.00,左,-172886.77,136240.74,BOLTS
3518,X-HLP3-CR-F3-LAY-KEQP-02-002,紧固件/螺栓,A$C147C6879,6800x7900 DCC 3500x2300(左),,U/V轴,北中区,6.80,7.90,左,-172888.09,136208.46,BOLTS
3519,X-HLP3-CR-F3-LAY-KEQP-02-002,紧固件/螺栓,A$C4EA80240,200x4000 DCC 3500x2300(左),,U/V轴,北中区,0.20,4.00,左,-172962.47,136193.07,BOLTS
3520,X-HLP3-CR-F3-LAY-KEQP-02-002,紧固件/螺栓,A$C147C6879,6800x7900 DCC 3500x2300(左),,U/V轴,北中区,6.80,7.90,左,-172930.19,136191.75,BOLTS
3521,X-HLP3-CR-F3-LAY-KEQP-02-002,型钢,A$C2DBF4B5B,DCC 3500x2300(左),,U/V轴,北中区,3.50,2.30,左,-166020.79,136224.06,ANGEL STEEL_75x75x3.0
3522,X-HLP3-CR-F3-LAY-KEQP-02-002,紧固件/螺栓,A$C4EA80240,200x4000 DCC 3500x2300(左),,U/V轴,北中区,0.20,4.00,左,-166004.81,136240.74,BOLTS
3523,X-HLP3-CR-F3-LAY-KEQP-02-002,紧固件/螺栓,A$C147C6879,6800x7900 DCC 3500x2300(左),,U/V轴,北中区,6.80,7.90,左,-166003.49,136208.46,BOLTS
3524,X-HLP3-CR-F3-LAY-KEQP-02-002,型钢,A$C2DBF4B5B,DCC 3500x2300(左),,U/V轴,北中区,3.50,2.30,左,-172870.64,136224.06,ANGEL STEEL_75x75x3.0
3525,X-HLP3-CR-F3-LAY-KEQP-02-002,紧固件/螺栓,A$C4EA80240,200x4000 DCC 3500x2300(左),,U/V轴,北中区,0.20,4.00,左,-172886.62,136240.74,BOLTS
3526,X-HLP3-CR-F3-LAY-KEQP-02-002,紧固件/螺栓,A$C147C6879,6800x7900 DCC 3500x2300(左),,U/V轴,北中区,6.80,7.90,左,-172887.94,136208.46,BOLTS
3527,X-HLP3-CR-F3-LAY-KEQP-02-002,型钢,A$C2DBF4B5B,DCC 3500x2300(左),,U/V轴,北中区,3.50,2.30,左,-165670.79,136424.05,ANGEL STEEL_75x75x3.0
3528,X-HLP3-CR-F3-LAY-KEQP-02-002,紧固件/螺栓,A$C4EA80240,200x4000 DCC 3500x2300(左),,U/V轴,北中区,0.20,4.00,左,-165686.77,136407.37,BOLTS
3529,X-HLP3-CR-F3-LAY-KEQP-02-002,紧固件/螺栓,A$C147C6879,6800x7900 DCC 3500x2300(左),,U/V轴,北中区,6.80,7.90,左,-165688.09,136439.65,BOLTS
3530,X-HLP3-CR-F3-LAY-KEQP-02-002,型钢,A$C2DBF4B5B,DCC 3500x2300(左),,U/V轴,北中区,3.50,2.30,左,-165670.79,136224.06,ANGEL STEEL_75x75x3.0
3531,X-HLP3-CR-F3-LAY-KEQP-02-002,紧固件/螺栓,A$C4EA80240,200x4000 DCC 3500x2300(左),,U/V轴,北中区,0.20,4.00,左,-165686.77,136240.74,BOLTS
3532,X-HLP3-CR-F3-LAY-KEQP-02-002,紧固件/螺栓,A$C147C6879,6800x7900 DCC 3500x2300(左),,U/V轴,北中区,6.80,7.90,左,-165688.09,136208.46,BOLTS
3533,X-HLP3-CR-F3-LAY-KEQP-02-002,型钢,A$C2DBF4B5B,DCC 2850x2300(左),,U/V轴,北中区,2.85,2.30,左,-165670.79,131704.01,ANGEL STEEL_75x75x3.0
3534,X-HLP3-CR-F3-LAY-KEQP-02-002,紧固件/螺栓,A$C4EA80240,200x4000 DCC 2850x2300(左),,U/V轴,北中区,0.20,4.00,左,-165686.77,131687.33,BOLTS
3535,X-HLP3-CR-F3-LAY-KEQP-02-002,紧固件/螺栓,A$C147C6879,6800x7900 DCC 2850x2300(左),,U/V轴,北中区,6.80,7.90,左,-165688.09,131719.61,BOLTS
3536,X-HLP3-CR-F3-LAY-KEQP-02-002,型钢,A$C2DBF4B5B,DCC 3500x2300(左),,U/V轴,北中区,3.50,2.30,左,-169270.77,136224.04,ANGEL STEEL_75x75x3.0
3537,X-HLP3-CR-F3-LAY-KEQP-02-002,紧固件/螺栓,A$C4EA80240,200x4000 DCC 3500x2300(左),,U/V轴,北中区,0.20,4.00,左,-169286.75,136240.73,BOLTS
3538,X-HLP3-CR-F3-LAY-KEQP-02-002,紧固件/螺栓,A$C147C6879,6800x7900 DCC 3500x2300(左),,U/V轴,北中区,6.80,7.90,左,-169288.07,136208.44,BOLTS
3539,X-HLP3-CR-F3-LAY-KEQP-02-002,紧固件/螺栓,A$C4EA80240,200x4000 DCC 3500x2300(左),,U/V轴,北中区,0.20,4.00,左,-169362.45,136193.06,BOLTS
3540,X-HLP3-CR-F3-LAY-KEQP-02-002,紧固件/螺栓,A$C147C6879,6800x7900 DCC 3500x2300(左),,U/V轴,北中区,6.80,7.90,左,-169330.17,136191.74,BOLTS
3541,X-HLP3-CR-F3-LAY-KEQP-02-002,型钢,A$C2DBF4B5B,DCC 3500x2300(左),,U/V轴,北中区,3.50,2.30,左,-169620.77,136224.04,ANGEL STEEL_75x75x3.0
3542,X-HLP3-CR-F3-LAY-KEQP-02-002,紧固件/螺栓,A$C4EA80240,200x4000 DCC 3500x2300(左),,U/V轴,北中区,0.20,4.00,左,-169604.79,136240.73,BOLTS
3543,X-HLP3-CR-F3-LAY-KEQP-02-002,紧固件/螺栓,A$C147C6879,6800x7900 DCC 3500x2300(左),,U/V轴,北中区,6.80,7.90,左,-169603.47,136208.44,BOLTS
3544,X-HLP3-CR-F3-LAY-KEQP-02-002,紧固件/螺栓,A$C4EA80240,200x4000 DCC 3500x2300(左),,U/V轴,北中区,0.20,4.00,左,-169529.09,136193.06,BOLTS
3545,X-HLP3-CR-F3-LAY-KEQP-02-002,紧固件/螺栓,A$C147C6879,6800x7900 DCC 3500x2300(左),,U/V轴,北中区,6.80,7.90,左,-169561.37,136191.74,BOLTS
3546,X-HLP3-CR-F3-LAY-KEQP-02-002,紧固件/螺栓,H10_40,DCC 2850x2300(左),,U/V轴,北中区,2.85,2.30,左,-167745.77,131554.37,ANCHOR BOLTS
3547,X-HLP3-CR-F3-LAY-KEQP-02-002,紧固件/螺栓,H10_40,DCC 2850x2300(左),,U/V轴,北中区,2.85,2.30,左,-167095.77,131554.37,ANCHOR BOLTS
3548,X-HLP3-CR-F3-LAY-KEQP-02-002,紧固件/螺栓,H10_40,DCC 2850x2300(左),,U/V轴,北中区,2.85,2.30,左,-166445.77,131554.37,ANCHOR BOLTS
3549,X-HLP3-CR-F3-LAY-KEQP-02-002,型钢,A$C2DBF4B5B,DCC 2850x2300(左),,U/V轴,北中区,2.85,2.30,左,-162420.77,131703.98,ANGEL STEEL_75x75x3.0
3550,X-HLP3-CR-F3-LAY-KEQP-02-002,紧固件/螺栓,A$C4EA80240,200x4000 DCC 2850x2300(左),,U/V轴,北中区,0.20,4.00,左,-162404.79,131687.3,BOLTS
3551,X-HLP3-CR-F3-LAY-KEQP-02-002,紧固件/螺栓,A$C147C6879,6800x7900 DCC 2850x2300(左),,U/V轴,北中区,6.80,7.90,左,-162403.47,131719.58,BOLTS
3552,X-HLP3-CR-F3-LAY-KEQP-02-002,紧固件/螺栓,A$C4EA80240,200x4000 DCC 2850x2300(左),,U/V轴,北中区,0.20,4.00,左,-162329.09,131734.96,BOLTS
3553,X-HLP3-CR-F3-LAY-KEQP-02-002,紧固件/螺栓,A$C147C6879,6800x7900 DCC 2850x2300(左),,U/V轴,北中区,6.80,7.90,左,-162361.37,131736.28,BOLTS
3554,X-HLP3-CR-F3-LAY-KEQP-02-002,型钢,A$C2DBF4B5B,DCC 3500x2300(左),,U/V轴,北中区,3.50,2.30,左,-162070.46,134063.98,ANGEL STEEL_75x75x3.0
3555,X-HLP3-CR-F3-LAY-KEQP-02-002,紧固件/螺栓,A$C4EA80240,200x4000 DCC 3500x2300(左),,U/V轴,北中区,0.20,4.00,左,-162086.45,134047.3,BOLTS
3556,X-HLP3-CR-F3-LAY-KEQP-02-002,紧固件/螺栓,A$C147C6879,6800x7900 DCC 3500x2300(左),,U/V轴,北中区,6.80,7.90,左,-162087.76,134079.58,BOLTS
3557,X-HLP3-CR-F3-LAY-KEQP-02-002,紧固件/螺栓,A$C4EA80240,200x4000 DCC 3500x2300(左),,U/V轴,北中区,0.20,4.00,左,-162162.15,134094.96,BOLTS
3558,X-HLP3-CR-F3-LAY-KEQP-02-002,紧固件/螺栓,A$C147C6879,6800x7900 DCC 3500x2300(左),,U/V轴,北中区,6.80,7.90,左,-162129.86,134096.28,BOLTS
3559,X-HLP3-CR-F3-LAY-KEQP-02-002,型钢,A$C2DBF4B5B,DCC 3500x2300(左),,U/V轴,北中区,3.50,2.30,左,-162420.46,134063.98,ANGEL STEEL_75x75x3.0
3560,X-HLP3-CR-F3-LAY-KEQP-02-002,紧固件/螺栓,A$C4EA80240,200x4000 DCC 3500x2300(左),,U/V轴,北中区,0.20,4.00,左,-162404.48,134047.3,BOLTS
3561,X-HLP3-CR-F3-LAY-KEQP-02-002,紧固件/螺栓,A$C147C6879,6800x7900 DCC 3500x2300(左),,U/V轴,北中区,6.80,7.90,左,-162403.16,134079.58,BOLTS
3562,X-HLP3-CR-F3-LAY-KEQP-02-002,紧固件/螺栓,A$C4EA80240,200x4000 DCC 3500x2300(左),,U/V轴,北中区,0.20,4.00,左,-162328.78,134094.96,BOLTS
3563,X-HLP3-CR-F3-LAY-KEQP-02-002,紧固件/螺栓,A$C147C6879,6800x7900 DCC 3500x2300(左),,U/V轴,北中区,6.80,7.90,左,-162361.06,134096.28,BOLTS
3564,X-HLP3-CR-F3-LAY-KEQP-02-002,型钢,A$C2DBF4B5B,DCC 3500x2300(左),,U/V轴,北中区,3.50,2.30,左,-162070.46,133863.98,ANGEL STEEL_75x75x3.0
3565,X-HLP3-CR-F3-LAY-KEQP-02-002,紧固件/螺栓,A$C4EA80240,200x4000 DCC 3500x2300(左),,U/V轴,北中区,0.20,4.00,左,-162086.45,133880.67,BOLTS
3566,X-HLP3-CR-F3-LAY-KEQP-02-002,紧固件/螺栓,A$C147C6879,6800x7900 DCC 3500x2300(左),,U/V轴,北中区,6.80,7.90,左,-162087.76,133848.38,BOLTS
3567,X-HLP3-CR-F3-LAY-KEQP-02-002,紧固件/螺栓,A$C4EA80240,200x4000 DCC 3500x2300(左),,U/V轴,北中区,0.20,4.00,左,-162162.15,133833.0,BOLTS
3568,X-HLP3-CR-F3-LAY-KEQP-02-002,紧固件/螺栓,A$C147C6879,6800x7900 DCC 3500x2300(左),,U/V轴,北中区,6.80,7.90,左,-162129.86,133831.68,BOLTS
3569,X-HLP3-CR-F3-LAY-KEQP-02-002,型钢,A$C2DBF4B5B,DCC 3500x2300(左),,U/V轴,北中区,3.50,2.30,左,-162420.46,133863.98,ANGEL STEEL_75x75x3.0
3570,X-HLP3-CR-F3-LAY-KEQP-02-002,紧固件/螺栓,A$C4EA80240,200x4000 DCC 3500x2300(左),,U/V轴,北中区,0.20,4.00,左,-162404.48,133880.67,BOLTS
3571,X-HLP3-CR-F3-LAY-KEQP-02-002,紧固件/螺栓,A$C147C6879,6800x7900 DCC 3500x2300(左),,U/V轴,北中区,6.80,7.90,左,-162403.16,133848.38,BOLTS
3572,X-HLP3-CR-F3-LAY-KEQP-02-002,紧固件/螺栓,A$C4EA80240,200x4000 DCC 3500x2300(左),,U/V轴,北中区,0.20,4.00,左,-162328.78,133833.0,BOLTS
3573,X-HLP3-CR-F3-LAY-KEQP-02-002,紧固件/螺栓,A$C147C6879,6800x7900 DCC 3500x2300(左),,U/V轴,北中区,6.80,7.90,左,-162361.06,133831.68,BOLTS
3574,X-HLP3-CR-F3-LAY-KEQP-02-002,型钢,A$C2DBF4B5B,DCC 3500x2300(左),,U/V轴,北中区,3.50,2.30,左,-162070.54,136224.01,ANGEL STEEL_75x75x3.0
3575,X-HLP3-CR-F3-LAY-KEQP-02-002,紧固件/螺栓,A$C4EA80240,200x4000 DCC 3500x2300(左),,U/V轴,北中区,0.20,4.00,左,-162086.52,136240.7,BOLTS
3576,X-HLP3-CR-F3-LAY-KEQP-02-002,紧固件/螺栓,A$C147C6879,6800x7900 DCC 3500x2300(左),,U/V轴,北中区,6.80,7.90,左,-162087.84,136208.41,BOLTS
3577,X-HLP3-CR-F3-LAY-KEQP-02-002,紧固件/螺栓,A$C4EA80240,200x4000 DCC 3500x2300(左),,U/V轴,北中区,0.20,4.00,左,-162162.22,136193.03,BOLTS
3578,X-HLP3-CR-F3-LAY-KEQP-02-002,紧固件/螺栓,A$C147C6879,6800x7900 DCC 3500x2300(左),,U/V轴,北中区,6.80,7.90,左,-162129.94,136191.71,BOLTS
3579,X-HLP3-CR-F3-LAY-KEQP-02-002,型钢,A$C2DBF4B5B,DCC 3500x2300(左),,U/V轴,北中区,3.50,2.30,左,-162420.54,136224.01,ANGEL STEEL_75x75x3.0
3580,X-HLP3-CR-F3-LAY-KEQP-02-002,紧固件/螺栓,A$C4EA80240,200x4000 DCC 3500x2300(左),,U/V轴,北中区,0.20,4.00,左,-162404.55,136240.7,BOLTS
3581,X-HLP3-CR-F3-LAY-KEQP-02-002,紧固件/螺栓,A$C147C6879,6800x7900 DCC 3500x2300(左),,U/V轴,北中区,6.80,7.90,左,-162403.23,136208.41,BOLTS
3582,X-HLP3-CR-F3-LAY-KEQP-02-002,紧固件/螺栓,A$C4EA80240,200x4000 DCC 3500x2300(左),,U/V轴,北中区,0.20,4.00,左,-162328.85,136193.03,BOLTS
3583,X-HLP3-CR-F3-LAY-KEQP-02-002,紧固件/螺栓,A$C147C6879,6800x7900 DCC 3500x2300(左),,U/V轴,北中区,6.80,7.90,左,-162361.14,136191.71,BOLTS
3584,X-HLP3-CR-F3-LAY-KEQP-02-002,型钢,A$C2DBF4B5B,DCC 2850x2300(左),,U/V轴,北中区,2.85,2.30,左,-162070.3,131703.98,ANGEL STEEL_75x75x3.0
3585,X-HLP3-CR-F3-LAY-KEQP-02-002,紧固件/螺栓,A$C4EA80240,200x4000 DCC 2850x2300(左),,U/V轴,北中区,0.20,4.00,左,-162086.28,131687.3,BOLTS
3586,X-HLP3-CR-F3-LAY-KEQP-02-002,紧固件/螺栓,A$C147C6879,6800x7900 DCC 2850x2300(左),,U/V轴,北中区,6.80,7.90,左,-162087.6,131719.58,BOLTS
3587,X-HLP3-CR-F3-LAY-KEQP-02-002,紧固件/螺栓,A$C4EA80240,200x4000 DCC 2850x2300(左),,U/V轴,北中区,0.20,4.00,左,-162161.99,131734.96,BOLTS
3588,X-HLP3-CR-F3-LAY-KEQP-02-002,紧固件/螺栓,A$C147C6879,6800x7900 DCC 2850x2300(左),,U/V轴,北中区,6.80,7.90,左,-162129.7,131736.28,BOLTS
3589,X-HLP3-CR-F3-LAY-KEQP-02-002,型钢,A$C2DBF4B5B,DCC 3500x2300(左),,U/V轴,北中区,3.50,2.30,左,-158820.28,136424.05,ANGEL STEEL_75x75x3.0
3590,X-HLP3-CR-F3-LAY-KEQP-02-002,紧固件/螺栓,A$C4EA80240,200x4000 DCC 3500x2300(左),,U/V轴,北中区,0.20,4.00,左,-158804.3,136407.37,BOLTS
3591,X-HLP3-CR-F3-LAY-KEQP-02-002,紧固件/螺栓,A$C147C6879,6800x7900 DCC 3500x2300(左),,U/V轴,北中区,6.80,7.90,左,-158802.98,136439.65,BOLTS
3592,X-HLP3-CR-F3-LAY-KEQP-02-002,型钢,A$C2DBF4B5B,DCC 3500x2300(左),,U/V轴,北中区,3.50,2.30,左,-158820.28,136224.06,ANGEL STEEL_75x75x3.0
3593,X-HLP3-CR-F3-LAY-KEQP-02-002,紧固件/螺栓,A$C4EA80240,200x4000 DCC 3500x2300(左),,U/V轴,北中区,0.20,4.00,左,-158804.3,136240.74,BOLTS
3594,X-HLP3-CR-F3-LAY-KEQP-02-002,紧固件/螺栓,A$C147C6879,6800x7900 DCC 3500x2300(左),,U/V轴,北中区,6.80,7.90,左,-158802.98,136208.46,BOLTS
3595,X-HLP3-CR-F3-LAY-KEQP-02-002,型钢,A$C2DBF4B5B,DCC 3500x2300(左),,U/V轴,北中区,3.50,2.30,左,-158820.28,134064.05,ANGEL STEEL_75x75x3.0
3596,X-HLP3-CR-F3-LAY-KEQP-02-002,紧固件/螺栓,A$C4EA80240,200x4000 DCC 3500x2300(左),,U/V轴,北中区,0.20,4.00,左,-158804.3,134047.37,BOLTS
3597,X-HLP3-CR-F3-LAY-KEQP-02-002,紧固件/螺栓,A$C147C6879,6800x7900 DCC 3500x2300(左),,U/V轴,北中区,6.80,7.90,左,-158802.98,134079.65,BOLTS
3598,X-HLP3-CR-F3-LAY-KEQP-02-002,型钢,A$C2DBF4B5B,DCC 3500x2300(左),,U/V轴,北中区,3.50,2.30,左,-158820.28,133864.06,ANGEL STEEL_75x75x3.0
3599,X-HLP3-CR-F3-LAY-KEQP-02-002,紧固件/螺栓,A$C4EA80240,200x4000 DCC 3500x2300(左),,U/V轴,北中区,0.20,4.00,左,-158804.3,133880.74,BOLTS
3600,X-HLP3-CR-F3-LAY-KEQP-02-002,紧固件/螺栓,A$C147C6879,6800x7900 DCC 3500x2300(左),,U/V轴,北中区,6.80,7.90,左,-158802.98,133848.45,BOLTS
3601,X-HLP3-CR-F3-LAY-KEQP-02-002,型钢,A$C2DBF4B5B,DCC 3500x2300(左),,U/V轴,北中区,3.50,2.30,左,-158820.28,131704.01,ANGEL STEEL_75x75x3.0
3602,X-HLP3-CR-F3-LAY-KEQP-02-002,紧固件/螺栓,A$C4EA80240,200x4000 DCC 3500x2300(左),,U/V轴,北中区,0.20,4.00,左,-158804.3,131687.33,BOLTS
3603,X-HLP3-CR-F3-LAY-KEQP-02-002,紧固件/螺栓,A$C147C6879,6800x7900 DCC 3500x2300(左),,U/V轴,北中区,6.80,7.90,左,-158802.98,131719.61,BOLTS
3604,X-HLP3-CR-F3-LAY-KEQP-02-002,型钢,A$C2DBF4B5B,DCC 3500x2300(左),,U/V轴,北中区,3.50,2.30,左,-158471.26,131704.01,ANGEL STEEL_75x75x3.0
3605,X-HLP3-CR-F3-LAY-KEQP-02-002,紧固件/螺栓,A$C4EA80240,200x4000 DCC 3500x2300(左),,U/V轴,北中区,0.20,4.00,左,-158487.24,131687.33,BOLTS
3606,X-HLP3-CR-F3-LAY-KEQP-02-002,紧固件/螺栓,A$C147C6879,6800x7900 DCC 3500x2300(左),,U/V轴,北中区,6.80,7.90,左,-158488.56,131719.61,BOLTS
3607,X-HLP3-CR-F3-LAY-KEQP-02-002,型钢,A$C2DBF4B5B,DCC 3500x2300(左),,U/V轴,北中区,3.50,2.30,左,-158471.26,134064.05,ANGEL STEEL_75x75x3.0
3608,X-HLP3-CR-F3-LAY-KEQP-02-002,紧固件/螺栓,A$C4EA80240,200x4000 DCC 3500x2300(左),,U/V轴,北中区,0.20,4.00,左,-158487.24,134047.37,BOLTS
3609,X-HLP3-CR-F3-LAY-KEQP-02-002,紧固件/螺栓,A$C147C6879,6800x7900 DCC 3500x2300(左),,U/V轴,北中区,6.80,7.90,左,-158488.56,134079.65,BOLTS
3610,X-HLP3-CR-F3-LAY-KEQP-02-002,型钢,A$C2DBF4B5B,DCC 3500x2300(左),,U/V轴,北中区,3.50,2.30,左,-158471.26,133864.06,ANGEL STEEL_75x75x3.0
3611,X-HLP3-CR-F3-LAY-KEQP-02-002,紧固件/螺栓,A$C4EA80240,200x4000 DCC 3500x2300(左),,U/V轴,北中区,0.20,4.00,左,-158487.24,133880.74,BOLTS
3612,X-HLP3-CR-F3-LAY-KEQP-02-002,紧固件/螺栓,A$C147C6879,6800x7900 DCC 3500x2300(左),,U/V轴,北中区,6.80,7.90,左,-158488.56,133848.45,BOLTS
3613,X-HLP3-CR-F3-LAY-KEQP-02-002,型钢,A$C2DBF4B5B,DCC 3500x2300(左),,U/V轴,北中区,3.50,2.30,左,-154870.54,131704.01,ANGEL STEEL_75x75x3.0
3614,X-HLP3-CR-F3-LAY-KEQP-02-002,紧固件/螺栓,A$C4EA80240,200x4000 DCC 3500x2300(左),,U/V轴,北中区,0.20,4.00,左,-154886.52,131687.33,BOLTS
3615,X-HLP3-CR-F3-LAY-KEQP-02-002,紧固件/螺栓,A$C147C6879,6800x7900 DCC 3500x2300(左),,U/V轴,北中区,6.80,7.90,左,-154887.84,131719.61,BOLTS
3616,X-HLP3-CR-F3-LAY-KEQP-02-002,紧固件/螺栓,A$C4EA80240,200x4000 DCC 3500x2300(左),,U/V轴,北中区,0.20,4.00,左,-154962.22,131734.99,BOLTS
3617,X-HLP3-CR-F3-LAY-KEQP-02-002,紧固件/螺栓,A$C147C6879,6800x7900 DCC 3500x2300(左),,U/V轴,北中区,6.80,7.90,左,-154929.94,131736.31,BOLTS
3618,X-HLP3-CR-F3-LAY-KEQP-02-002,紧固件/螺栓,H10_40,DCC 2850x2300(左),,U/V轴,北中区,2.85,2.30,左,-165095.77,131554.37,ANCHOR BOLTS
3619,X-HLP3-CR-F3-LAY-KEQP-02-002,紧固件/螺栓,H10_40,DCC 2850x2300(左),,U/V轴,北中区,2.85,2.30,左,-164445.77,131554.37,ANCHOR BOLTS
3620,X-HLP3-CR-F3-LAY-KEQP-02-002,紧固件/螺栓,H10_40,DCC 2850x2300(左),,U/V轴,北中区,2.85,2.30,左,-163795.77,131554.37,ANCHOR BOLTS
3621,X-HLP3-CR-F3-LAY-KEQP-02-002,紧固件/螺栓,H10_40,DCC 2850x2300(左),,U/V轴,北中区,2.85,2.30,左,-163145.77,131554.37,ANCHOR BOLTS
3622,X-HLP3-CR-F3-LAY-KEQP-02-002,紧固件/螺栓,H10_40,DCC 2850x2300(左),,U/V轴,北中区,2.85,2.30,左,-162495.77,131554.37,ANCHOR BOLTS
3623,X-HLP3-CR-F3-LAY-KEQP-02-002,紧固件/螺栓,H10_40,DCC 2850x2300(左),,U/V轴,北中区,2.85,2.30,左,-161845.77,131554.37,ANCHOR BOLTS
3624,X-HLP3-CR-F3-LAY-KEQP-02-002,紧固件/螺栓,H10_40,DCC 2850x2300(左),,U/V轴,北中区,2.85,2.30,左,-161195.77,131552.61,ANCHOR BOLTS
3625,X-HLP3-CR-F3-LAY-KEQP-02-002,紧固件/螺栓,H10_40,DCC 2850x2300(左),,U/V轴,北中区,2.85,2.30,左,-160545.77,131554.37,ANCHOR BOLTS
3626,X-HLP3-CR-F3-LAY-KEQP-02-002,紧固件/螺栓,H10_40,DCC 2850x2300(左),,U/V轴,北中区,2.85,2.30,左,-159895.77,131554.37,ANCHOR BOLTS
3627,X-HLP3-CR-F3-LAY-KEQP-02-002,紧固件/螺栓,H10_40,DCC 2850x2300(左),,U/V轴,北中区,2.85,2.30,左,-159245.77,131554.37,ANCHOR BOLTS
3628,X-HLP3-CR-F3-LAY-KEQP-02-002,紧固件/螺栓,H10_40,DCC 3500x2300(左),,U/V轴,北中区,3.50,2.30,左,-157895.77,131554.37,ANCHOR BOLTS
3629,X-HLP3-CR-F3-LAY-KEQP-02-002,紧固件/螺栓,H10_40,DCC 3500x2300(左),,U/V轴,北中区,3.50,2.30,左,-157245.77,131554.37,ANCHOR BOLTS
3630,X-HLP3-CR-F3-LAY-KEQP-02-002,紧固件/螺栓,H10_40,DCC 3500x2300(左),,U/V轴,北中区,3.50,2.30,左,-156595.77,131554.37,ANCHOR BOLTS
3631,X-HLP3-CR-F3-LAY-KEQP-02-002,紧固件/螺栓,H10_40,DCC 3500x2300(左),,U/V轴,北中区,3.50,2.30,左,-155945.77,131554.37,ANCHOR BOLTS
3632,X-HLP3-CR-F3-LAY-KEQP-02-002,紧固件/螺栓,H10_40,DCC 3500x2300(左),,U/V轴,北中区,3.50,2.30,左,-155295.77,131554.37,ANCHOR BOLTS
3633,X-HLP3-CR-F3-LAY-KEQP-02-002,紧固件/螺栓,H10_40,DCC 3500x2300(左),,U/V轴,北中区,3.50,2.30,左,-154645.77,131554.37,ANCHOR BOLTS
3634,X-HLP3-CR-F3-LAY-KEQP-02-002,紧固件/螺栓,H10_40,DCC 3500x2300(左),,U/V轴,北中区,3.50,2.30,左,-153995.77,131552.61,ANCHOR BOLTS
3635,X-HLP3-CR-F3-LAY-KEQP-02-002,紧固件/螺栓,H10_40,DCC 3500x2300(左),,U/V轴,北中区,3.50,2.30,左,-153345.77,131554.37,ANCHOR BOLTS
3636,X-HLP3-CR-F3-LAY-KEQP-02-002,紧固件/螺栓,H10_40,DCC 3500x2300(左),,U/V轴,北中区,3.50,2.30,左,-152695.77,131554.37,ANCHOR BOLTS
3637,X-HLP3-CR-F3-LAY-KEQP-02-002,紧固件/螺栓,H10_40,DCC 3500x2300(左),,U/V轴,北中区,3.50,2.30,左,-152045.77,131554.37,ANCHOR BOLTS
3638,X-HLP3-CR-F3-LAY-KEQP-02-002,型钢,A$C2DBF4B5B,DCC 3500x2300(左),,U/V轴,北中区,3.50,2.30,左,-151620.28,134064.05,ANGEL STEEL_75x75x3.0
3639,X-HLP3-CR-F3-LAY-KEQP-02-002,紧固件/螺栓,A$C4EA80240,200x4000 DCC 3500x2300(左),,U/V轴,北中区,0.20,4.00,左,-151604.3,134047.37,BOLTS
3640,X-HLP3-CR-F3-LAY-KEQP-02-002,紧固件/螺栓,A$C147C6879,6800x7900 DCC 3500x2300(左),,U/V轴,北中区,6.80,7.90,左,-151602.98,134079.65,BOLTS
3641,X-HLP3-CR-F3-LAY-KEQP-02-002,型钢,A$C2DBF4B5B,DCC 3500x2300(左),,U/V轴,北中区,3.50,2.30,左,-151620.28,133864.06,ANGEL STEEL_75x75x3.0
3642,X-HLP3-CR-F3-LAY-KEQP-02-002,紧固件/螺栓,A$C4EA80240,200x4000 DCC 3500x2300(左),,U/V轴,北中区,0.20,4.00,左,-151604.3,133880.74,BOLTS
3643,X-HLP3-CR-F3-LAY-KEQP-02-002,紧固件/螺栓,A$C147C6879,6800x7900 DCC 3500x2300(左),,U/V轴,北中区,6.80,7.90,左,-151602.98,133848.45,BOLTS
3644,X-HLP3-CR-F3-LAY-KEQP-02-002,型钢,A$C2DBF4B5B,DCC 3500x2300(左),,U/V轴,北中区,3.50,2.30,左,-151620.41,131703.7,ANGEL STEEL_75x75x3.0
3645,X-HLP3-CR-F3-LAY-KEQP-02-002,紧固件/螺栓,A$C4EA80240,200x4000 DCC 3500x2300(左),,U/V轴,北中区,0.20,4.00,左,-151604.42,131687.02,BOLTS
3646,X-HLP3-CR-F3-LAY-KEQP-02-002,紧固件/螺栓,A$C147C6879,6800x7900 DCC 3500x2300(左),,U/V轴,北中区,6.80,7.90,左,-151603.1,131719.3,BOLTS
3647,X-HLP3-CR-F3-LAY-KEQP-02-002,型钢,A$C2DBF4B5B,DCC 3500x2300(左),,U/V轴,北中区,3.50,2.30,左,-149770.77,133864.01,ANGEL STEEL_75x75x3.0
3648,X-HLP3-CR-F3-LAY-KEQP-02-002,紧固件/螺栓,A$C4EA80240,200x4000 DCC 3500x2300(左),,U/V轴,北中区,0.20,4.00,左,-149786.75,133880.7,BOLTS
3649,X-HLP3-CR-F3-LAY-KEQP-02-002,紧固件/螺栓,A$C147C6879,6800x7900 DCC 3500x2300(左),,U/V轴,北中区,6.80,7.90,左,-149788.07,133848.41,BOLTS
3650,X-HLP3-CR-F3-LAY-KEQP-02-002,紧固件/螺栓,A$C4EA80240,200x4000 DCC 3500x2300(左),,U/V轴,北中区,0.20,4.00,左,-149862.45,133833.03,BOLTS
3651,X-HLP3-CR-F3-LAY-KEQP-02-002,紧固件/螺栓,A$C147C6879,6800x7900 DCC 3500x2300(左),,U/V轴,北中区,6.80,7.90,左,-149830.17,133831.71,BOLTS
3652,X-HLP3-CR-F3-LAY-KEQP-02-002,型钢,A$C2DBF4B5B,DCC 3500x2300(左),,U/V轴,北中区,3.50,2.30,左,-150120.77,133864.01,ANGEL STEEL_75x75x3.0
3653,X-HLP3-CR-F3-LAY-KEQP-02-002,紧固件/螺栓,A$C4EA80240,200x4000 DCC 3500x2300(左),,U/V轴,北中区,0.20,4.00,左,-150104.79,133880.7,BOLTS
3654,X-HLP3-CR-F3-LAY-KEQP-02-002,紧固件/螺栓,A$C147C6879,6800x7900 DCC 3500x2300(左),,U/V轴,北中区,6.80,7.90,左,-150103.47,133848.41,BOLTS
3655,X-HLP3-CR-F3-LAY-KEQP-02-002,紧固件/螺栓,A$C4EA80240,200x4000 DCC 3500x2300(左),,U/V轴,北中区,0.20,4.00,左,-150029.09,133833.03,BOLTS
3656,X-HLP3-CR-F3-LAY-KEQP-02-002,紧固件/螺栓,A$C147C6879,6800x7900 DCC 3500x2300(左),,U/V轴,北中区,6.80,7.90,左,-150061.37,133831.71,BOLTS
3657,X-HLP3-CR-F3-LAY-KEQP-02-002,型钢,A$C2DBF4B5B,DCC 3500x2300(左),,U/V轴,北中区,3.50,2.30,左,-151271.26,134064.05,ANGEL STEEL_75x75x3.0
3658,X-HLP3-CR-F3-LAY-KEQP-02-002,紧固件/螺栓,A$C4EA80240,200x4000 DCC 3500x2300(左),,U/V轴,北中区,0.20,4.00,左,-151287.24,134047.37,BOLTS
3659,X-HLP3-CR-F3-LAY-KEQP-02-002,紧固件/螺栓,A$C147C6879,6800x7900 DCC 3500x2300(左),,U/V轴,北中区,6.80,7.90,左,-151288.56,134079.65,BOLTS
3660,X-HLP3-CR-F3-LAY-KEQP-02-002,型钢,A$C2DBF4B5B,DCC 3500x2300(左),,U/V轴,北中区,3.50,2.30,左,-151271.26,133864.06,ANGEL STEEL_75x75x3.0
3661,X-HLP3-CR-F3-LAY-KEQP-02-002,紧固件/螺栓,A$C4EA80240,200x4000 DCC 3500x2300(左),,U/V轴,北中区,0.20,4.00,左,-151287.24,133880.74,BOLTS
3662,X-HLP3-CR-F3-LAY-KEQP-02-002,紧固件/螺栓,A$C147C6879,6800x7900 DCC 3500x2300(左),,U/V轴,北中区,6.80,7.90,左,-151288.56,133848.45,BOLTS
3663,X-HLP3-CR-F3-LAY-KEQP-02-002,型钢,A$C2DBF4B5B,DCC 3500x2300(左),,U/V轴,北中区,3.50,2.30,左,-144420.28,134064.05,ANGEL STEEL_75x75x3.0
3664,X-HLP3-CR-F3-LAY-KEQP-02-002,紧固件/螺栓,A$C4EA80240,200x4000 DCC 3500x2300(左),,U/V轴,北中区,0.20,4.00,左,-144404.3,134047.37,BOLTS
3665,X-HLP3-CR-F3-LAY-KEQP-02-002,紧固件/螺栓,A$C147C6879,6800x7900 DCC 3500x2300(左),,U/V轴,北中区,6.80,7.90,左,-144402.98,134079.65,BOLTS
3666,X-HLP3-CR-F3-LAY-KEQP-02-002,型钢,A$C2DBF4B5B,DCC 3500x2300(左),,U/V轴,北中区,3.50,2.30,左,-144420.28,133864.06,ANGEL STEEL_75x75x3.0
3667,X-HLP3-CR-F3-LAY-KEQP-02-002,紧固件/螺栓,A$C4EA80240,200x4000 DCC 3500x2300(左),,U/V轴,北中区,0.20,4.00,左,-144404.3,133880.74,BOLTS
3668,X-HLP3-CR-F3-LAY-KEQP-02-002,紧固件/螺栓,A$C147C6879,6800x7900 DCC 3500x2300(左),,U/V轴,北中区,6.80,7.90,左,-144402.98,133848.45,BOLTS
3669,X-HLP3-CR-F3-LAY-KEQP-02-002,型钢,A$C2DBF4B5B,DCC 2850x2300(左),,U/V轴,北中区,2.85,2.30,左,-148021.44,131704.01,ANGEL STEEL_75x75x3.0
3670,X-HLP3-CR-F3-LAY-KEQP-02-002,紧固件/螺栓,A$C4EA80240,200x4000 DCC 2850x2300(左),,U/V轴,北中区,0.20,4.00,左,-148005.46,131687.33,BOLTS
3671,X-HLP3-CR-F3-LAY-KEQP-02-002,紧固件/螺栓,A$C147C6879,6800x7900 DCC 2850x2300(左),,U/V轴,北中区,6.80,7.90,左,-148004.14,131719.61,BOLTS
3672,X-HLP3-CR-F3-LAY-KEQP-02-002,紧固件/螺栓,A$C4EA80240,200x4000 DCC 2850x2300(左),,U/V轴,北中区,0.20,4.00,左,-147929.76,131734.99,BOLTS
3673,X-HLP3-CR-F3-LAY-KEQP-02-002,紧固件/螺栓,A$C147C6879,6800x7900 DCC 2850x2300(左),,U/V轴,北中区,6.80,7.90,左,-147962.04,131736.31,BOLTS
3674,X-HLP3-CR-F3-LAY-KEQP-02-002,紧固件/螺栓,H10_40,DCC 2850x2300(左),,U/V轴,北中区,2.85,2.30,左,-149395.77,131554.37,ANCHOR BOLTS
3675,X-HLP3-CR-F3-LAY-KEQP-02-002,紧固件/螺栓,H10_40,DCC 2850x2300(左),,U/V轴,北中区,2.85,2.30,左,-148745.77,131554.37,ANCHOR BOLTS
3676,X-HLP3-CR-F3-LAY-KEQP-02-002,紧固件/螺栓,H10_40,DCC 2850x2300(左),,U/V轴,北中区,2.85,2.30,左,-148095.77,131554.37,ANCHOR BOLTS
3677,X-HLP3-CR-F3-LAY-KEQP-02-002,紧固件/螺栓,H10_40,DCC 2850x2300(左),,U/V轴,北中区,2.85,2.30,左,-147445.77,131554.37,ANCHOR BOLTS
3678,X-HLP3-CR-F3-LAY-KEQP-02-002,紧固件/螺栓,H10_40,DCC 2850x2300(左),,U/V轴,北中区,2.85,2.30,左,-146795.77,131552.61,ANCHOR BOLTS
3679,X-HLP3-CR-F3-LAY-KEQP-02-002,紧固件/螺栓,H10_40,DCC 2850x2300(左),,U/V轴,北中区,2.85,2.30,左,-146145.77,131554.37,ANCHOR BOLTS
3680,X-HLP3-CR-F3-LAY-KEQP-02-002,紧固件/螺栓,H10_40,DCC 2850x2300(左),,U/V轴,北中区,2.85,2.30,左,-145495.77,131554.37,ANCHOR BOLTS
3681,X-HLP3-CR-F3-LAY-KEQP-02-002,紧固件/螺栓,H10_40,DCC 2850x2300(左),,U/V轴,北中区,2.85,2.30,左,-144845.77,131554.37,ANCHOR BOLTS
3682,X-HLP3-CR-F3-LAY-KEQP-02-002,型钢,A$C2DBF4B5B,DCC 2850x2300(左),,U/V轴,北中区,2.85,2.30,左,-149770.59,131704.01,ANGEL STEEL_75x75x3.0
3683,X-HLP3-CR-F3-LAY-KEQP-02-002,紧固件/螺栓,A$C4EA80240,200x4000 DCC 2850x2300(左),,U/V轴,北中区,0.20,4.00,左,-149786.57,131687.33,BOLTS
3684,X-HLP3-CR-F3-LAY-KEQP-02-002,紧固件/螺栓,A$C147C6879,6800x7900 DCC 3500x2300(左),,U/V轴,北中区,6.80,7.90,左,-149787.89,131719.61,BOLTS
3685,X-HLP3-CR-F3-LAY-KEQP-02-002,紧固件/螺栓,A$C4EA80240,200x4000 DCC 3500x2300(左),,U/V轴,北中区,0.20,4.00,左,-149862.27,131734.99,BOLTS
3686,X-HLP3-CR-F3-LAY-KEQP-02-002,紧固件/螺栓,A$C147C6879,6800x7900 DCC 3500x2300(左),,U/V轴,北中区,6.80,7.90,左,-149829.99,131736.31,BOLTS
3687,X-HLP3-CR-F3-LAY-KEQP-02-002,紧固件/螺栓,H10_40,DCC 2850x1800(左),,S/T轴,北中区,2.85,1.80,左,-172420.79,119187.37,ANCHOR BOLTS
3688,X-HLP3-CR-F3-LAY-KEQP-02-002,紧固件/螺栓,H10_40,DCC 2850x1800(左),,S/T轴,北中区,2.85,1.80,左,-171770.79,119187.37,ANCHOR BOLTS
3689,X-HLP3-CR-F3-LAY-KEQP-02-002,紧固件/螺栓,H10_40,DCC 2850x1800(左),,S/T轴,北中区,2.85,1.80,左,-171120.79,119187.37,ANCHOR BOLTS
3690,X-HLP3-CR-F3-LAY-KEQP-02-002,紧固件/螺栓,H10_40,DCC 2850x1800(左),,S/T轴,北中区,2.85,1.80,左,-170470.79,119187.37,ANCHOR BOLTS
3691,X-HLP3-CR-F3-LAY-KEQP-02-002,紧固件/螺栓,H10_40,DCC 2850x1800(左),,S/T轴,北中区,2.85,1.80,左,-173020.79,119187.37,ANCHOR BOLTS
3692,X-HLP3-CR-F3-LAY-KEQP-02-002,紧固件/螺栓,H10_40,DCC 2850x1800(左),,S/T轴,北中区,2.85,1.80,左,-169820.79,119187.37,ANCHOR BOLTS
3693,X-HLP3-CR-F3-LAY-KEQP-02-002,紧固件/螺栓,H10_40,DCC 2850x1800(左),,S/T轴,北中区,2.85,1.80,左,-169170.79,119187.37,ANCHOR BOLTS
3694,X-HLP3-CR-F3-LAY-KEQP-02-002,紧固件/螺栓,H10_40,DCC 2850x1800(左),,S/T轴,北中区,2.85,1.80,左,-168520.79,119187.37,ANCHOR BOLTS
3695,X-HLP3-CR-F3-LAY-KEQP-02-002,紧固件/螺栓,H10_40,DCC 2850x1800(左),,S/T轴,北中区,2.85,1.80,左,-167870.79,119186.73,ANCHOR BOLTS
3696,X-HLP3-CR-F3-LAY-KEQP-02-002,紧固件/螺栓,H10_40,DCC 2850x1800(左),,S/T轴,北中区,2.85,1.80,左,-167220.79,119186.73,ANCHOR BOLTS
3697,X-HLP3-CR-F3-LAY-KEQP-02-002,型钢,A$C2DBF4B5B,DCC 2850x2300(左),,S/T轴,北中区,2.85,2.30,左,-164645.77,121497.01,ANGEL STEEL_75x75x3.0
3698,X-HLP3-CR-F3-LAY-KEQP-02-002,紧固件/螺栓,A$C4EA80240,200x4000 DCC 2850x2300(左),,S/T轴,北中区,0.20,4.00,左,-164629.79,121513.7,BOLTS
3699,X-HLP3-CR-F3-LAY-KEQP-02-002,紧固件/螺栓,A$C147C6879,6800x7900 DCC 2850x2300(左),,S/T轴,北中区,6.80,7.90,左,-164628.47,121481.41,BOLTS
3700,X-HLP3-CR-F3-LAY-KEQP-02-002,紧固件/螺栓,A$C4EA80240,200x4000 DCC 2850x2300(左),,S/T轴,北中区,0.20,4.00,左,-164554.09,121466.03,BOLTS
3701,X-HLP3-CR-F3-LAY-KEQP-02-002,紧固件/螺栓,A$C147C6879,6800x7900 DCC 2850x2300(左),,S/T轴,北中区,6.80,7.90,左,-164586.37,121464.71,BOLTS
3702,X-HLP3-CR-F3-LAY-KEQP-02-002,型钢,A$C2DBF4B5B,DCC 2850x1800(左),,S/T轴,北中区,2.85,1.80,左,-163021.0,119337.01,ANGEL STEEL_75x75x3.0
3703,X-HLP3-CR-F3-LAY-KEQP-02-002,紧固件/螺栓,A$C4EA80240,200x4000 DCC 2850x1800(左),,S/T轴,北中区,0.20,4.00,左,-163005.02,119320.33,BOLTS
3704,X-HLP3-CR-F3-LAY-KEQP-02-002,紧固件/螺栓,A$C147C6879,6800x7900 DCC 2850x1800(左),,S/T轴,北中区,6.80,7.90,左,-163003.7,119352.61,BOLTS
3705,X-HLP3-CR-F3-LAY-KEQP-02-002,紧固件/螺栓,A$C4EA80240,200x4000 DCC 2850x2300(左),,S/T轴,北中区,0.20,4.00,左,-162929.32,119367.99,BOLTS
3706,X-HLP3-CR-F3-LAY-KEQP-02-002,紧固件/螺栓,A$C147C6879,6800x7900 DCC 2850x2300(左),,S/T轴,北中区,6.80,7.90,左,-162961.6,119369.31,BOLTS
3707,X-HLP3-CR-F3-LAY-KEQP-02-002,型钢,A$C2DBF4B5B,DCC 2850x2300(左),,S/T轴,北中区,2.85,2.30,左,-165595.77,121497.01,ANGEL STEEL_75x75x3.0
3708,X-HLP3-CR-F3-LAY-KEQP-02-002,紧固件/螺栓,A$C4EA80240,200x4000 DCC 2850x2300(左),,S/T轴,北中区,0.20,4.00,左,-165611.75,121513.7,BOLTS
3709,X-HLP3-CR-F3-LAY-KEQP-02-002,紧固件/螺栓,A$C147C6879,6800x7900 DCC 2850x2300(左),,S/T轴,北中区,6.80,7.90,左,-165613.07,121481.41,BOLTS
3710,X-HLP3-CR-F3-LAY-KEQP-02-002,紧固件/螺栓,A$C4EA80240,200x4000 DCC 2850x2300(左),,S/T轴,北中区,0.20,4.00,左,-165687.45,121466.03,BOLTS
3711,X-HLP3-CR-F3-LAY-KEQP-02-002,紧固件/螺栓,A$C147C6879,6800x7900 DCC 2850x2300(左),,S/T轴,北中区,6.80,7.90,左,-165655.17,121464.71,BOLTS
3712,X-HLP3-CR-F3-LAY-KEQP-02-002,型钢,A$C2DBF4B5B,DCC 2850x1800(左),,S/T轴,北中区,2.85,1.80,左,-164345.54,119337.01,ANGEL STEEL_75x75x3.0
3713,X-HLP3-CR-F3-LAY-KEQP-02-002,紧固件/螺栓,A$C4EA80240,200x4000 DCC 2850x1800(左),,S/T轴,北中区,0.20,4.00,左,-164361.52,119320.33,BOLTS
3714,X-HLP3-CR-F3-LAY-KEQP-02-002,紧固件/螺栓,A$C147C6879,6800x7900 DCC 2850x1800(左),,S/T轴,北中区,6.80,7.90,左,-164362.84,119352.61,BOLTS
3715,X-HLP3-CR-F3-LAY-KEQP-02-002,紧固件/螺栓,A$C4EA80240,200x4000 DCC 2850x1800(左),,S/T轴,北中区,0.20,4.00,左,-164437.22,119367.99,BOLTS
3716,X-HLP3-CR-F3-LAY-KEQP-02-002,紧固件/螺栓,A$C147C6879,6800x7900 DCC 2850x1800(左),,S/T轴,北中区,6.80,7.90,左,-164404.94,119369.31,BOLTS
3717,X-HLP3-CR-F3-LAY-KEQP-02-002,紧固件/螺栓,H10_40,DCC 2850x1800(左),,S/T轴,北中区,2.85,1.80,左,-162570.81,119187.37,ANCHOR BOLTS
3718,X-HLP3-CR-F3-LAY-KEQP-02-002,紧固件/螺栓,H10_40,DCC 2850x2300(左),,S/T轴,北中区,2.85,2.30,左,-161920.81,119187.37,ANCHOR BOLTS
3719,X-HLP3-CR-F3-LAY-KEQP-02-002,紧固件/螺栓,H10_40,DCC 2850x2300(左),,S/T轴,北中区,2.85,2.30,左,-161270.81,119187.37,ANCHOR BOLTS
3720,X-HLP3-CR-F3-LAY-KEQP-02-002,紧固件/螺栓,H10_40,DCC 2850x2300(左),,S/T轴,北中区,2.85,2.30,左,-160620.81,119186.73,ANCHOR BOLTS
3721,X-HLP3-CR-F3-LAY-KEQP-02-002,紧固件/螺栓,H10_40,DCC 2850x2300(左),,S/T轴,北中区,2.85,2.30,左,-159970.81,119186.73,ANCHOR BOLTS
3722,X-HLP3-CR-F3-LAY-KEQP-02-002,紧固件/螺栓,H10_40,DCC 2850x1800(左),,S/T轴,北中区,2.85,1.80,左,-164370.77,119187.37,ANCHOR BOLTS
3723,X-HLP3-CR-F3-LAY-KEQP-02-002,紧固件/螺栓,H10_40,DCC 2850x1800(左),,S/T轴,北中区,2.85,1.80,左,-163870.81,119187.37,ANCHOR BOLTS
3724,X-HLP3-CR-F3-LAY-KEQP-02-002,紧固件/螺栓,H10_40,DCC 2850x1800(左),,S/T轴,北中区,2.85,1.80,左,-163220.81,119187.37,ANCHOR BOLTS
3725,X-HLP3-CR-F3-LAY-KEQP-02-002,型钢,A$C2DBF4B5B,DCC 2850x1800(左),,T/U轴,北中区,2.85,1.80,左,-143333.65,123856.99,ANGEL STEEL_75x75x3.0
3726,X-HLP3-CR-F3-LAY-KEQP-02-002,紧固件/螺栓,A$C4EA80240,200x4000 DCC 2850x1800(左),,T/U轴,北中区,0.20,4.00,左,-143317.67,123873.67,BOLTS
3727,X-HLP3-CR-F3-LAY-KEQP-02-002,紧固件/螺栓,A$C147C6879,6800x7900 DCC 2850x1800(左),,T/U轴,北中区,6.80,7.90,左,-143316.35,123841.39,BOLTS
3728,X-HLP3-CR-F3-LAY-KEQP-02-002,紧固件/螺栓,A$C4EA80240,200x4000 DCC 2850x1800(左),,T/U轴,北中区,0.20,4.00,左,-143241.97,123826.01,BOLTS
3729,X-HLP3-CR-F3-LAY-KEQP-02-002,紧固件/螺栓,A$C147C6879,6800x7900 DCC 2850x1800(左),,T/U轴,北中区,6.80,7.90,左,-143274.25,123824.69,BOLTS
3730,X-HLP3-CR-F3-LAY-KEQP-02-002,型钢,A$C2DBF4B5B,DCC 2850x1800(左),,S/T轴,北中区,2.85,1.80,左,-143333.65,121497.04,ANGEL STEEL_75x75x3.0
3731,X-HLP3-CR-F3-LAY-KEQP-02-002,紧固件/螺栓,A$C4EA80240,200x4000 DCC 2850x1800(左),,S/T轴,北中区,0.20,4.00,左,-143317.67,121513.72,BOLTS
3732,X-HLP3-CR-F3-LAY-KEQP-02-002,紧固件/螺栓,A$C147C6879,6800x7900 DCC 2850x1800(左),,S/T轴,北中区,6.80,7.90,左,-143316.35,121481.44,BOLTS
3733,X-HLP3-CR-F3-LAY-KEQP-02-002,紧固件/螺栓,A$C4EA80240,200x4000 DCC 2850x1800(左),,S/T轴,北中区,0.20,4.00,左,-143241.97,121466.05,BOLTS
3734,X-HLP3-CR-F3-LAY-KEQP-02-002,紧固件/螺栓,A$C147C6879,6800x7900 DCC 2850x1800(左),,S/T轴,北中区,6.80,7.90,左,-143274.25,121464.73,BOLTS
3735,X-HLP3-CR-F3-LAY-KEQP-02-002,型钢,A$C2DBF4B5B,DCC 2850x1800(左),,S/T轴,北中区,2.85,1.80,左,-143333.65,121696.99,ANGEL STEEL_75x75x3.0
3736,X-HLP3-CR-F3-LAY-KEQP-02-002,紧固件/螺栓,A$C4EA80240,200x4000 DCC 2850x1800(左),,S/T轴,北中区,0.20,4.00,左,-143317.67,121680.3,BOLTS
3737,X-HLP3-CR-F3-LAY-KEQP-02-002,紧固件/螺栓,A$C147C6879,6800x7900 DCC 2850x1800(左),,S/T轴,北中区,6.80,7.90,左,-143316.35,121712.59,BOLTS
3738,X-HLP3-CR-F3-LAY-KEQP-02-002,紧固件/螺栓,A$C4EA80240,200x4000 DCC 2850x1800(左),,S/T轴,北中区,0.20,4.00,左,-143241.97,121727.97,BOLTS
3739,X-HLP3-CR-F3-LAY-KEQP-02-002,紧固件/螺栓,A$C147C6879,6800x7900 DCC 2850x1800(左),,S/T轴,北中区,6.80,7.90,左,-143274.25,121729.29,BOLTS
3740,X-HLP3-CR-F3-LAY-KEQP-02-002,型钢,A$C2DBF4B5B,DCC 2850x2300(左),,S/T轴,北中区,2.85,2.30,左,-148833.65,121497.01,ANGEL STEEL_75x75x3.0
3741,X-HLP3-CR-F3-LAY-KEQP-02-002,紧固件/螺栓,A$C4EA80240,200x4000 DCC 2850x2300(左),,S/T轴,北中区,0.20,4.00,左,-148849.64,121513.7,BOLTS
3742,X-HLP3-CR-F3-LAY-KEQP-02-002,紧固件/螺栓,A$C147C6879,6800x7900 DCC 2850x2300(左),,S/T轴,北中区,6.80,7.90,左,-148850.96,121481.41,BOLTS
3743,X-HLP3-CR-F3-LAY-KEQP-02-002,紧固件/螺栓,A$C4EA80240,200x4000 DCC 2850x2300(左),,S/T轴,北中区,0.20,4.00,左,-148925.34,121466.03,BOLTS
3744,X-HLP3-CR-F3-LAY-KEQP-02-002,紧固件/螺栓,A$C147C6879,6800x7900 DCC 2850x2300(左),,S/T轴,北中区,6.80,7.90,左,-148893.05,121464.71,BOLTS
3745,X-HLP3-CR-F3-LAY-KEQP-02-002,型钢,A$C2DBF4B5B,DCC 2850x2300(左),,S/T轴,北中区,2.85,2.30,左,-146258.89,121697.01,ANGEL STEEL_75x75x3.0
3746,X-HLP3-CR-F3-LAY-KEQP-02-002,紧固件/螺栓,A$C4EA80240,200x4000 DCC 2850x2300(左),,S/T轴,北中区,0.20,4.00,左,-146242.9,121680.33,BOLTS
3747,X-HLP3-CR-F3-LAY-KEQP-02-002,紧固件/螺栓,A$C147C6879,6800x7900 DCC 2850x2300(左),,S/T轴,北中区,6.80,7.90,左,-146241.59,121712.61,BOLTS
3748,X-HLP3-CR-F3-LAY-KEQP-02-002,型钢,A$C2DBF4B5B,DCC 2850x2300(左),,S/T轴,北中区,2.85,2.30,左,-146258.89,121497.01,ANGEL STEEL_75x75x3.0
3749,X-HLP3-CR-F3-LAY-KEQP-02-002,紧固件/螺栓,A$C4EA80240,200x4000 DCC 2850x2300(左),,S/T轴,北中区,0.20,4.00,左,-146242.9,121513.7,BOLTS
3750,X-HLP3-CR-F3-LAY-KEQP-02-002,紧固件/螺栓,A$C147C6879,6800x7900 DCC 2850x2300(左),,S/T轴,北中区,6.80,7.90,左,-146241.59,121481.41,BOLTS
3751,X-HLP3-CR-F3-LAY-KEQP-02-002,型钢,A$C2DBF4B5B,DCC 2850x2300(左),,S/T轴,北中区,2.85,2.30,左,-145908.89,121697.01,ANGEL STEEL_75x75x3.0
3752,X-HLP3-CR-F3-LAY-KEQP-02-002,紧固件/螺栓,A$C4EA80240,200x4000 DCC 2850x2300(左),,S/T轴,北中区,0.20,4.00,左,-145924.87,121680.33,BOLTS
3753,X-HLP3-CR-F3-LAY-KEQP-02-002,紧固件/螺栓,A$C147C6879,6800x7900 DCC 2850x2300(左),,S/T轴,北中区,6.80,7.90,左,-145926.19,121712.61,BOLTS
3754,X-HLP3-CR-F3-LAY-KEQP-02-002,型钢,A$C2DBF4B5B,DCC 2850x2300(左),,S/T轴,北中区,2.85,2.30,左,-145908.89,121497.01,ANGEL STEEL_75x75x3.0
3755,X-HLP3-CR-F3-LAY-KEQP-02-002,紧固件/螺栓,A$C4EA80240,200x4000 DCC 2850x2300(左),,S/T轴,北中区,0.20,4.00,左,-145924.87,121513.7,BOLTS
3756,X-HLP3-CR-F3-LAY-KEQP-02-002,紧固件/螺栓,A$C147C6879,6800x7900 DCC 2850x2300(左),,S/T轴,北中区,6.80,7.90,左,-145926.19,121481.41,BOLTS
3757,X-HLP3-CR-F3-LAY-KEQP-02-002,型钢,A$C2DBF4B5B,DCC 2850x2600(左),,S/T轴,北中区,2.85,2.60,左,-146258.87,119337.01,ANGEL STEEL_75x75x3.0
3758,X-HLP3-CR-F3-LAY-KEQP-02-002,紧固件/螺栓,A$C4EA80240,200x4000 DCC 2850x2600(左),,S/T轴,北中区,0.20,4.00,左,-146242.89,119320.33,BOLTS
3759,X-HLP3-CR-F3-LAY-KEQP-02-002,紧固件/螺栓,A$C147C6879,6800x7900 DCC 2850x2600(左),,S/T轴,北中区,6.80,7.90,左,-146241.57,119352.61,BOLTS
3760,X-HLP3-CR-F3-LAY-KEQP-02-002,型钢,A$C2DBF4B5B,DCC 2850x2600(左),,S/T轴,北中区,2.85,2.60,左,-145908.9,119337.01,ANGEL STEEL_75x75x3.0
3761,X-HLP3-CR-F3-LAY-KEQP-02-002,紧固件/螺栓,A$C4EA80240,200x4000 DCC 2850x2600(左),,S/T轴,北中区,0.20,4.00,左,-145924.89,119320.33,BOLTS
3762,X-HLP3-CR-F3-LAY-KEQP-02-002,紧固件/螺栓,A$C147C6879,6800x7900 DCC 2850x2600(左),,S/T轴,北中区,6.80,7.90,左,-145926.21,119352.61,BOLTS
3763,X-HLP3-CR-F3-LAY-KEQP-02-002,型钢,A$C2DBF4B5B,DCC 2850x2600(左),,S/T轴,北中区,2.85,2.60,左,-143333.65,119337.01,ANGEL STEEL_75x75x3.0
3764,X-HLP3-CR-F3-LAY-KEQP-02-002,紧固件/螺栓,A$C4EA80240,200x4000 DCC 2850x2600(左),,S/T轴,北中区,0.20,4.00,左,-143317.67,119320.33,BOLTS
3765,X-HLP3-CR-F3-LAY-KEQP-02-002,紧固件/螺栓,A$C147C6879,6800x7900 DCC 2850x2600(左),,S/T轴,北中区,6.80,7.90,左,-143316.35,119352.61,BOLTS
3766,X-HLP3-CR-F3-LAY-KEQP-02-002,紧固件/螺栓,A$C4EA80240,200x4000 DCC 2850x2600(左),,S/T轴,北中区,0.20,4.00,左,-143241.97,119367.99,BOLTS
3767,X-HLP3-CR-F3-LAY-KEQP-02-002,紧固件/螺栓,A$C147C6879,6800x7900 DCC 2850x2600(左),,S/T轴,北中区,6.80,7.90,左,-143274.25,119369.31,BOLTS
3768,X-HLP3-CR-F3-LAY-KEQP-02-002,型钢,A$C2DBF4B5B,DCC 2850x2600(左),,S/T轴,北中区,2.85,2.60,左,-143333.89,119337.01,ANGEL STEEL_75x75x3.0
3769,X-HLP3-CR-F3-LAY-KEQP-02-002,紧固件/螺栓,A$C4EA80240,200x4000 DCC 2850x2600(左),,S/T轴,北中区,0.20,4.00,左,-143317.9,119320.33,BOLTS
3770,X-HLP3-CR-F3-LAY-KEQP-02-002,紧固件/螺栓,A$C147C6879,6800x7900 DCC 2850x2600(左),,S/T轴,北中区,6.80,7.90,左,-143316.59,119352.61,BOLTS
3771,X-HLP3-CR-F3-LAY-KEQP-02-002,紧固件/螺栓,A$C4EA80240,200x4000 DCC 2850x2600(左),,S/T轴,北中区,0.20,4.00,左,-143242.2,119367.99,BOLTS
3772,X-HLP3-CR-F3-LAY-KEQP-02-002,紧固件/螺栓,A$C147C6879,6800x7900 DCC 2850x2600(左),,S/T轴,北中区,6.80,7.90,左,-143274.49,119369.31,BOLTS
3773,X-HLP3-CR-F3-LAY-KEQP-02-002,型钢,A$C2DBF4B5B,DCC 2850x2600(左),,S/T轴,北中区,2.85,2.60,左,-147533.65,119337.01,ANGEL STEEL_75x75x3.0
3774,X-HLP3-CR-F3-LAY-KEQP-02-002,紧固件/螺栓,A$C4EA80240,200x4000 DCC 2850x2600(左),,S/T轴,北中区,0.20,4.00,左,-147549.64,119320.33,BOLTS
3775,X-HLP3-CR-F3-LAY-KEQP-02-002,紧固件/螺栓,A$C147C6879,6800x7900 DCC 2850x2600(左),,S/T轴,北中区,6.80,7.90,左,-147550.96,119352.61,BOLTS
3776,X-HLP3-CR-F3-LAY-KEQP-02-002,紧固件/螺栓,A$C4EA80240,200x4000 DCC 2850x2600(左),,S/T轴,北中区,0.20,4.00,左,-147625.34,119367.99,BOLTS
3777,X-HLP3-CR-F3-LAY-KEQP-02-002,紧固件/螺栓,A$C147C6879,6800x7900 DCC 2850x2600(左),,S/T轴,北中区,6.80,7.90,左,-147593.05,119369.31,BOLTS
3778,X-HLP3-CR-F3-LAY-KEQP-02-002,型钢,A$C2DBF4B5B,DCC 2850x2600(左),,S/T轴,北中区,2.85,2.60,左,-147533.42,119337.01,ANGEL STEEL_75x75x3.0
3779,X-HLP3-CR-F3-LAY-KEQP-02-002,紧固件/螺栓,A$C4EA80240,200x4000 DCC 2850x2600(左),,S/T轴,北中区,0.20,4.00,左,-147549.4,119320.33,BOLTS
3780,X-HLP3-CR-F3-LAY-KEQP-02-002,紧固件/螺栓,A$C147C6879,6800x7900 DCC 2850x2600(左),,S/T轴,北中区,6.80,7.90,左,-147550.72,119352.61,BOLTS
3781,X-HLP3-CR-F3-LAY-KEQP-02-002,紧固件/螺栓,A$C4EA80240,200x4000 DCC 2850x2600(左),,S/T轴,北中区,0.20,4.00,左,-147625.1,119367.99,BOLTS
3782,X-HLP3-CR-F3-LAY-KEQP-02-002,紧固件/螺栓,A$C147C6879,6800x7900 DCC 2850x2600(左),,S/T轴,北中区,6.80,7.90,左,-147592.82,119369.31,BOLTS
3783,X-HLP3-CR-F3-LAY-KEQP-02-002,紧固件/螺栓,H10_40,DCC 2850x2600(左),,S/T轴,北中区,2.85,2.60,左,-145261.95,119187.37,ANCHOR BOLTS
3784,X-HLP3-CR-F3-LAY-KEQP-02-002,紧固件/螺栓,H10_40,DCC 2850x2600(左),,S/T轴,北中区,2.85,2.60,左,-144611.95,119187.37,ANCHOR BOLTS
3785,X-HLP3-CR-F3-LAY-KEQP-02-002,紧固件/螺栓,H10_40,DCC 2850x2600(左),,S/T轴,北中区,2.85,2.60,左,-143961.95,119186.73,ANCHOR BOLTS
3786,X-HLP3-CR-F3-LAY-KEQP-02-002,紧固件/螺栓,H10_40,DCC 2850x2600(左),,S/T轴,北中区,2.85,2.60,左,-143311.95,119186.73,ANCHOR BOLTS
3787,X-HLP3-CR-F3-LAY-KEQP-02-002,紧固件/螺栓,H10_40,DCC 2850x2600(左),,S/T轴,北中区,2.85,2.60,左,-147561.91,119187.37,ANCHOR BOLTS
3788,X-HLP3-CR-F3-LAY-KEQP-02-002,紧固件/螺栓,H10_40,DCC 2850x2600(左),,S/T轴,北中区,2.85,2.60,左,-146933.89,119187.37,ANCHOR BOLTS
3789,X-HLP3-CR-F3-LAY-KEQP-02-002,紧固件/螺栓,H10_40,DCC 2850x2600(左),,S/T轴,北中区,2.85,2.60,左,-146283.89,119187.37,ANCHOR BOLTS
3790,X-HLP3-CR-F3-LAY-KEQP-02-002,型钢,A$C2DBF4B5B,DCC 2850x2300(左),,S/T轴,北中区,2.85,2.30,左,-147533.65,121497.01,ANGEL STEEL_75x75x3.0
3791,X-HLP3-CR-F3-LAY-KEQP-02-002,紧固件/螺栓,A$C4EA80240,200x4000 DCC 2850x2300(左),,S/T轴,北中区,0.20,4.00,左,-147549.64,121513.7,BOLTS
3792,X-HLP3-CR-F3-LAY-KEQP-02-002,紧固件/螺栓,A$C147C6879,6800x7900 DCC 2850x2300(左),,S/T轴,北中区,6.80,7.90,左,-147550.96,121481.41,BOLTS
3793,X-HLP3-CR-F3-LAY-KEQP-02-002,紧固件/螺栓,A$C4EA80240,200x4000 DCC 2850x2300(左),,S/T轴,北中区,0.20,4.00,左,-147625.34,121466.03,BOLTS
3794,X-HLP3-CR-F3-LAY-KEQP-02-002,紧固件/螺栓,A$C147C6879,6800x7900 DCC 2850x2300(左),,S/T轴,北中区,6.80,7.90,左,-147593.05,121464.71,BOLTS
3795,X-HLP3-CR-F3-LAY-KEQP-02-002,型钢,A$C2DBF4B5B,DCC 2850x2300(左),,S/T轴,北中区,2.85,2.30,左,-147533.42,121497.01,ANGEL STEEL_75x75x3.0
3796,X-HLP3-CR-F3-LAY-KEQP-02-002,紧固件/螺栓,A$C4EA80240,200x4000 DCC 2850x2300(左),,S/T轴,北中区,0.20,4.00,左,-147549.4,121513.7,BOLTS
3797,X-HLP3-CR-F3-LAY-KEQP-02-002,紧固件/螺栓,A$C147C6879,6800x7900 DCC 2850x2300(左),,S/T轴,北中区,6.80,7.90,左,-147550.72,121481.41,BOLTS
3798,X-HLP3-CR-F3-LAY-KEQP-02-002,紧固件/螺栓,A$C4EA80240,200x4000 DCC 2850x2300(左),,S/T轴,北中区,0.20,4.00,左,-147625.1,121466.03,BOLTS
3799,X-HLP3-CR-F3-LAY-KEQP-02-002,紧固件/螺栓,A$C147C6879,6800x7900 DCC 2850x2300(左),,S/T轴,北中区,6.80,7.90,左,-147592.82,121464.71,BOLTS
3800,X-HLP3-CR-F3-LAY-KEQP-02-002,型钢,A$C2DBF4B5B,DCC 2850x2300(左),,S/T轴,北中区,2.85,2.30,左,-147883.65,121497.01,ANGEL STEEL_75x75x3.0
3801,X-HLP3-CR-F3-LAY-KEQP-02-002,紧固件/螺栓,A$C4EA80240,200x4000 DCC 2850x2300(左),,S/T轴,北中区,0.20,4.00,左,-147867.67,121513.7,BOLTS
3802,X-HLP3-CR-F3-LAY-KEQP-02-002,紧固件/螺栓,A$C147C6879,6800x7900 DCC 2850x2300(左),,S/T轴,北中区,6.80,7.90,左,-147866.35,121481.41,BOLTS
3803,X-HLP3-CR-F3-LAY-KEQP-02-002,紧固件/螺栓,A$C4EA80240,200x4000 DCC 2850x2300(左),,S/T轴,北中区,0.20,4.00,左,-147791.97,121466.03,BOLTS
3804,X-HLP3-CR-F3-LAY-KEQP-02-002,紧固件/螺栓,A$C147C6879,6800x7900 DCC 2850x2300(左),,S/T轴,北中区,6.80,7.90,左,-147824.25,121464.71,BOLTS
3805,X-HLP3-CR-F3-LAY-KEQP-02-002,型钢,A$C2DBF4B5B,DCC 2850x2300(左),,S/T轴,北中区,2.85,2.30,左,-147883.89,121497.01,ANGEL STEEL_75x75x3.0
3806,X-HLP3-CR-F3-LAY-KEQP-02-002,紧固件/螺栓,A$C4EA80240,200x4000 DCC 2850x2300(左),,S/T轴,北中区,0.20,4.00,左,-147867.9,121513.7,BOLTS
3807,X-HLP3-CR-F3-LAY-KEQP-02-002,紧固件/螺栓,A$C147C6879,6800x7900 DCC 2850x2300(左),,S/T轴,北中区,6.80,7.90,左,-147866.59,121481.41,BOLTS
3808,X-HLP3-CR-F3-LAY-KEQP-02-002,紧固件/螺栓,A$C4EA80240,200x4000 DCC 2850x2300(左),,S/T轴,北中区,0.20,4.00,左,-147792.2,121466.03,BOLTS
3809,X-HLP3-CR-F3-LAY-KEQP-02-002,紧固件/螺栓,A$C147C6879,6800x7900 DCC 2850x2300(左),,S/T轴,北中区,6.80,7.90,左,-147824.49,121464.71,BOLTS
3810,X-HLP3-CR-F3-LAY-KEQP-02-002,型钢,A$C2DBF4B5B,DCC 2850x1800(左),,S/T轴,北中区,2.85,1.80,左,-141633.42,122797.01,ANGEL STEEL_75x75x3.0
3811,X-HLP3-CR-F3-LAY-KEQP-02-002,紧固件/螺栓,A$C4EA80240,200x4000 DCC 2850x1800(左),,S/T轴,北中区,0.20,4.00,左,-141649.4,122813.7,BOLTS
3812,X-HLP3-CR-F3-LAY-KEQP-02-002,紧固件/螺栓,A$C147C6879,6800x7900 DCC 2850x1800(左),,S/T轴,北中区,6.80,7.90,左,-141650.72,122781.41,BOLTS
3813,X-HLP3-CR-F3-LAY-KEQP-02-002,紧固件/螺栓,A$C4EA80240,200x4000 DCC 2850x1800(左),,S/T轴,北中区,0.20,4.00,左,-141725.1,122766.03,BOLTS
3814,X-HLP3-CR-F3-LAY-KEQP-02-002,紧固件/螺栓,A$C147C6879,6800x7900 DCC 2850x1800(左),,S/T轴,北中区,6.80,7.90,左,-141692.82,122764.71,BOLTS
3815,X-HLP3-CR-F3-LAY-KEQP-02-002,型钢,A$C2DBF4B5B,DCC 2850x1800(左),,S/T轴,北中区,2.85,1.80,左,-141633.42,120997.01,ANGEL STEEL_75x75x3.0
3816,X-HLP3-CR-F3-LAY-KEQP-02-002,紧固件/螺栓,A$C4EA80240,200x4000 DCC 2850x1800(左),,S/T轴,北中区,0.20,4.00,左,-141649.4,121013.7,BOLTS
3817,X-HLP3-CR-F3-LAY-KEQP-02-002,紧固件/螺栓,A$C147C6879,6800x7900 DCC 2850x1800(左),,S/T轴,北中区,6.80,7.90,左,-141650.72,120981.41,BOLTS
3818,X-HLP3-CR-F3-LAY-KEQP-02-002,紧固件/螺栓,A$C4EA80240,200x4000 DCC 2850x1800(左),,S/T轴,北中区,0.20,4.00,左,-141725.1,120966.03,BOLTS
3819,X-HLP3-CR-F3-LAY-KEQP-02-002,紧固件/螺栓,A$C147C6879,6800x7900 DCC 2850x1800(左),,S/T轴,北中区,6.80,7.90,左,-141692.82,120964.71,BOLTS
3820,X-HLP3-CR-F3-LAY-KEQP-02-002,型钢,A$C2DBF4B5B,DCC 2850x1800(左),,S/T轴,北中区,2.85,1.80,左,-141633.65,121197.01,ANGEL STEEL_75x75x3.0
3821,X-HLP3-CR-F3-LAY-KEQP-02-002,紧固件/螺栓,A$C4EA80240,200x4000 DCC 2850x1800(左),,S/T轴,北中区,0.20,4.00,左,-141649.64,121180.33,BOLTS
3822,X-HLP3-CR-F3-LAY-KEQP-02-002,紧固件/螺栓,A$C147C6879,6800x7900 DCC 2850x1800(左),,S/T轴,北中区,6.80,7.90,左,-141650.96,121212.61,BOLTS
3823,X-HLP3-CR-F3-LAY-KEQP-02-002,紧固件/螺栓,A$C4EA80240,200x4000 DCC 2850x1800(左),,S/T轴,北中区,0.20,4.00,左,-141725.34,121227.99,BOLTS
3824,X-HLP3-CR-F3-LAY-KEQP-02-002,紧固件/螺栓,A$C147C6879,6800x7900 DCC 2850x1800(左),,S/T轴,北中区,6.80,7.90,左,-141693.05,121229.31,BOLTS
3825,X-HLP3-CR-F3-LAY-KEQP-02-002,紧固件/螺栓,H10_40,DCC 2850x2600(左),,S/T轴,北中区,2.85,2.60,左,-145911.95,119187.37,ANCHOR BOLTS
3826,X-HLP3-CR-F3-LAY-KEQP-02-002,紧固件/螺栓,H10_40,DCC 2850x2600(左),,S/T轴,北中区,2.85,2.60,左,-138061.95,119187.37,ANCHOR BOLTS
3827,X-HLP3-CR-F3-LAY-KEQP-02-002,紧固件/螺栓,H10_40,DCC 2850x2600(左),,S/T轴,北中区,2.85,2.60,左,-137411.95,119187.37,ANCHOR BOLTS
3828,X-HLP3-CR-F3-LAY-KEQP-02-002,紧固件/螺栓,H10_40,DCC 2850x2600(左),,S/T轴,北中区,2.85,2.60,左,-136761.95,119186.73,ANCHOR BOLTS
3829,X-HLP3-CR-F3-LAY-KEQP-02-002,紧固件/螺栓,H10_40,DCC 2850x2600(左),,S/T轴,北中区,2.85,2.60,左,-136111.95,119186.73,ANCHOR BOLTS
3830,X-HLP3-CR-F3-LAY-KEQP-02-002,紧固件/螺栓,H10_40,DCC 2850x2600(左),,S/T轴,北中区,2.85,2.60,左,-138711.95,119187.37,ANCHOR BOLTS
3831,X-HLP3-CR-F3-LAY-KEQP-02-002,紧固件/螺栓,H10_40,DCC 2850x1800(左),,S/T轴,北中区,2.85,1.80,左,-141150.19,119187.37,ANCHOR BOLTS
3832,X-HLP3-CR-F3-LAY-KEQP-02-002,紧固件/螺栓,H10_40,DCC 2850x1800(左),,S/T轴,北中区,2.85,1.80,左,-140500.19,119187.37,ANCHOR BOLTS
3833,X-HLP3-CR-F3-LAY-KEQP-02-002,紧固件/螺栓,H10_40,DCC 2850x2600(左),,S/T轴,北中区,2.85,2.60,左,-139850.19,119186.73,ANCHOR BOLTS
3834,X-HLP3-CR-F3-LAY-KEQP-02-002,紧固件/螺栓,H10_40,DCC 2850x2600(左),,S/T轴,北中区,2.85,2.60,左,-139200.19,119186.73,ANCHOR BOLTS
3835,X-HLP3-CR-F3-LAY-KEQP-02-002,紧固件/螺栓,H10_40,DCC 2850x1800(左),,S/T轴,北中区,2.85,1.80,左,-141800.19,119187.37,ANCHOR BOLTS
3836,X-HLP3-CR-F3-LAY-KEQP-02-002,型钢,A$C2DBF4B5B,DCC 2850x2600(左),,S/T轴,北中区,2.85,2.60,左,-139061.89,121197.01,ANGEL STEEL_75x75x3.0
3837,X-HLP3-CR-F3-LAY-KEQP-02-002,紧固件/螺栓,A$C4EA80240,200x4000 DCC 2850x2600(左),,S/T轴,北中区,0.20,4.00,左,-139045.9,121180.33,BOLTS
3838,X-HLP3-CR-F3-LAY-KEQP-02-002,紧固件/螺栓,A$C147C6879,6800x7900 DCC 2850x2600(左),,S/T轴,北中区,6.80,7.90,左,-139044.59,121212.61,BOLTS
3839,X-HLP3-CR-F3-LAY-KEQP-02-002,型钢,A$C2DBF4B5B,DCC 2850x2600(左),,S/T轴,北中区,2.85,2.60,左,-139061.89,120997.01,ANGEL STEEL_75x75x3.0
3840,X-HLP3-CR-F3-LAY-KEQP-02-002,紧固件/螺栓,A$C4EA80240,200x4000 DCC 2850x2600(左),,S/T轴,北中区,0.20,4.00,左,-139045.9,121013.7,BOLTS
3841,X-HLP3-CR-F3-LAY-KEQP-02-002,紧固件/螺栓,A$C147C6879,6800x7900 DCC 2850x2600(左),,S/T轴,北中区,6.80,7.90,左,-139044.59,120981.41,BOLTS
3842,X-HLP3-CR-F3-LAY-KEQP-02-002,型钢,A$C2DBF4B5B,DCC 2850x2600(左),,S/T轴,北中区,2.85,2.60,左,-139061.89,122997.01,ANGEL STEEL_75x75x3.0
3843,X-HLP3-CR-F3-LAY-KEQP-02-002,紧固件/螺栓,A$C4EA80240,200x4000 DCC 2850x2600(左),,S/T轴,北中区,0.20,4.00,左,-139045.9,122980.33,BOLTS
3844,X-HLP3-CR-F3-LAY-KEQP-02-002,紧固件/螺栓,A$C147C6879,6800x7900 DCC 2850x2600(左),,S/T轴,北中区,6.80,7.90,左,-139044.59,123012.61,BOLTS
3845,X-HLP3-CR-F3-LAY-KEQP-02-002,型钢,A$C2DBF4B5B,DCC 2850x2600(左),,S/T轴,北中区,2.85,2.60,左,-139061.89,122797.01,ANGEL STEEL_75x75x3.0
3846,X-HLP3-CR-F3-LAY-KEQP-02-002,紧固件/螺栓,A$C4EA80240,200x4000 DCC 2850x2600(左),,S/T轴,北中区,0.20,4.00,左,-139045.9,122813.7,BOLTS
3847,X-HLP3-CR-F3-LAY-KEQP-02-002,紧固件/螺栓,A$C147C6879,6800x7900 DCC 2850x2600(左),,S/T轴,北中区,6.80,7.90,左,-139044.59,122781.41,BOLTS
3848,X-HLP3-CR-F3-LAY-KEQP-02-002,型钢,A$C2DBF4B5B,DCC 2850x2600(左),,T/U轴,北中区,2.85,2.60,左,-138711.89,124657.01,ANGEL STEEL_75x75x3.0
3849,X-HLP3-CR-F3-LAY-KEQP-02-002,紧固件/螺栓,A$C4EA80240,200x4000 DCC 2850x2600(左),,T/U轴,北中区,0.20,4.00,左,-138727.87,124640.33,BOLTS
3850,X-HLP3-CR-F3-LAY-KEQP-02-002,紧固件/螺栓,A$C147C6879,6800x7900 DCC 2850x2600(左),,T/U轴,北中区,6.80,7.90,左,-138729.19,124672.61,BOLTS
3851,X-HLP3-CR-F3-LAY-KEQP-02-002,型钢,A$C2DBF4B5B,DCC 2850x2600(左),,T/U轴,北中区,2.85,2.60,左,-138711.89,124457.01,ANGEL STEEL_75x75x3.0
3852,X-HLP3-CR-F3-LAY-KEQP-02-002,紧固件/螺栓,A$C4EA80240,200x4000 DCC 2850x2600(左),,T/U轴,北中区,0.20,4.00,左,-138727.87,124473.7,BOLTS
3853,X-HLP3-CR-F3-LAY-KEQP-02-002,紧固件/螺栓,A$C147C6879,6800x7900 DCC 2850x2600(左),,T/U轴,北中区,6.80,7.90,左,-138729.19,124441.41,BOLTS
3854,X-HLP3-CR-F3-LAY-KEQP-02-002,型钢,A$C2DBF4B5B,DCC 2850x2600(左),,S/T轴,北中区,2.85,2.60,左,-138711.89,121997.01,ANGEL STEEL_75x75x3.0
3855,X-HLP3-CR-F3-LAY-KEQP-02-002,紧固件/螺栓,A$C4EA80240,200x4000 DCC 2850x2600(左),,S/T轴,北中区,0.20,4.00,左,-138727.87,121980.33,BOLTS
3856,X-HLP3-CR-F3-LAY-KEQP-02-002,紧固件/螺栓,A$C147C6879,6800x7900 DCC 2850x2600(左),,S/T轴,北中区,6.80,7.90,左,-138729.19,122012.61,BOLTS
3857,X-HLP3-CR-F3-LAY-KEQP-02-002,型钢,A$C2DBF4B5B,DCC 2850x2600(左),,S/T轴,北中区,2.85,2.60,左,-138711.89,121797.01,ANGEL STEEL_75x75x3.0
3858,X-HLP3-CR-F3-LAY-KEQP-02-002,紧固件/螺栓,A$C4EA80240,200x4000 DCC 2850x2600(左),,S/T轴,北中区,0.20,4.00,左,-138727.87,121813.7,BOLTS
3859,X-HLP3-CR-F3-LAY-KEQP-02-002,紧固件/螺栓,A$C147C6879,6800x7900 DCC 2850x2600(左),,S/T轴,北中区,6.80,7.90,左,-138729.19,121781.41,BOLTS
3860,X-HLP3-CR-F3-LAY-KEQP-02-002,型钢,A$C2DBF4B5B,DCC 2850x1800(左),,R/S轴,北中区,2.85,1.80,左,-162720.54,109290.01,ANGEL STEEL_75x75x3.0
3861,X-HLP3-CR-F3-LAY-KEQP-02-002,紧固件/螺栓,A$C4EA80240,200x4000 DCC 2850x1800(左),,R/S轴,北中区,0.20,4.00,左,-162736.52,109273.33,BOLTS
3862,X-HLP3-CR-F3-LAY-KEQP-02-002,紧固件/螺栓,A$C147C6879,6800x7900 DCC 2850x1800(左),,R/S轴,北中区,6.80,7.90,左,-162737.84,109305.61,BOLTS
3863,X-HLP3-CR-F3-LAY-KEQP-02-002,型钢,A$C2DBF4B5B,DCC 2850x1800(左),,Q/R轴,北中区,2.85,1.80,左,-162720.54,109140.01,ANGEL STEEL_75x75x3.0
3864,X-HLP3-CR-F3-LAY-KEQP-02-002,紧固件/螺栓,A$C4EA80240,200x4000 DCC 2850x1800(左),,Q/R轴,北中区,0.20,4.00,左,-162736.52,109156.7,BOLTS
3865,X-HLP3-CR-F3-LAY-KEQP-02-002,紧固件/螺栓,A$C147C6879,6800x7900 DCC 2850x1800(左),,Q/R轴,北中区,6.80,7.90,左,-162737.84,109124.41,BOLTS
3866,X-HLP3-CR-F3-LAY-KEQP-02-002,型钢,A$C2DBF4B5B,DCC 2850x1800(左),,Q/R轴,北中区,2.85,1.80,左,-161420.77,106970.01,ANGEL STEEL_75x75x3.0
3867,X-HLP3-CR-F3-LAY-KEQP-02-002,紧固件/螺栓,A$C4EA80240,200x4000 DCC 2850x1800(左),,Q/R轴,北中区,0.20,4.00,左,-161436.75,106953.33,BOLTS
3868,X-HLP3-CR-F3-LAY-KEQP-02-002,紧固件/螺栓,A$C147C6879,6800x7900 DCC 2850x1800(左),,Q/R轴,北中区,6.80,7.90,左,-161438.07,106985.61,BOLTS
3869,X-HLP3-CR-F3-LAY-KEQP-02-002,紧固件/螺栓,A$C4EA80240,200x4000 DCC 2850x1800(左),,Q/R轴,北中区,0.20,4.00,左,-161512.45,107000.99,BOLTS
3870,X-HLP3-CR-F3-LAY-KEQP-02-002,紧固件/螺栓,A$C147C6879,6800x7900 DCC 2850x1800(左),,Q/R轴,北中区,6.80,7.90,左,-161480.17,107002.31,BOLTS
3871,X-HLP3-CR-F3-LAY-KEQP-02-002,型钢,A$C2DBF4B5B,DCC 2850x1800(左),,Q/R轴,北中区,2.85,1.80,左,-161420.54,106970.01,ANGEL STEEL_75x75x3.0
3872,X-HLP3-CR-F3-LAY-KEQP-02-002,紧固件/螺栓,A$C4EA80240,200x4000 DCC 2850x1800(左),,Q/R轴,北中区,0.20,4.00,左,-161436.52,106953.33,BOLTS
3873,X-HLP3-CR-F3-LAY-KEQP-02-002,紧固件/螺栓,A$C147C6879,6800x7900 DCC 2850x1800(左),,Q/R轴,北中区,6.80,7.90,左,-161437.84,106985.61,BOLTS
3874,X-HLP3-CR-F3-LAY-KEQP-02-002,紧固件/螺栓,A$C4EA80240,200x4000 DCC 2850x1800(左),,Q/R轴,北中区,0.20,4.00,左,-161512.22,107000.99,BOLTS
3875,X-HLP3-CR-F3-LAY-KEQP-02-002,紧固件/螺栓,A$C147C6879,6800x7900 DCC 2850x1800(左),,Q/R轴,北中区,6.80,7.90,左,-161479.94,107002.31,BOLTS
3876,X-HLP3-CR-F3-LAY-KEQP-02-002,型钢,A$C2DBF4B5B,DCC 2850x1800(左),,Q/R轴,北中区,2.85,1.80,左,-161420.77,109130.01,ANGEL STEEL_75x75x3.0
3877,X-HLP3-CR-F3-LAY-KEQP-02-002,紧固件/螺栓,A$C4EA80240,200x4000 DCC 2850x1800(左),,Q/R轴,北中区,0.20,4.00,左,-161436.75,109146.7,BOLTS
3878,X-HLP3-CR-F3-LAY-KEQP-02-002,紧固件/螺栓,A$C147C6879,6800x7900 DCC 2850x1800(左),,Q/R轴,北中区,6.80,7.90,左,-161438.07,109114.41,BOLTS
3879,X-HLP3-CR-F3-LAY-KEQP-02-002,紧固件/螺栓,A$C4EA80240,200x4000 DCC 2850x1800(左),,Q/R轴,北中区,0.20,4.00,左,-161512.45,109099.03,BOLTS
3880,X-HLP3-CR-F3-LAY-KEQP-02-002,紧固件/螺栓,A$C147C6879,6800x7900 DCC 2850x1800(左),,Q/R轴,北中区,6.80,7.90,左,-161480.17,109097.71,BOLTS
3881,X-HLP3-CR-F3-LAY-KEQP-02-002,型钢,A$C2DBF4B5B,DCC 2850x1800(左),,Q/R轴,北中区,2.85,1.80,左,-161420.54,109130.01,ANGEL STEEL_75x75x3.0
3882,X-HLP3-CR-F3-LAY-KEQP-02-002,紧固件/螺栓,A$C4EA80240,200x4000 DCC 2850x1800(左),,Q/R轴,北中区,0.20,4.00,左,-161436.52,109146.7,BOLTS
3883,X-HLP3-CR-F3-LAY-KEQP-02-002,紧固件/螺栓,A$C147C6879,6800x7900 DCC 2850x1800(左),,Q/R轴,北中区,6.80,7.90,左,-161437.84,109114.41,BOLTS
3884,X-HLP3-CR-F3-LAY-KEQP-02-002,紧固件/螺栓,A$C4EA80240,200x4000 DCC 2850x1800(左),,Q/R轴,北中区,0.20,4.00,左,-161512.22,109099.03,BOLTS
3885,X-HLP3-CR-F3-LAY-KEQP-02-002,紧固件/螺栓,A$C147C6879,6800x7900 DCC 2850x1800(左),,Q/R轴,北中区,6.80,7.90,左,-161479.94,109097.71,BOLTS
3886,X-HLP3-CR-F3-LAY-KEQP-02-002,型钢,A$C2DBF4B5B,DCC 2850x1800(左),,Q/R轴,北中区,2.85,1.80,左,-161770.77,109130.01,ANGEL STEEL_75x75x3.0
3887,X-HLP3-CR-F3-LAY-KEQP-02-002,紧固件/螺栓,A$C4EA80240,200x4000 DCC 2850x1800(左),,Q/R轴,北中区,0.20,4.00,左,-161754.79,109146.7,BOLTS
3888,X-HLP3-CR-F3-LAY-KEQP-02-002,紧固件/螺栓,A$C147C6879,6800x7900 DCC 2850x1800(左),,Q/R轴,北中区,6.80,7.90,左,-161753.47,109114.41,BOLTS
3889,X-HLP3-CR-F3-LAY-KEQP-02-002,紧固件/螺栓,A$C4EA80240,200x4000 DCC 2850x1800(左),,Q/R轴,北中区,0.20,4.00,左,-161679.09,109099.03,BOLTS
3890,X-HLP3-CR-F3-LAY-KEQP-02-002,紧固件/螺栓,A$C147C6879,6800x7900 DCC 2850x1800(左),,Q/R轴,北中区,6.80,7.90,左,-161711.37,109097.71,BOLTS
3891,X-HLP3-CR-F3-LAY-KEQP-02-002,型钢,A$C2DBF4B5B,DCC 2850x1800(左),,Q/R轴,北中区,2.85,1.80,左,-161771.0,109130.01,ANGEL STEEL_75x75x3.0
3892,X-HLP3-CR-F3-LAY-KEQP-02-002,紧固件/螺栓,A$C4EA80240,200x4000 DCC 2850x1800(左),,Q/R轴,北中区,0.20,4.00,左,-161755.02,109146.7,BOLTS
3893,X-HLP3-CR-F3-LAY-KEQP-02-002,紧固件/螺栓,A$C147C6879,6800x7900 DCC 2850x1800(左),,Q/R轴,北中区,6.80,7.90,左,-161753.7,109114.41,BOLTS
3894,X-HLP3-CR-F3-LAY-KEQP-02-002,紧固件/螺栓,A$C4EA80240,200x4000 DCC 2850x1800(左),,Q/R轴,北中区,0.20,4.00,左,-161679.32,109099.03,BOLTS
3895,X-HLP3-CR-F3-LAY-KEQP-02-002,紧固件/螺栓,A$C147C6879,6800x7900 DCC 2850x1800(左),,Q/R轴,北中区,6.80,7.90,左,-161711.6,109097.71,BOLTS
3896,X-HLP3-CR-F3-LAY-KEQP-02-002,型钢,A$C2DBF4B5B,DCC 2850x1800(左),,R/S轴,北中区,2.85,1.80,左,-165620.54,110490.01,ANGEL STEEL_75x75x3.0
3897,X-HLP3-CR-F3-LAY-KEQP-02-002,紧固件/螺栓,A$C4EA80240,200x4000 DCC 2850x1800(左),,R/S轴,北中区,0.20,4.00,左,-165636.52,110506.7,BOLTS
3898,X-HLP3-CR-F3-LAY-KEQP-02-002,紧固件/螺栓,A$C147C6879,6800x7900 DCC 2850x1800(左),,R/S轴,北中区,6.80,7.90,左,-165637.84,110474.41,BOLTS
3899,X-HLP3-CR-F3-LAY-KEQP-02-002,型钢,A$C2DBF4B5B,DCC 2850x1800(左),,Q/R轴,北中区,2.85,1.80,左,-165620.54,108830.01,ANGEL STEEL_75x75x3.0
3900,X-HLP3-CR-F3-LAY-KEQP-02-002,紧固件/螺栓,A$C4EA80240,200x4000 DCC 2850x1800(左),,Q/R轴,北中区,0.20,4.00,左,-165636.52,108813.33,BOLTS
3901,X-HLP3-CR-F3-LAY-KEQP-02-002,紧固件/螺栓,A$C147C6879,6800x7900 DCC 2850x1800(左),,Q/R轴,北中区,6.80,7.90,左,-165637.84,108845.61,BOLTS
3902,X-HLP3-CR-F3-LAY-KEQP-02-002,型钢,A$C2DBF4B5B,DCC 2850x1800(左),,Q/R轴,北中区,2.85,1.80,左,-165620.54,108630.01,ANGEL STEEL_75x75x3.0
3903,X-HLP3-CR-F3-LAY-KEQP-02-002,紧固件/螺栓,A$C4EA80240,200x4000 DCC 2850x1800(左),,Q/R轴,北中区,0.20,4.00,左,-165636.52,108646.7,BOLTS
3904,X-HLP3-CR-F3-LAY-KEQP-02-002,紧固件/螺栓,A$C147C6879,6800x7900 DCC 2850x1800(左),,Q/R轴,北中区,6.80,7.90,左,-165637.84,108614.41,BOLTS
3905,X-HLP3-CR-F3-LAY-KEQP-02-002,型钢,A$C2DBF4B5B,DCC 2850x1800(左),,Q/R轴,北中区,2.85,1.80,左,-165620.54,106970.01,ANGEL STEEL_75x75x3.0
3906,X-HLP3-CR-F3-LAY-KEQP-02-002,紧固件/螺栓,A$C4EA80240,200x4000 DCC 2850x1800(左),,Q/R轴,北中区,0.20,4.00,左,-165636.52,106953.33,BOLTS
3907,X-HLP3-CR-F3-LAY-KEQP-02-002,紧固件/螺栓,A$C147C6879,6800x7900 DCC 2850x1800(左),,Q/R轴,北中区,6.80,7.90,左,-165637.84,106985.61,BOLTS
3908,X-HLP3-CR-F3-LAY-KEQP-02-002,型钢,A$C2DBF4B5B,DCC 2850x1800(左),,Q/R轴,北中区,2.85,1.80,左,-163071.0,108830.01,ANGEL STEEL_75x75x3.0
3909,X-HLP3-CR-F3-LAY-KEQP-02-002,紧固件/螺栓,A$C4EA80240,200x4000 DCC 2850x1800(左),,Q/R轴,北中区,0.20,4.00,左,-163055.02,108813.33,BOLTS
3910,X-HLP3-CR-F3-LAY-KEQP-02-002,紧固件/螺栓,A$C147C6879,6800x7900 DCC 2850x1800(左),,Q/R轴,北中区,6.80,7.90,左,-163053.7,108845.61,BOLTS
3911,X-HLP3-CR-F3-LAY-KEQP-02-002,型钢,A$C2DBF4B5B,DCC 2850x1800(左),,Q/R轴,北中区,2.85,1.80,左,-163071.0,108630.01,ANGEL STEEL_75x75x3.0
3912,X-HLP3-CR-F3-LAY-KEQP-02-002,紧固件/螺栓,A$C4EA80240,200x4000 DCC 2850x1800(左),,Q/R轴,北中区,0.20,4.00,左,-163055.02,108646.7,BOLTS
3913,X-HLP3-CR-F3-LAY-KEQP-02-002,紧固件/螺栓,A$C147C6879,6800x7900 DCC 2850x1800(左),,Q/R轴,北中区,6.80,7.90,左,-163053.7,108614.41,BOLTS
3914,X-HLP3-CR-F3-LAY-KEQP-02-002,型钢,A$C2DBF4B5B,DCC 2850x1800(左),,R/S轴,北中区,2.85,1.80,左,-163071.0,110690.01,ANGEL STEEL_75x75x3.0
3915,X-HLP3-CR-F3-LAY-KEQP-02-002,紧固件/螺栓,A$C4EA80240,200x4000 DCC 2850x1800(左),,R/S轴,北中区,0.20,4.00,左,-163055.02,110673.33,BOLTS
3916,X-HLP3-CR-F3-LAY-KEQP-02-002,紧固件/螺栓,A$C147C6879,6800x7900 DCC 2850x1800(左),,R/S轴,北中区,6.80,7.90,左,-163053.7,110705.61,BOLTS
3917,X-HLP3-CR-F3-LAY-KEQP-02-002,型钢,A$C2DBF4B5B,DCC 2850x1800(左),,R/S轴,北中区,2.85,1.80,左,-163071.0,110490.01,ANGEL STEEL_75x75x3.0
3918,X-HLP3-CR-F3-LAY-KEQP-02-002,紧固件/螺栓,A$C4EA80240,200x4000 DCC 2850x1800(左),,R/S轴,北中区,0.20,4.00,左,-163055.02,110506.7,BOLTS
3919,X-HLP3-CR-F3-LAY-KEQP-02-002,紧固件/螺栓,A$C147C6879,6800x7900 DCC 2850x1800(左),,R/S轴,北中区,6.80,7.90,左,-163053.7,110474.41,BOLTS
3920,X-HLP3-CR-F3-LAY-KEQP-02-002,型钢,A$C2DBF4B5B,DCC 2850x1800(左),,Q/R轴,北中区,2.85,1.80,左,-163071.0,106970.01,ANGEL STEEL_75x75x3.0
3921,X-HLP3-CR-F3-LAY-KEQP-02-002,紧固件/螺栓,A$C4EA80240,200x4000 DCC 2850x1800(左),,Q/R轴,北中区,0.20,4.00,左,-163055.02,106953.33,BOLTS
3922,X-HLP3-CR-F3-LAY-KEQP-02-002,紧固件/螺栓,A$C147C6879,6800x7900 DCC 2850x1800(左),,Q/R轴,北中区,6.80,7.90,左,-163053.7,106985.61,BOLTS
3923,X-HLP3-CR-F3-LAY-KEQP-02-002,型钢,A$C2DBF4B5B,DCC 2850x1800(左),,R/S轴,北中区,2.85,1.80,左,-172820.43,110490.01,ANGEL STEEL_75x75x3.0
3924,X-HLP3-CR-F3-LAY-KEQP-02-002,紧固件/螺栓,A$C4EA80240,200x4000 DCC 2850x1800(左),,R/S轴,北中区,0.20,4.00,左,-172836.41,110506.7,BOLTS
3925,X-HLP3-CR-F3-LAY-KEQP-02-002,紧固件/螺栓,A$C147C6879,6800x7900 DCC 2850x1800(左),,R/S轴,北中区,6.80,7.90,左,-172837.73,110474.41,BOLTS
3926,X-HLP3-CR-F3-LAY-KEQP-02-002,型钢,A$C2DBF4B5B,DCC 2850x1800(左),,Q/R轴,北中区,2.85,1.80,左,-172820.43,108830.01,ANGEL STEEL_75x75x3.0
3927,X-HLP3-CR-F3-LAY-KEQP-02-002,紧固件/螺栓,A$C4EA80240,200x4000 DCC 2850x1800(左),,Q/R轴,北中区,0.20,4.00,左,-172836.41,108813.33,BOLTS
3928,X-HLP3-CR-F3-LAY-KEQP-02-002,紧固件/螺栓,A$C147C6879,6800x7900 DCC 2850x1800(左),,Q/R轴,北中区,6.80,7.90,左,-172837.73,108845.61,BOLTS
3929,X-HLP3-CR-F3-LAY-KEQP-02-002,型钢,A$C2DBF4B5B,DCC 2850x1800(左),,Q/R轴,北中区,2.85,1.80,左,-172820.43,108630.01,ANGEL STEEL_75x75x3.0
3930,X-HLP3-CR-F3-LAY-KEQP-02-002,紧固件/螺栓,A$C4EA80240,200x4000 DCC 2850x1800(左),,Q/R轴,北中区,0.20,4.00,左,-172836.41,108646.7,BOLTS
3931,X-HLP3-CR-F3-LAY-KEQP-02-002,紧固件/螺栓,A$C147C6879,6800x7900 DCC 2850x1800(左),,Q/R轴,北中区,6.80,7.90,左,-172837.73,108614.41,BOLTS
3932,X-HLP3-CR-F3-LAY-KEQP-02-002,型钢,A$C2DBF4B5B,DCC 2850x1800(左),,Q/R轴,北中区,2.85,1.80,左,-172820.43,106970.01,ANGEL STEEL_75x75x3.0
3933,X-HLP3-CR-F3-LAY-KEQP-02-002,紧固件/螺栓,A$C4EA80240,200x4000 DCC 2850x1800(左),,Q/R轴,北中区,0.20,4.00,左,-172836.41,106953.33,BOLTS
3934,X-HLP3-CR-F3-LAY-KEQP-02-002,紧固件/螺栓,A$C147C6879,6800x7900 DCC 2850x1800(左),,Q/R轴,北中区,6.80,7.90,左,-172837.73,106985.61,BOLTS
3935,X-HLP3-CR-F3-LAY-KEQP-02-002,型钢,A$C2DBF4B5B,DCC 2850x1800(左),,R/S轴,北中区,2.85,1.80,左,-170221.0,110690.01,ANGEL STEEL_75x75x3.0
3936,X-HLP3-CR-F3-LAY-KEQP-02-002,紧固件/螺栓,A$C4EA80240,200x4000 DCC 2850x1800(左),,R/S轴,北中区,0.20,4.00,左,-170205.02,110673.33,BOLTS
3937,X-HLP3-CR-F3-LAY-KEQP-02-002,紧固件/螺栓,A$C147C6879,6800x7900 DCC 2850x1800(左),,R/S轴,北中区,6.80,7.90,左,-170203.7,110705.61,BOLTS
3938,X-HLP3-CR-F3-LAY-KEQP-02-002,型钢,A$C2DBF4B5B,DCC 2850x1800(左),,R/S轴,北中区,2.85,1.80,左,-170221.0,110490.01,ANGEL STEEL_75x75x3.0
3939,X-HLP3-CR-F3-LAY-KEQP-02-002,紧固件/螺栓,A$C4EA80240,200x4000 DCC 2850x1800(左),,R/S轴,北中区,0.20,4.00,左,-170205.02,110506.7,BOLTS
3940,X-HLP3-CR-F3-LAY-KEQP-02-002,紧固件/螺栓,A$C147C6879,6800x7900 DCC 2850x1800(左),,R/S轴,北中区,6.80,7.90,左,-170203.7,110474.41,BOLTS
3941,X-HLP3-CR-F3-LAY-KEQP-02-002,型钢,A$C2DBF4B5B,DCC 2850x1800(左),,Q/R轴,北中区,2.85,1.80,左,-170221.0,108830.01,ANGEL STEEL_75x75x3.0
3942,X-HLP3-CR-F3-LAY-KEQP-02-002,紧固件/螺栓,A$C4EA80240,200x4000 DCC 2850x1800(左),,Q/R轴,北中区,0.20,4.00,左,-170205.02,108813.33,BOLTS
3943,X-HLP3-CR-F3-LAY-KEQP-02-002,紧固件/螺栓,A$C147C6879,6800x7900 DCC 2850x1800(左),,Q/R轴,北中区,6.80,7.90,左,-170203.7,108845.61,BOLTS
3944,X-HLP3-CR-F3-LAY-KEQP-02-002,型钢,A$C2DBF4B5B,DCC 2850x1800(左),,Q/R轴,北中区,2.85,1.80,左,-170221.0,108630.01,ANGEL STEEL_75x75x3.0
3945,X-HLP3-CR-F3-LAY-KEQP-02-002,紧固件/螺栓,A$C4EA80240,200x4000 DCC 2850x1800(左),,Q/R轴,北中区,0.20,4.00,左,-170205.02,108646.7,BOLTS
3946,X-HLP3-CR-F3-LAY-KEQP-02-002,紧固件/螺栓,A$C147C6879,6800x7900 DCC 2850x1800(左),,Q/R轴,北中区,6.80,7.90,左,-170203.7,108614.41,BOLTS
3947,X-HLP3-CR-F3-LAY-KEQP-02-002,型钢,A$C2DBF4B5B,DCC 2850x1800(左),,Q/R轴,北中区,2.85,1.80,左,-170221.0,106970.01,ANGEL STEEL_75x75x3.0
3948,X-HLP3-CR-F3-LAY-KEQP-02-002,紧固件/螺栓,A$C4EA80240,200x4000 DCC 2850x1800(左),,Q/R轴,北中区,0.20,4.00,左,-170205.02,106953.33,BOLTS
3949,X-HLP3-CR-F3-LAY-KEQP-02-002,紧固件/螺栓,A$C147C6879,6800x7900 DCC 2850x1800(左),,Q/R轴,北中区,6.80,7.90,左,-170203.7,106985.61,BOLTS
3950,X-HLP3-CR-F3-LAY-KEQP-02-002,型钢,A$C2DBF4B5B,DCC 2850x1800(左),,R/S轴,北中区,2.85,1.80,左,-169870.09,110690.01,ANGEL STEEL_75x75x3.0
3951,X-HLP3-CR-F3-LAY-KEQP-02-002,紧固件/螺栓,A$C4EA80240,200x4000 DCC 2850x1800(左),,R/S轴,北中区,0.20,4.00,左,-169886.07,110673.33,BOLTS
3952,X-HLP3-CR-F3-LAY-KEQP-02-002,紧固件/螺栓,A$C147C6879,6800x7900 DCC 2850x1800(左),,R/S轴,北中区,6.80,7.90,左,-169887.39,110705.61,BOLTS
3953,X-HLP3-CR-F3-LAY-KEQP-02-002,型钢,A$C2DBF4B5B,DCC 2850x1800(左),,R/S轴,北中区,2.85,1.80,左,-169870.09,110490.01,ANGEL STEEL_75x75x3.0
3954,X-HLP3-CR-F3-LAY-KEQP-02-002,紧固件/螺栓,A$C4EA80240,200x4000 DCC 2850x1800(左),,R/S轴,北中区,0.20,4.00,左,-169886.07,110506.7,BOLTS
3955,X-HLP3-CR-F3-LAY-KEQP-02-002,紧固件/螺栓,A$C147C6879,6800x7900 DCC 2850x1800(左),,R/S轴,北中区,6.80,7.90,左,-169887.39,110474.41,BOLTS
3956,X-HLP3-CR-F3-LAY-KEQP-02-002,型钢,A$C2DBF4B5B,DCC 2850x1800(左),,Q/R轴,北中区,2.85,1.80,左,-169870.09,108830.01,ANGEL STEEL_75x75x3.0
3957,X-HLP3-CR-F3-LAY-KEQP-02-002,紧固件/螺栓,A$C4EA80240,200x4000 DCC 2850x1800(左),,Q/R轴,北中区,0.20,4.00,左,-169886.07,108813.33,BOLTS
3958,X-HLP3-CR-F3-LAY-KEQP-02-002,紧固件/螺栓,A$C147C6879,6800x7900 DCC 2850x1800(左),,Q/R轴,北中区,6.80,7.90,左,-169887.39,108845.61,BOLTS
3959,X-HLP3-CR-F3-LAY-KEQP-02-002,型钢,A$C2DBF4B5B,DCC 2850x1800(左),,Q/R轴,北中区,2.85,1.80,左,-169870.09,108630.01,ANGEL STEEL_75x75x3.0
3960,X-HLP3-CR-F3-LAY-KEQP-02-002,紧固件/螺栓,A$C4EA80240,200x4000 DCC 2850x1800(左),,Q/R轴,北中区,0.20,4.00,左,-169886.07,108646.7,BOLTS
3961,X-HLP3-CR-F3-LAY-KEQP-02-002,紧固件/螺栓,A$C147C6879,6800x7900 DCC 2850x1800(左),,Q/R轴,北中区,6.80,7.90,左,-169887.39,108614.41,BOLTS
3962,X-HLP3-CR-F3-LAY-KEQP-02-002,型钢,A$C2DBF4B5B,DCC 2850x1800(左),,Q/R轴,北中区,2.85,1.80,左,-169870.09,106970.01,ANGEL STEEL_75x75x3.0
3963,X-HLP3-CR-F3-LAY-KEQP-02-002,紧固件/螺栓,A$C4EA80240,200x4000 DCC 2850x1800(左),,Q/R轴,北中区,0.20,4.00,左,-169886.07,106953.33,BOLTS
3964,X-HLP3-CR-F3-LAY-KEQP-02-002,紧固件/螺栓,A$C147C6879,6800x7900 DCC 2850x1800(左),,Q/R轴,北中区,6.80,7.90,左,-169887.39,106985.61,BOLTS
3965,X-HLP3-CR-F3-LAY-KEQP-02-002,型钢,A$C2DBF4B5B,DCC 2850x1800(左),,R/S轴,北中区,2.85,1.80,左,-167270.66,110490.01,ANGEL STEEL_75x75x3.0
3966,X-HLP3-CR-F3-LAY-KEQP-02-002,紧固件/螺栓,A$C4EA80240,200x4000 DCC 2850x1800(左),,R/S轴,北中区,0.20,4.00,左,-167254.68,110506.7,BOLTS
3967,X-HLP3-CR-F3-LAY-KEQP-02-002,紧固件/螺栓,A$C147C6879,6800x7900 DCC 2850x1800(左),,R/S轴,北中区,6.80,7.90,左,-167253.36,110474.41,BOLTS
3968,X-HLP3-CR-F3-LAY-KEQP-02-002,型钢,A$C2DBF4B5B,DCC 2850x1800(左),,Q/R轴,北中区,2.85,1.80,左,-167270.66,108830.01,ANGEL STEEL_75x75x3.0
3969,X-HLP3-CR-F3-LAY-KEQP-02-002,紧固件/螺栓,A$C4EA80240,200x4000 DCC 2850x1800(左),,Q/R轴,北中区,0.20,4.00,左,-167254.68,108813.33,BOLTS
3970,X-HLP3-CR-F3-LAY-KEQP-02-002,紧固件/螺栓,A$C147C6879,6800x7900 DCC 2850x1800(左),,Q/R轴,北中区,6.80,7.90,左,-167253.36,108845.61,BOLTS
3971,X-HLP3-CR-F3-LAY-KEQP-02-002,型钢,A$C2DBF4B5B,DCC 2850x1800(左),,Q/R轴,北中区,2.85,1.80,左,-167270.66,108630.01,ANGEL STEEL_75x75x3.0
3972,X-HLP3-CR-F3-LAY-KEQP-02-002,紧固件/螺栓,A$C4EA80240,200x4000 DCC 2850x1800(左),,Q/R轴,北中区,0.20,4.00,左,-167254.68,108646.7,BOLTS
3973,X-HLP3-CR-F3-LAY-KEQP-02-002,紧固件/螺栓,A$C147C6879,6800x7900 DCC 2850x1800(左),,Q/R轴,北中区,6.80,7.90,左,-167253.36,108614.41,BOLTS
3974,X-HLP3-CR-F3-LAY-KEQP-02-002,型钢,A$C2DBF4B5B,DCC 2850x1800(左),,Q/R轴,北中区,2.85,1.80,左,-167270.66,106970.01,ANGEL STEEL_75x75x3.0
3975,X-HLP3-CR-F3-LAY-KEQP-02-002,紧固件/螺栓,A$C4EA80240,200x4000 DCC 2850x1800(左),,Q/R轴,北中区,0.20,4.00,左,-167254.68,106953.33,BOLTS
3976,X-HLP3-CR-F3-LAY-KEQP-02-002,紧固件/螺栓,A$C147C6879,6800x7900 DCC 2850x1800(左),,Q/R轴,北中区,6.80,7.90,左,-167253.36,106985.61,BOLTS
3977,X-HLP3-CR-F3-LAY-KEQP-02-002,型钢,A$C2DBF4B5B,DCC 2850x2600(左),,R/S轴,北中区,2.85,2.60,左,-146586.04,110690.01,ANGEL STEEL_75x75x3.0
3978,X-HLP3-CR-F3-LAY-KEQP-02-002,紧固件/螺栓,A$C4EA80240,200x4000 DCC 2850x2600(左),,R/S轴,北中区,0.20,4.00,左,-146570.05,110673.33,BOLTS
3979,X-HLP3-CR-F3-LAY-KEQP-02-002,紧固件/螺栓,A$C147C6879,6800x7900 DCC 2850x2600(左),,R/S轴,北中区,6.80,7.90,左,-146568.73,110705.61,BOLTS
3980,X-HLP3-CR-F3-LAY-KEQP-02-002,型钢,A$C2DBF4B5B,DCC 2850x2600(左),,R/S轴,北中区,2.85,2.60,左,-146586.04,110490.01,ANGEL STEEL_75x75x3.0
3981,X-HLP3-CR-F3-LAY-KEQP-02-002,紧固件/螺栓,A$C4EA80240,200x4000 DCC 2850x2600(左),,R/S轴,北中区,0.20,4.00,左,-146570.05,110506.7,BOLTS
3982,X-HLP3-CR-F3-LAY-KEQP-02-002,紧固件/螺栓,A$C147C6879,6800x7900 DCC 2850x2600(左),,R/S轴,北中区,6.80,7.90,左,-146568.73,110474.41,BOLTS
3983,X-HLP3-CR-F3-LAY-KEQP-02-002,型钢,A$C2DBF4B5B,DCC 2850x2600(左),,Q/R轴,北中区,2.85,2.60,左,-146586.5,108830.01,ANGEL STEEL_75x75x3.0
3984,X-HLP3-CR-F3-LAY-KEQP-02-002,紧固件/螺栓,A$C4EA80240,200x4000 DCC 2850x2600(左),,Q/R轴,北中区,0.20,4.00,左,-146570.52,108813.33,BOLTS
3985,X-HLP3-CR-F3-LAY-KEQP-02-002,紧固件/螺栓,A$C147C6879,6800x7900 DCC 2850x2600(左),,Q/R轴,北中区,6.80,7.90,左,-146569.2,108845.61,BOLTS
3986,X-HLP3-CR-F3-LAY-KEQP-02-002,型钢,A$C2DBF4B5B,DCC 2850x2600(左),,Q/R轴,北中区,2.85,2.60,左,-146586.5,108630.01,ANGEL STEEL_75x75x3.0
3987,X-HLP3-CR-F3-LAY-KEQP-02-002,紧固件/螺栓,A$C4EA80240,200x4000 DCC 2850x2600(左),,Q/R轴,北中区,0.20,4.00,左,-146570.52,108646.7,BOLTS
3988,X-HLP3-CR-F3-LAY-KEQP-02-002,紧固件/螺栓,A$C147C6879,6800x7900 DCC 2850x2600(左),,Q/R轴,北中区,6.80,7.90,左,-146569.2,108614.41,BOLTS
3989,X-HLP3-CR-F3-LAY-KEQP-02-002,型钢,A$C2DBF4B5B,DCC 2850x2600(左),,R/S轴,北中区,2.85,2.60,左,-143636.63,109630.01,ANGEL STEEL_75x75x3.0
3990,X-HLP3-CR-F3-LAY-KEQP-02-002,紧固件/螺栓,A$C4EA80240,200x4000 DCC 2850x2600(左),,R/S轴,北中区,0.20,4.00,左,-143620.65,109613.33,BOLTS
3991,X-HLP3-CR-F3-LAY-KEQP-02-002,紧固件/螺栓,A$C147C6879,6800x7900 DCC 2850x2600(左),,R/S轴,北中区,6.80,7.90,左,-143619.33,109645.61,BOLTS
3992,X-HLP3-CR-F3-LAY-KEQP-02-002,型钢,A$C2DBF4B5B,DCC 2850x2600(左),,R/S轴,北中区,2.85,2.60,左,-143636.63,109430.01,ANGEL STEEL_75x75x3.0
3993,X-HLP3-CR-F3-LAY-KEQP-02-002,紧固件/螺栓,A$C4EA80240,200x4000 DCC 2850x2600(左),,R/S轴,北中区,0.20,4.00,左,-143620.65,109446.7,BOLTS
3994,X-HLP3-CR-F3-LAY-KEQP-02-002,紧固件/螺栓,A$C147C6879,6800x7900 DCC 2850x2600(左),,R/S轴,北中区,6.80,7.90,左,-143619.33,109414.41,BOLTS
3995,X-HLP3-CR-F3-LAY-KEQP-02-002,型钢,A$C2DBF4B5B,DCC 2850x2600(左),,R/S轴,北中区,2.85,2.60,左,-143636.63,112090.01,ANGEL STEEL_75x75x3.0
3996,X-HLP3-CR-F3-LAY-KEQP-02-002,紧固件/螺栓,A$C4EA80240,200x4000 DCC 2850x2600(左),,R/S轴,北中区,0.20,4.00,左,-143620.65,112106.7,BOLTS
3997,X-HLP3-CR-F3-LAY-KEQP-02-002,紧固件/螺栓,A$C147C6879,6800x7900 DCC 2850x2600(左),,R/S轴,北中区,6.80,7.90,左,-143619.33,112074.41,BOLTS
3998,X-HLP3-CR-F3-LAY-KEQP-02-002,型钢,A$C2DBF4B5B,DCC 2850x2600(左),,R/S轴,北中区,2.85,2.60,左,-146235.57,109630.01,ANGEL STEEL_75x75x3.0
3999,X-HLP3-CR-F3-LAY-KEQP-02-002,紧固件/螺栓,A$C4EA80240,200x4000 DCC 2850x2600(左),,R/S轴,北中区,0.20,4.00,左,-146251.55,109613.33,BOLTS
4000,X-HLP3-CR-F3-LAY-KEQP-02-002,紧固件/螺栓,A$C147C6879,6800x7900 DCC 2850x2600(左),,R/S轴,北中区,6.80,7.90,左,-146252.87,109645.61,BOLTS
4001,X-HLP3-CR-F3-LAY-KEQP-02-002,型钢,A$C2DBF4B5B,DCC 2850x2600(左),,R/S轴,北中区,2.85,2.60,左,-146235.57,109430.01,ANGEL STEEL_75x75x3.0
4002,X-HLP3-CR-F3-LAY-KEQP-02-002,紧固件/螺栓,A$C4EA80240,200x4000 DCC 2850x2600(左),,R/S轴,北中区,0.20,4.00,左,-146251.55,109446.7,BOLTS
4003,X-HLP3-CR-F3-LAY-KEQP-02-002,紧固件/螺栓,A$C147C6879,6800x7900 DCC 2850x2600(左),,R/S轴,北中区,6.80,7.90,左,-146252.87,109414.41,BOLTS
4004,X-HLP3-CR-F3-LAY-KEQP-02-002,型钢,A$C2DBF4B5B,DCC 2850x2600(左),,R/S轴,北中区,2.85,2.60,左,-146235.57,112090.01,ANGEL STEEL_75x75x3.0
4005,X-HLP3-CR-F3-LAY-KEQP-02-002,紧固件/螺栓,A$C4EA80240,200x4000 DCC 2850x2600(左),,R/S轴,北中区,0.20,4.00,左,-146251.55,112106.7,BOLTS
4006,X-HLP3-CR-F3-LAY-KEQP-02-002,紧固件/螺栓,A$C147C6879,6800x7900 DCC 2850x2600(左),,R/S轴,北中区,6.80,7.90,左,-146252.87,112074.41,BOLTS
4007,X-HLP3-CR-F3-LAY-KEQP-02-002,型钢,A$C2DBF4B5B,DCC 2850x2600(左),,R/S轴,北中区,2.85,2.60,左,-146235.57,112290.01,ANGEL STEEL_75x75x3.0
4008,X-HLP3-CR-F3-LAY-KEQP-02-002,紧固件/螺栓,A$C4EA80240,200x4000 DCC 2850x2600(左),,R/S轴,北中区,0.20,4.00,左,-146251.55,112273.33,BOLTS
4009,X-HLP3-CR-F3-LAY-KEQP-02-002,紧固件/螺栓,A$C147C6879,6800x7900 DCC 2850x2600(左),,R/S轴,北中区,6.80,7.90,左,-146252.87,112305.61,BOLTS
4010,X-HLP3-CR-F3-LAY-KEQP-02-002,型钢,A$C2DBF4B5B,DCC 2850x2600(左),,Q/R轴,北中区,2.85,2.60,左,-143636.63,106970.01,ANGEL STEEL_75x75x3.0
4011,X-HLP3-CR-F3-LAY-KEQP-02-002,紧固件/螺栓,A$C4EA80240,200x4000 DCC 2850x2600(左),,Q/R轴,北中区,0.20,4.00,左,-143620.65,106953.33,BOLTS
4012,X-HLP3-CR-F3-LAY-KEQP-02-002,紧固件/螺栓,A$C147C6879,6800x7900 DCC 2850x2600(左),,Q/R轴,北中区,6.80,7.90,左,-143619.33,106985.61,BOLTS
4013,X-HLP3-CR-F3-LAY-KEQP-02-002,型钢,A$C2DBF4B5B,DCC 2850x2600(左),,Q/R轴,北中区,2.85,2.60,左,-146235.57,106970.01,ANGEL STEEL_75x75x3.0
4014,X-HLP3-CR-F3-LAY-KEQP-02-002,紧固件/螺栓,A$C4EA80240,200x4000 DCC 2850x2600(左),,Q/R轴,北中区,0.20,4.00,左,-146251.55,106953.33,BOLTS
4015,X-HLP3-CR-F3-LAY-KEQP-02-002,紧固件/螺栓,A$C147C6879,6800x7900 DCC 2850x2600(左),,Q/R轴,北中区,6.80,7.90,左,-146252.87,106985.61,BOLTS
4016,X-HLP3-CR-F3-LAY-KEQP-02-002,型钢,A$C2DBF4B5B,DCC 2850x1800(左),,R/S轴,北中区,2.85,1.80,左,-149186.4,110490.01,ANGEL STEEL_75x75x3.0
4017,X-HLP3-CR-F3-LAY-KEQP-02-002,紧固件/螺栓,A$C4EA80240,200x4000 DCC 2850x1800(左),,R/S轴,北中区,0.20,4.00,左,-149202.38,110506.7,BOLTS
4018,X-HLP3-CR-F3-LAY-KEQP-02-002,紧固件/螺栓,A$C147C6879,6800x7900 DCC 2850x1800(左),,R/S轴,北中区,6.80,7.90,左,-149203.7,110474.41,BOLTS
4019,X-HLP3-CR-F3-LAY-KEQP-02-002,型钢,A$C2DBF4B5B,DCC 2850x1800(左),,Q/R轴,北中区,2.85,1.80,左,-149185.93,108830.01,ANGEL STEEL_75x75x3.0
4020,X-HLP3-CR-F3-LAY-KEQP-02-002,紧固件/螺栓,A$C4EA80240,200x4000 DCC 2850x1800(左),,Q/R轴,北中区,0.20,4.00,左,-149201.91,108813.33,BOLTS
4021,X-HLP3-CR-F3-LAY-KEQP-02-002,紧固件/螺栓,A$C147C6879,6800x7900 DCC 2850x1800(左),,Q/R轴,北中区,6.80,7.90,左,-149203.23,108845.61,BOLTS
4022,X-HLP3-CR-F3-LAY-KEQP-02-002,型钢,A$C2DBF4B5B,DCC 2850x1800(左),,Q/R轴,北中区,2.85,1.80,左,-149185.93,108630.01,ANGEL STEEL_75x75x3.0
4023,X-HLP3-CR-F3-LAY-KEQP-02-002,紧固件/螺栓,A$C4EA80240,200x4000 DCC 2850x1800(左),,Q/R轴,北中区,0.20,4.00,左,-149201.91,108646.7,BOLTS
4024,X-HLP3-CR-F3-LAY-KEQP-02-002,紧固件/螺栓,A$C147C6879,6800x7900 DCC 2850x1800(左),,Q/R轴,北中区,6.80,7.90,左,-149203.23,108614.41,BOLTS
4025,X-HLP3-CR-F3-LAY-KEQP-02-002,型钢,A$C2DBF4B5B,DCC 2850x2600(左),,Q/R轴,北中区,2.85,2.60,左,-146586.5,106970.01,ANGEL STEEL_75x75x3.0
4026,X-HLP3-CR-F3-LAY-KEQP-02-002,紧固件/螺栓,A$C4EA80240,200x4000 DCC 2850x2600(左),,Q/R轴,北中区,0.20,4.00,左,-146570.52,106953.33,BOLTS
4027,X-HLP3-CR-F3-LAY-KEQP-02-002,紧固件/螺栓,A$C147C6879,6800x7900 DCC 2850x2600(左),,Q/R轴,北中区,6.80,7.90,左,-146569.2,106985.61,BOLTS
4028,X-HLP3-CR-F3-LAY-KEQP-02-002,型钢,A$C2DBF4B5B,DCC 2850x1800(左),,Q/R轴,北中区,2.85,1.80,左,-149185.93,106970.01,ANGEL STEEL_75x75x3.0
4029,X-HLP3-CR-F3-LAY-KEQP-02-002,紧固件/螺栓,A$C4EA80240,200x4000 DCC 2850x1800(左),,Q/R轴,北中区,0.20,4.00,左,-149201.91,106953.33,BOLTS
4030,X-HLP3-CR-F3-LAY-KEQP-02-002,紧固件/螺栓,A$C147C6879,6800x7900 DCC 2850x1800(左),,Q/R轴,北中区,6.80,7.90,左,-149203.23,106985.61,BOLTS
4031,X-HLP3-CR-F3-LAY-KEQP-02-002,紧固件/螺栓,H10_40,DCC 2850x1800(左),,Q/R轴,北中区,2.85,1.80,左,-172245.68,106820.37,ANCHOR BOLTS
4032,X-HLP3-CR-F3-LAY-KEQP-02-002,紧固件/螺栓,H10_40,DCC 2850x1800(左),,Q/R轴,北中区,2.85,1.80,左,-171595.68,106820.37,ANCHOR BOLTS
4033,X-HLP3-CR-F3-LAY-KEQP-02-002,紧固件/螺栓,H10_40,DCC 2850x1800(左),,Q/R轴,北中区,2.85,1.80,左,-170945.68,106820.37,ANCHOR BOLTS
4034,X-HLP3-CR-F3-LAY-KEQP-02-002,紧固件/螺栓,H10_40,DCC 2850x1800(左),,Q/R轴,北中区,2.85,1.80,左,-170295.68,106820.37,ANCHOR BOLTS
4035,X-HLP3-CR-F3-LAY-KEQP-02-002,紧固件/螺栓,H10_40,DCC 2850x1800(左),,Q/R轴,北中区,2.85,1.80,左,-172845.68,106820.37,ANCHOR BOLTS
4036,X-HLP3-CR-F3-LAY-KEQP-02-002,紧固件/螺栓,H10_40,DCC 2850x1800(左),,Q/R轴,北中区,2.85,1.80,左,-169645.68,106820.37,ANCHOR BOLTS
4037,X-HLP3-CR-F3-LAY-KEQP-02-002,紧固件/螺栓,H10_40,DCC 2850x1800(左),,Q/R轴,北中区,2.85,1.80,左,-168995.68,106820.37,ANCHOR BOLTS
4038,X-HLP3-CR-F3-LAY-KEQP-02-002,紧固件/螺栓,H10_40,DCC 2850x1800(左),,Q/R轴,北中区,2.85,1.80,左,-168345.68,106820.37,ANCHOR BOLTS
4039,X-HLP3-CR-F3-LAY-KEQP-02-002,紧固件/螺栓,H10_40,DCC 2850x1800(左),,Q/R轴,北中区,2.85,1.80,左,-167695.68,106819.73,ANCHOR BOLTS
4040,X-HLP3-CR-F3-LAY-KEQP-02-002,紧固件/螺栓,H10_40,DCC 2850x1800(左),,Q/R轴,北中区,2.85,1.80,左,-167258.95,106819.73,ANCHOR BOLTS
4041,X-HLP3-CR-F3-LAY-KEQP-02-002,紧固件/螺栓,H10_40,DCC 2850x1800(左),,Q/R轴,北中区,2.85,1.80,左,-165045.79,106820.37,ANCHOR BOLTS
4042,X-HLP3-CR-F3-LAY-KEQP-02-002,紧固件/螺栓,H10_40,DCC 2850x1800(左),,Q/R轴,北中区,2.85,1.80,左,-164395.79,106820.37,ANCHOR BOLTS
4043,X-HLP3-CR-F3-LAY-KEQP-02-002,紧固件/螺栓,H10_40,DCC 2850x1800(左),,Q/R轴,北中区,2.85,1.80,左,-163745.79,106820.37,ANCHOR BOLTS
4044,X-HLP3-CR-F3-LAY-KEQP-02-002,紧固件/螺栓,H10_40,DCC 2850x1800(左),,Q/R轴,北中区,2.85,1.80,左,-163095.79,106820.37,ANCHOR BOLTS
4045,X-HLP3-CR-F3-LAY-KEQP-02-002,紧固件/螺栓,H10_40,DCC 2850x1800(左),,Q/R轴,北中区,2.85,1.80,左,-165645.79,106820.37,ANCHOR BOLTS
4046,X-HLP3-CR-F3-LAY-KEQP-02-002,紧固件/螺栓,H10_40,DCC 2850x1800(左),,Q/R轴,北中区,2.85,1.80,左,-160720.77,106820.4,ANCHOR BOLTS
4047,X-HLP3-CR-F3-LAY-KEQP-02-002,紧固件/螺栓,H10_40,DCC 2850x1800(左),,Q/R轴,北中区,2.85,1.80,左,-160070.77,106819.76,ANCHOR BOLTS
4048,X-HLP3-CR-F3-LAY-KEQP-02-002,紧固件/螺栓,H10_40,DCC 2850x1800(左),,Q/R轴,北中区,2.85,1.80,左,-161370.77,106820.4,ANCHOR BOLTS
4049,X-HLP3-CR-F3-LAY-KEQP-02-002,紧固件/螺栓,H10_40,DCC 2850x1800(左),,Q/R轴,北中区,2.85,1.80,左,-148611.18,106820.37,ANCHOR BOLTS
4050,X-HLP3-CR-F3-LAY-KEQP-02-002,紧固件/螺栓,H10_40,DCC 2850x1800(左),,Q/R轴,北中区,2.85,1.80,左,-147961.18,106820.37,ANCHOR BOLTS
4051,X-HLP3-CR-F3-LAY-KEQP-02-002,紧固件/螺栓,H10_40,DCC 2850x2600(左),,Q/R轴,北中区,2.85,2.60,左,-147311.18,106820.37,ANCHOR BOLTS
4052,X-HLP3-CR-F3-LAY-KEQP-02-002,紧固件/螺栓,H10_40,DCC 2850x2600(左),,Q/R轴,北中区,2.85,2.60,左,-146661.18,106820.37,ANCHOR BOLTS
4053,X-HLP3-CR-F3-LAY-KEQP-02-002,紧固件/螺栓,H10_40,DCC 2850x1800(左),,Q/R轴,北中区,2.85,1.80,左,-149211.18,106820.37,ANCHOR BOLTS
4054,X-HLP3-CR-F3-LAY-KEQP-02-002,紧固件/螺栓,H10_40,DCC 2850x2600(左),,Q/R轴,北中区,2.85,2.60,左,-146011.18,106820.37,ANCHOR BOLTS
4055,X-HLP3-CR-F3-LAY-KEQP-02-002,紧固件/螺栓,H10_40,DCC 2850x2600(左),,Q/R轴,北中区,2.85,2.60,左,-145361.18,106820.37,ANCHOR BOLTS
4056,X-HLP3-CR-F3-LAY-KEQP-02-002,紧固件/螺栓,H10_40,DCC 2850x2600(左),,Q/R轴,北中区,2.85,2.60,左,-144711.18,106820.37,ANCHOR BOLTS
4057,X-HLP3-CR-F3-LAY-KEQP-02-002,紧固件/螺栓,H10_40,DCC 2850x2600(左),,Q/R轴,北中区,2.85,2.60,左,-144061.18,106819.73,ANCHOR BOLTS
4058,X-HLP3-CR-F3-LAY-KEQP-02-002,紧固件/螺栓,H10_40,DCC 2850x2600(左),,Q/R轴,北中区,2.85,2.60,左,-143624.45,106819.73,ANCHOR BOLTS
4059,X-HLP3-CR-F3-LAY-KEQP-02-002,型钢,A$C2DBF4B5B,DCC 2850x2300(左),,T/U轴,北中区,2.85,2.30,左,-145908.89,124057.01,ANGEL STEEL_75x75x3.0
4060,X-HLP3-CR-F3-LAY-KEQP-02-002,紧固件/螺栓,A$C4EA80240,200x4000 DCC 2850x2300(左),,T/U轴,北中区,0.20,4.00,左,-145924.87,124040.33,BOLTS
4061,X-HLP3-CR-F3-LAY-KEQP-02-002,紧固件/螺栓,A$C147C6879,6800x7900 DCC 2850x2300(左),,T/U轴,北中区,6.80,7.90,左,-145926.19,124072.61,BOLTS
4062,X-HLP3-CR-F3-LAY-KEQP-02-002,型钢,A$C2DBF4B5B,DCC 2850x2300(左),,T/U轴,北中区,2.85,2.30,左,-145908.89,123857.01,ANGEL STEEL_75x75x3.0
4063,X-HLP3-CR-F3-LAY-KEQP-02-002,紧固件/螺栓,A$C4EA80240,200x4000 DCC 2850x2300(左),,T/U轴,北中区,0.20,4.00,左,-145924.87,123873.7,BOLTS
4064,X-HLP3-CR-F3-LAY-KEQP-02-002,紧固件/螺栓,A$C147C6879,6800x7900 DCC 2850x2300(左),,T/U轴,北中区,6.80,7.90,左,-145926.19,123841.41,BOLTS
4065,X-HLP3-CR-F3-LAY-KEQP-02-002,紧固件/螺栓,DCC-Rack-200x200,200x200,,A轴,南区,0.20,0.20,,158381.21,-8291.59,K-CEIL-DCC-RACK
4066,X-HLP3-CR-F3-LAY-KEQP-02-002,紧固件/螺栓,DCC-Rack-200x200,200x200 DCC-F*2,DCC-F*2,A轴,南区,0.20,0.20,,153175.6,-8291.59,K-CEIL-DCC-RACK
4067,X-HLP3-CR-F3-LAY-KEQP-02-002,紧固件/螺栓,DCC-Rack-200x200,200x200 DCC-F*2,DCC-F*2,A轴,南区,0.20,0.20,,215817.6,-8291.59,K-CEIL-DCC-RACK
4068,X-HLP3-CR-F3-LAY-KEQP-02-002,紧固件/螺栓,DCC-Rack-200x200,200x200,,N/P轴,北中区,0.20,0.20,,118779.07,88568.81,K-CEIL-DCC-RACK
4069,X-HLP3-CR-F3-LAY-KEQP-02-002,紧固件/螺栓,DCC-Rack-200x200,200x200,,M/N轴,北中区,0.20,0.20,,118779.07,85618.81,K-CEIL-DCC-RACK
4070,X-HLP3-CR-F3-LAY-KEQP-02-002,紧固件/螺栓,DCC-Rack-200x200,200x200,,M/N轴,北中区,0.20,0.20,,118779.07,82668.81,K-CEIL-DCC-RACK
4071,X-HLP3-CR-F3-LAY-KEQP-02-002,紧固件/螺栓,DCC-Rack-200x200,200x200,,L/M轴,北中区,0.20,0.20,,118779.07,79718.81,K-CEIL-DCC-RACK
4072,X-HLP3-CR-F3-LAY-KEQP-02-002,紧固件/螺栓,DCC-Rack-200x200,200x200,,L/M轴,北中区,0.20,0.20,,118779.07,76768.81,K-CEIL-DCC-RACK
4073,X-HLP3-CR-F3-LAY-KEQP-02-002,紧固件/螺栓,DCC-Rack-200x200,200x200 2850x2300(左) DCC,DCC,P/Q轴,北中区,0.20,0.20,左,118779.07,101268.81,K-CEIL-DCC-RACK
4074,X-HLP3-CR-F3-LAY-KEQP-02-002,紧固件/螺栓,DCC-Rack-200x200,200x200 2850x2300(左) DCC,DCC,Q/R轴,北中区,0.20,0.20,左,118779.07,102568.45,K-CEIL-DCC-RACK
4075,X-HLP3-CR-F3-LAY-KEQP-02-002,DCC支架,DCC-Rack-150,2850x2300(左) DCC-D*2,DCC-D*2,Q/R轴,北中区,2.85,2.30,左,50969.39,108700.0,K-CEIL-DCC-RACK
4076,X-HLP3-CR-F3-LAY-KEQP-02-002,DCC支架,DCC-Rack-200,2850x1800(左) DCC-C*2,DCC-C*2,R/S轴,北中区,2.85,1.80,左,137100.0,109988.95,K-CEIL-DCC-RACK
4077,X-HLP3-CR-F3-LAY-KEQP-02-002,型钢,A$C2DBF4B5B,DCC 2850x2300(左),,U/V轴,北中区,2.85,2.30,左,-167770.46,131704.01,ANGEL STEEL_75x75x3.0
4078,X-HLP3-CR-F3-LAY-KEQP-02-002,紧固件/螺栓,A$C4EA80240,200x4000 DCC 2850x2300(左),,U/V轴,北中区,0.20,4.00,左,-167786.45,131687.33,BOLTS
4079,X-HLP3-CR-F3-LAY-KEQP-02-002,紧固件/螺栓,A$C147C6879,6800x7900 DCC 2850x2300(左),,U/V轴,北中区,6.80,7.90,左,-167787.76,131719.61,BOLTS
4080,X-HLP3-CR-F3-LAY-KEQP-02-002,紧固件/螺栓,A$C4EA80240,200x4000 DCC 2850x2300(左),,U/V轴,北中区,0.20,4.00,左,-167862.15,131734.99,BOLTS
4081,X-HLP3-CR-F3-LAY-KEQP-02-002,紧固件/螺栓,A$C147C6879,6800x7900 DCC 2850x2300(左),,U/V轴,北中区,6.80,7.90,左,-167829.86,131736.31,BOLTS
4082,X-HLP3-CR-F3-LAY-KEQP-02-002,型钢,A$C2DBF4B5B,DCC 3500x2300(左),,U/V轴,北中区,3.50,2.30,左,-168120.77,133864.01,ANGEL STEEL_75x75x3.0
4083,X-HLP3-CR-F3-LAY-KEQP-02-002,紧固件/螺栓,A$C4EA80240,200x4000 DCC 3500x2300(左),,U/V轴,北中区,0.20,4.00,左,-168104.79,133880.7,BOLTS
4084,X-HLP3-CR-F3-LAY-KEQP-02-002,紧固件/螺栓,A$C147C6879,6800x7900 DCC 3500x2300(左),,U/V轴,北中区,6.80,7.90,左,-168103.47,133848.41,BOLTS
4085,X-HLP3-CR-F3-LAY-KEQP-02-002,紧固件/螺栓,A$C4EA80240,200x4000 DCC 3500x2300(左),,U/V轴,北中区,0.20,4.00,左,-168029.09,133833.03,BOLTS
4086,X-HLP3-CR-F3-LAY-KEQP-02-002,紧固件/螺栓,A$C147C6879,6800x7900 DCC 3500x2300(左),,U/V轴,北中区,6.80,7.90,左,-168061.37,133831.71,BOLTS
4087,X-HLP3-CR-F3-LAY-KEQP-02-002,型钢,A$C2DBF4B5B,DCC 3500x2300(左),,U/V轴,北中区,3.50,2.30,左,-167770.77,133864.01,ANGEL STEEL_75x75x3.0
4088,X-HLP3-CR-F3-LAY-KEQP-02-002,紧固件/螺栓,A$C4EA80240,200x4000 DCC 3500x2300(左),,U/V轴,北中区,0.20,4.00,左,-167786.75,133880.7,BOLTS
4089,X-HLP3-CR-F3-LAY-KEQP-02-002,紧固件/螺栓,A$C147C6879,6800x7900 DCC 3500x2300(左),,U/V轴,北中区,6.80,7.90,左,-167788.07,133848.41,BOLTS
4090,X-HLP3-CR-F3-LAY-KEQP-02-002,紧固件/螺栓,A$C4EA80240,200x4000 DCC 3500x2300(左),,U/V轴,北中区,0.20,4.00,左,-167862.45,133833.03,BOLTS
4091,X-HLP3-CR-F3-LAY-KEQP-02-002,紧固件/螺栓,A$C147C6879,6800x7900 DCC 3500x2300(左),,U/V轴,北中区,6.80,7.90,左,-167830.17,133831.71,BOLTS
4092,X-HLP3-CR-F3-LAY-KEQP-02-002,型钢,A$C2DBF4B5B,,,R/S轴,北中区,,,,-185364.06,111590.24,ANGEL STEEL_75x75x3.0
4093,X-HLP3-CR-F3-LAY-KEQP-02-002,紧固件/螺栓,A$C4EA80240,200x4000,,R/S轴,北中区,0.20,4.00,,-185348.08,111606.92,BOLTS
4094,X-HLP3-CR-F3-LAY-KEQP-02-002,紧固件/螺栓,A$C147C6879,6800x7900,,R/S轴,北中区,6.80,7.90,,-185346.76,111574.64,BOLTS
4095,X-HLP3-CR-F3-LAY-KEQP-02-002,型钢,A$C2DBF4B5B,,,R/S轴,北中区,,,,-187514.43,111590.24,ANGEL STEEL_75x75x3.0
4096,X-HLP3-CR-F3-LAY-KEQP-02-002,紧固件/螺栓,A$C4EA80240,200x4000,,R/S轴,北中区,0.20,4.00,,-187530.42,111606.92,BOLTS
4097,X-HLP3-CR-F3-LAY-KEQP-02-002,紧固件/螺栓,A$C147C6879,6800x7900,,R/S轴,北中区,6.80,7.90,,-187531.74,111574.64,BOLTS
4098,X-HLP3-CR-F3-LAY-KEQP-02-002,型钢,A$C2DBF4B5B,,,Q/R轴,北中区,,,,-195999.86,109230.01,ANGEL STEEL_75x75x3.0
4099,X-HLP3-CR-F3-LAY-KEQP-02-002,紧固件/螺栓,A$C4EA80240,200x4000,,Q/R轴,北中区,0.20,4.00,,-196015.84,109246.7,BOLTS
4100,X-HLP3-CR-F3-LAY-KEQP-02-002,紧固件/螺栓,A$C147C6879,6800x7900,,Q/R轴,北中区,6.80,7.90,,-196017.16,109214.41,BOLTS
4101,X-HLP3-CR-F3-LAY-KEQP-02-002,型钢,A$C2DBF4B5B,,,Q/R轴,北中区,,,,-193849.48,109230.01,ANGEL STEEL_75x75x3.0
4102,X-HLP3-CR-F3-LAY-KEQP-02-002,紧固件/螺栓,A$C4EA80240,200x4000,,Q/R轴,北中区,0.20,4.00,,-193833.5,109246.7,BOLTS
4103,X-HLP3-CR-F3-LAY-KEQP-02-002,紧固件/螺栓,A$C147C6879,6800x7900,,Q/R轴,北中区,6.80,7.90,,-193832.18,109214.41,BOLTS
4104,X-HLP3-CR-F3-LAY-KEQP-02-002,紧固件/螺栓,化学锚栓连接板,,,Y轴,北区,,,,-231295.54,218206.49,K-CEIL-DCC-RACK
4105,X-HLP3-CR-F3-LAY-KEQP-02-002,紧固件/螺栓,化学锚栓连接板,,,Y轴,北区,,,,-238445.54,218206.49,K-CEIL-DCC-RACK
4106,X-HLP3-CR-F3-LAY-KEQP-02-002,DCC设备,DCC2850x1800(右),2850x1800,DCC2850x1800,Y轴,北区,2.85,1.80,,-107192.77,169011.49,0-DCC
4107,X-HLP3-CR-F3-LAY-KEQP-02-002,DCC设备,DCC2850x1800(右),2850x1800,DCC2850x1800,Y轴,北区,2.85,1.80,,-107192.77,170871.49,0-DCC
4108,X-HLP3-CR-F3-LAY-KEQP-02-002,DCC设备,DCC2850x1800(右),2850x1800,DCC2850x1800,Y轴,北区,2.85,1.80,,-104242.77,169011.49,0-DCC
4109,X-HLP3-CR-F3-LAY-KEQP-02-002,DCC设备,DCC2850x1800(右),2850x1800,DCC2850x1800,Y轴,北区,2.85,1.80,,-104242.77,170871.49,0-DCC
4110,X-HLP3-CR-F3-LAY-KEQP-02-002,DCC设备,DCC2850x1800(右),2850x1800,DCC2850x1800,Y轴,北区,2.85,1.80,,-99992.77,169011.49,0-DCC
4111,X-HLP3-CR-F3-LAY-KEQP-02-002,DCC设备,DCC2850x1800(右),2850x1800,DCC2850x1800,Y轴,北区,2.85,1.80,,-99992.77,170871.49,0-DCC
4112,X-HLP3-CR-F3-LAY-KEQP-02-002,DCC隔断/门,DIV-DOOR-1000Wx2200H,DCC 2850x1800(左),,N/P轴,北中区,2.85,1.80,左,-160695.7,94503.01,K-CEIL-DIV-DOOR_Phase 2
4113,X-HLP3-CR-F3-LAY-KEQP-02-002,DCC设备,DCC2850x2300(右)水平,2850x2300,DCC2850x2300,Y轴,北区,2.85,2.30,,-117801.04,240617.54,0-DCC
4114,X-HLP3-CR-F3-LAY-KEQP-02-002,DCC设备,DCC2850x2300(右)水平,2850x2300,DCC2850x2300,Y轴,北区,2.85,2.30,,-222283.57,240617.54,0-DCC
4115,X-HLP3-CR-F3-LAY-KEQP-02-002,DCC设备,DCC2850x2300(右)水平,2850x2300,DCC2850x2300,Y轴,北区,2.85,2.30,,-110601.15,240617.54,0-DCC
4116,X-HLP3-CR-F3-LAY-KEQP-02-002,紧固件/螺栓,化学锚栓连接板,,,Y轴,北区,,,,-214811.04,218206.49,K-CEIL-DCC-RACK
4117,X-HLP3-CR-F3-LAY-KEQP-02-002,DCC设备,DCC2850x1800(右),2850x1800,DCC2850x1800,Y轴,北区,2.85,1.80,,-83558.27,169011.49,0-DCC
4118,X-HLP3-CR-F3-LAY-KEQP-02-002,DCC设备,DCC2850x1800(右),2850x1800,DCC2850x1800,Y轴,北区,2.85,1.80,,-83558.27,170871.49,0-DCC
4119,X-HLP3-CR-F3-LAY-KEQP-02-002,DCC设备,DCC2850x2600(左),2850x2600,DCC2850x2600,Y轴,北区,2.85,2.60,,-194217.97,169011.49,0-DCC
4120,X-HLP3-CR-F3-LAY-KEQP-02-002,DCC设备,DCC2850x2600(左),2850x2600,DCC2850x2600,Y轴,北区,2.85,2.60,,-194217.97,171671.49,0-DCC
4121,X-HLP3-CR-F3-LAY-KEQP-02-002,DCC设备,DCC2850x2300(右)水平,2850x2300,DCC2850x2300,Y轴,北区,2.85,2.30,,-198652.77,242217.54,0-DCC
4122,X-HLP3-CR-F3-LAY-KEQP-02-002,DCC设备,DCC2850x2300(右)水平,2850x2300,DCC2850x2300,Y轴,北区,2.85,2.30,,-201599.07,240617.54,0-DCC
4123,X-HLP3-CR-F3-LAY-KEQP-02-002,柱,H-方柱-200x8-X8,DCC 2850x1800(左),,P/Q轴,北中区,2.85,1.80,左,-170045.54,95682.53,K-CEIL-DCC-RACK
4124,X-HLP3-CR-F3-LAY-KEQP-02-002,柱,H-方柱-200x8-X11,DCC 2850x1800(左),,P/Q轴,北中区,2.85,1.80,左,-162895.54,95682.53,K-CEIL-DCC-RACK
4125,X-HLP3-CR-F3-LAY-KEQP-02-002,柱,柱底找平,DCC 2850x1800(左),,N/P轴,北中区,2.85,1.80,左,-162895.54,94453.01,0-DCC-STRUC-T
4126,X-HLP3-CR-F3-LAY-KEQP-02-002,紧固件/螺栓,M12,DCC 2850x1800(左),,N/P轴,北中区,2.85,1.80,左,-162826.9,94492.53,0-DCC-STRUC-T
4127,X-HLP3-CR-F3-LAY-KEQP-02-002,紧固件/螺栓,M12,DCC 2850x1800(左),,N/P轴,北中区,2.85,1.80,左,-162964.17,94492.53,0-DCC-STRUC-T
4128,X-HLP3-CR-F3-LAY-KEQP-02-002,柱,柱底找平,DCC 2850x1800(左),,N/P轴,北中区,2.85,1.80,左,-170045.54,94453.01,0-DCC-STRUC-T
4129,X-HLP3-CR-F3-LAY-KEQP-02-002,紧固件/螺栓,M12,DCC 2850x1800(左),,N/P轴,北中区,2.85,1.80,左,-169976.9,94492.53,0-DCC-STRUC-T
4130,X-HLP3-CR-F3-LAY-KEQP-02-002,紧固件/螺栓,M12,DCC 2850x1800(左),,N/P轴,北中区,2.85,1.80,左,-170114.17,94492.53,0-DCC-STRUC-T
4131,X-HLP3-CR-F3-LAY-KEQP-02-002,柱,H-方柱-200x8-X13,DCC 2850x2600(左),,P/Q轴,北中区,2.85,2.60,左,-146411.04,95682.53,K-CEIL-DCC-RACK
4132,X-HLP3-CR-F3-LAY-KEQP-02-002,柱,柱底找平,DCC 2850x2600(左),,N/P轴,北中区,2.85,2.60,左,-146411.04,94453.01,0-DCC-STRUC-T
4133,X-HLP3-CR-F3-LAY-KEQP-02-002,紧固件/螺栓,M12,DCC 2850x2600(左),,N/P轴,北中区,2.85,2.60,左,-146342.4,94492.53,0-DCC-STRUC-T
4134,X-HLP3-CR-F3-LAY-KEQP-02-002,紧固件/螺栓,M12,DCC 2850x2600(左),,N/P轴,北中区,2.85,2.60,左,-146479.67,94492.53,0-DCC-STRUC-T
4135,X-HLP3-CR-F3-LAY-KEQP-02-002,型钢,A$C2DBF4B5B,DCC 2850x1800(左),,P/Q轴,北中区,2.85,1.80,左,-162720.54,96923.01,ANGEL STEEL_75x75x3.0
4136,X-HLP3-CR-F3-LAY-KEQP-02-002,紧固件/螺栓,A$C4EA80240,200x4000 DCC 2850x1800(左),,P/Q轴,北中区,0.20,4.00,左,-162736.52,96906.33,BOLTS
4137,X-HLP3-CR-F3-LAY-KEQP-02-002,紧固件/螺栓,A$C147C6879,6800x7900 DCC 2850x1800(左),,P/Q轴,北中区,6.80,7.90,左,-162737.84,96938.61,BOLTS
4138,X-HLP3-CR-F3-LAY-KEQP-02-002,型钢,A$C2DBF4B5B,DCC 2850x1800(左),,P/Q轴,北中区,2.85,1.80,左,-162720.54,96773.01,ANGEL STEEL_75x75x3.0
4139,X-HLP3-CR-F3-LAY-KEQP-02-002,紧固件/螺栓,A$C4EA80240,200x4000 DCC 2850x1800(左),,P/Q轴,北中区,0.20,4.00,左,-162736.52,96789.7,BOLTS
4140,X-HLP3-CR-F3-LAY-KEQP-02-002,紧固件/螺栓,A$C147C6879,6800x7900 DCC 2850x1800(左),,P/Q轴,北中区,6.80,7.90,左,-162737.84,96757.41,BOLTS
4141,X-HLP3-CR-F3-LAY-KEQP-02-002,型钢,A$C2DBF4B5B,DCC 2850x1800(左),,N/P轴,北中区,2.85,1.80,左,-161420.77,94603.01,ANGEL STEEL_75x75x3.0
4142,X-HLP3-CR-F3-LAY-KEQP-02-002,紧固件/螺栓,A$C4EA80240,200x4000 DCC 2850x1800(左),,N/P轴,北中区,0.20,4.00,左,-161436.75,94586.33,BOLTS
4143,X-HLP3-CR-F3-LAY-KEQP-02-002,紧固件/螺栓,A$C147C6879,6800x7900 DCC 2850x1800(左),,N/P轴,北中区,6.80,7.90,左,-161438.07,94618.61,BOLTS
4144,X-HLP3-CR-F3-LAY-KEQP-02-002,紧固件/螺栓,A$C4EA80240,200x4000 DCC 2850x1800(左),,N/P轴,北中区,0.20,4.00,左,-161512.45,94633.99,BOLTS
4145,X-HLP3-CR-F3-LAY-KEQP-02-002,紧固件/螺栓,A$C147C6879,6800x7900 DCC 2850x1800(左),,N/P轴,北中区,6.80,7.90,左,-161480.17,94635.31,BOLTS
4146,X-HLP3-CR-F3-LAY-KEQP-02-002,型钢,A$C2DBF4B5B,DCC 2850x1800(左),,N/P轴,北中区,2.85,1.80,左,-161420.54,94603.01,ANGEL STEEL_75x75x3.0
4147,X-HLP3-CR-F3-LAY-KEQP-02-002,紧固件/螺栓,A$C4EA80240,200x4000 DCC 2850x1800(左),,N/P轴,北中区,0.20,4.00,左,-161436.52,94586.33,BOLTS
4148,X-HLP3-CR-F3-LAY-KEQP-02-002,紧固件/螺栓,A$C147C6879,6800x7900 DCC 2850x1800(左),,N/P轴,北中区,6.80,7.90,左,-161437.84,94618.61,BOLTS
4149,X-HLP3-CR-F3-LAY-KEQP-02-002,紧固件/螺栓,A$C4EA80240,200x4000 DCC 2850x1800(左),,N/P轴,北中区,0.20,4.00,左,-161512.22,94633.99,BOLTS
4150,X-HLP3-CR-F3-LAY-KEQP-02-002,紧固件/螺栓,A$C147C6879,6800x7900 DCC 2850x1800(左),,N/P轴,北中区,6.80,7.90,左,-161479.94,94635.31,BOLTS
4151,X-HLP3-CR-F3-LAY-KEQP-02-002,型钢,A$C2DBF4B5B,DCC 2850x1800(左),,P/Q轴,北中区,2.85,1.80,左,-161420.77,96763.01,ANGEL STEEL_75x75x3.0
4152,X-HLP3-CR-F3-LAY-KEQP-02-002,紧固件/螺栓,A$C4EA80240,200x4000 DCC 2850x1800(左),,P/Q轴,北中区,0.20,4.00,左,-161436.75,96779.7,BOLTS
4153,X-HLP3-CR-F3-LAY-KEQP-02-002,紧固件/螺栓,A$C147C6879,6800x7900 DCC 2850x1800(左),,P/Q轴,北中区,6.80,7.90,左,-161438.07,96747.41,BOLTS
4154,X-HLP3-CR-F3-LAY-KEQP-02-002,紧固件/螺栓,A$C4EA80240,200x4000 DCC 2850x1800(左),,P/Q轴,北中区,0.20,4.00,左,-161512.45,96732.03,BOLTS
4155,X-HLP3-CR-F3-LAY-KEQP-02-002,紧固件/螺栓,A$C147C6879,6800x7900 DCC 2850x1800(左),,P/Q轴,北中区,6.80,7.90,左,-161480.17,96730.71,BOLTS
4156,X-HLP3-CR-F3-LAY-KEQP-02-002,型钢,A$C2DBF4B5B,DCC 2850x1800(左),,P/Q轴,北中区,2.85,1.80,左,-161420.54,96763.01,ANGEL STEEL_75x75x3.0
4157,X-HLP3-CR-F3-LAY-KEQP-02-002,紧固件/螺栓,A$C4EA80240,200x4000 DCC 2850x1800(左),,P/Q轴,北中区,0.20,4.00,左,-161436.52,96779.7,BOLTS
4158,X-HLP3-CR-F3-LAY-KEQP-02-002,紧固件/螺栓,A$C147C6879,6800x7900 DCC 2850x1800(左),,P/Q轴,北中区,6.80,7.90,左,-161437.84,96747.41,BOLTS
4159,X-HLP3-CR-F3-LAY-KEQP-02-002,紧固件/螺栓,A$C4EA80240,200x4000 DCC 2850x1800(左),,P/Q轴,北中区,0.20,4.00,左,-161512.22,96732.03,BOLTS
4160,X-HLP3-CR-F3-LAY-KEQP-02-002,紧固件/螺栓,A$C147C6879,6800x7900 DCC 2850x1800(左),,P/Q轴,北中区,6.80,7.90,左,-161479.94,96730.71,BOLTS
4161,X-HLP3-CR-F3-LAY-KEQP-02-002,型钢,A$C2DBF4B5B,DCC 2850x1800(左),,P/Q轴,北中区,2.85,1.80,左,-161770.77,96763.01,ANGEL STEEL_75x75x3.0
4162,X-HLP3-CR-F3-LAY-KEQP-02-002,紧固件/螺栓,A$C4EA80240,200x4000 DCC 2850x1800(左),,P/Q轴,北中区,0.20,4.00,左,-161754.79,96779.7,BOLTS
4163,X-HLP3-CR-F3-LAY-KEQP-02-002,紧固件/螺栓,A$C147C6879,6800x7900 DCC 2850x1800(左),,P/Q轴,北中区,6.80,7.90,左,-161753.47,96747.41,BOLTS
4164,X-HLP3-CR-F3-LAY-KEQP-02-002,紧固件/螺栓,A$C4EA80240,200x4000 DCC 2850x1800(左),,P/Q轴,北中区,0.20,4.00,左,-161679.09,96732.03,BOLTS
4165,X-HLP3-CR-F3-LAY-KEQP-02-002,紧固件/螺栓,A$C147C6879,6800x7900 DCC 2850x1800(左),,P/Q轴,北中区,6.80,7.90,左,-161711.37,96730.71,BOLTS
4166,X-HLP3-CR-F3-LAY-KEQP-02-002,型钢,A$C2DBF4B5B,DCC 2850x1800(左),,P/Q轴,北中区,2.85,1.80,左,-161771.0,96763.01,ANGEL STEEL_75x75x3.0
4167,X-HLP3-CR-F3-LAY-KEQP-02-002,紧固件/螺栓,A$C4EA80240,200x4000 DCC 2850x1800(左),,P/Q轴,北中区,0.20,4.00,左,-161755.02,96779.7,BOLTS
4168,X-HLP3-CR-F3-LAY-KEQP-02-002,紧固件/螺栓,A$C147C6879,6800x7900 DCC 2850x1800(左),,P/Q轴,北中区,6.80,7.90,左,-161753.7,96747.41,BOLTS
4169,X-HLP3-CR-F3-LAY-KEQP-02-002,紧固件/螺栓,A$C4EA80240,200x4000 DCC 2850x1800(左),,P/Q轴,北中区,0.20,4.00,左,-161679.32,96732.03,BOLTS
4170,X-HLP3-CR-F3-LAY-KEQP-02-002,紧固件/螺栓,A$C147C6879,6800x7900 DCC 2850x1800(左),,P/Q轴,北中区,6.80,7.90,左,-161711.6,96730.71,BOLTS
4171,X-HLP3-CR-F3-LAY-KEQP-02-002,型钢,A$C2DBF4B5B,DCC 2850x1800(左),,P/Q轴,北中区,2.85,1.80,左,-163071.0,96463.01,ANGEL STEEL_75x75x3.0
4172,X-HLP3-CR-F3-LAY-KEQP-02-002,紧固件/螺栓,A$C4EA80240,200x4000 DCC 2850x1800(左),,P/Q轴,北中区,0.20,4.00,左,-163055.02,96446.33,BOLTS
4173,X-HLP3-CR-F3-LAY-KEQP-02-002,紧固件/螺栓,A$C147C6879,6800x7900 DCC 2850x1800(左),,P/Q轴,北中区,6.80,7.90,左,-163053.7,96478.61,BOLTS
4174,X-HLP3-CR-F3-LAY-KEQP-02-002,型钢,A$C2DBF4B5B,DCC 2850x1800(左),,P/Q轴,北中区,2.85,1.80,左,-163071.0,96263.01,ANGEL STEEL_75x75x3.0
4175,X-HLP3-CR-F3-LAY-KEQP-02-002,紧固件/螺栓,A$C4EA80240,200x4000 DCC 2850x1800(左),,P/Q轴,北中区,0.20,4.00,左,-163055.02,96279.7,BOLTS
4176,X-HLP3-CR-F3-LAY-KEQP-02-002,紧固件/螺栓,A$C147C6879,6800x7900 DCC 2850x1800(左),,P/Q轴,北中区,6.80,7.90,左,-163053.7,96247.41,BOLTS
4177,X-HLP3-CR-F3-LAY-KEQP-02-002,型钢,A$C2DBF4B5B,DCC 2850x1800(左),,P/Q轴,北中区,2.85,1.80,左,-163071.0,98323.01,ANGEL STEEL_75x75x3.0
4178,X-HLP3-CR-F3-LAY-KEQP-02-002,紧固件/螺栓,A$C4EA80240,200x4000 DCC 2850x1800(左),,P/Q轴,北中区,0.20,4.00,左,-163055.02,98306.33,BOLTS
4179,X-HLP3-CR-F3-LAY-KEQP-02-002,紧固件/螺栓,A$C147C6879,6800x7900 DCC 2850x1800(左),,P/Q轴,北中区,6.80,7.90,左,-163053.7,98338.61,BOLTS
4180,X-HLP3-CR-F3-LAY-KEQP-02-002,型钢,A$C2DBF4B5B,DCC 2850x1800(左),,P/Q轴,北中区,2.85,1.80,左,-163071.0,98123.01,ANGEL STEEL_75x75x3.0
4181,X-HLP3-CR-F3-LAY-KEQP-02-002,紧固件/螺栓,A$C4EA80240,200x4000 DCC 2850x1800(左),,P/Q轴,北中区,0.20,4.00,左,-163055.02,98139.7,BOLTS
4182,X-HLP3-CR-F3-LAY-KEQP-02-002,紧固件/螺栓,A$C147C6879,6800x7900 DCC 2850x1800(左),,P/Q轴,北中区,6.80,7.90,左,-163053.7,98107.41,BOLTS
4183,X-HLP3-CR-F3-LAY-KEQP-02-002,型钢,A$C2DBF4B5B,DCC 2850x1800(左),,N/P轴,北中区,2.85,1.80,左,-163071.0,94603.01,ANGEL STEEL_75x75x3.0
4184,X-HLP3-CR-F3-LAY-KEQP-02-002,紧固件/螺栓,A$C4EA80240,200x4000 DCC 2850x1800(左),,N/P轴,北中区,0.20,4.00,左,-163055.02,94586.33,BOLTS
4185,X-HLP3-CR-F3-LAY-KEQP-02-002,紧固件/螺栓,A$C147C6879,6800x7900 DCC 2850x1800(左),,N/P轴,北中区,6.80,7.90,左,-163053.7,94618.61,BOLTS
4186,X-HLP3-CR-F3-LAY-KEQP-02-002,型钢,A$C2DBF4B5B,DCC 2850x1800(左),,P/Q轴,北中区,2.85,1.80,左,-170221.0,98323.01,ANGEL STEEL_75x75x3.0
4187,X-HLP3-CR-F3-LAY-KEQP-02-002,紧固件/螺栓,A$C4EA80240,200x4000 DCC 2850x1800(左),,P/Q轴,北中区,0.20,4.00,左,-170205.02,98306.33,BOLTS
4188,X-HLP3-CR-F3-LAY-KEQP-02-002,紧固件/螺栓,A$C147C6879,6800x7900 DCC 2850x1800(左),,P/Q轴,北中区,6.80,7.90,左,-170203.7,98338.61,BOLTS
4189,X-HLP3-CR-F3-LAY-KEQP-02-002,型钢,A$C2DBF4B5B,DCC 2850x1800(左),,P/Q轴,北中区,2.85,1.80,左,-170221.0,98123.01,ANGEL STEEL_75x75x3.0
4190,X-HLP3-CR-F3-LAY-KEQP-02-002,紧固件/螺栓,A$C4EA80240,200x4000 DCC 2850x1800(左),,P/Q轴,北中区,0.20,4.00,左,-170205.02,98139.7,BOLTS
4191,X-HLP3-CR-F3-LAY-KEQP-02-002,紧固件/螺栓,A$C147C6879,6800x7900 DCC 2850x1800(左),,P/Q轴,北中区,6.80,7.90,左,-170203.7,98107.41,BOLTS
4192,X-HLP3-CR-F3-LAY-KEQP-02-002,型钢,A$C2DBF4B5B,DCC 2850x1800(左),,P/Q轴,北中区,2.85,1.80,左,-170221.0,96463.01,ANGEL STEEL_75x75x3.0
4193,X-HLP3-CR-F3-LAY-KEQP-02-002,紧固件/螺栓,A$C4EA80240,200x4000 DCC 2850x1800(左),,P/Q轴,北中区,0.20,4.00,左,-170205.02,96446.33,BOLTS
4194,X-HLP3-CR-F3-LAY-KEQP-02-002,紧固件/螺栓,A$C147C6879,6800x7900 DCC 2850x1800(左),,P/Q轴,北中区,6.80,7.90,左,-170203.7,96478.61,BOLTS
4195,X-HLP3-CR-F3-LAY-KEQP-02-002,型钢,A$C2DBF4B5B,DCC 2850x1800(左),,P/Q轴,北中区,2.85,1.80,左,-170221.0,96263.01,ANGEL STEEL_75x75x3.0
4196,X-HLP3-CR-F3-LAY-KEQP-02-002,紧固件/螺栓,A$C4EA80240,200x4000 DCC 2850x1800(左),,P/Q轴,北中区,0.20,4.00,左,-170205.02,96279.7,BOLTS
4197,X-HLP3-CR-F3-LAY-KEQP-02-002,紧固件/螺栓,A$C147C6879,6800x7900 DCC 2850x1800(左),,P/Q轴,北中区,6.80,7.90,左,-170203.7,96247.41,BOLTS
4198,X-HLP3-CR-F3-LAY-KEQP-02-002,型钢,A$C2DBF4B5B,DCC 2850x1800(左),,N/P轴,北中区,2.85,1.80,左,-170221.0,94603.01,ANGEL STEEL_75x75x3.0
4199,X-HLP3-CR-F3-LAY-KEQP-02-002,紧固件/螺栓,A$C4EA80240,200x4000 DCC 2850x1800(左),,N/P轴,北中区,0.20,4.00,左,-170205.02,94586.33,BOLTS
4200,X-HLP3-CR-F3-LAY-KEQP-02-002,紧固件/螺栓,A$C147C6879,6800x7900 DCC 2850x1800(左),,N/P轴,北中区,6.80,7.90,左,-170203.7,94618.61,BOLTS
4201,X-HLP3-CR-F3-LAY-KEQP-02-002,型钢,A$C2DBF4B5B,DCC 2850x1800(左),,P/Q轴,北中区,2.85,1.80,左,-169870.09,98323.01,ANGEL STEEL_75x75x3.0
4202,X-HLP3-CR-F3-LAY-KEQP-02-002,紧固件/螺栓,A$C4EA80240,200x4000 DCC 2850x1800(左),,P/Q轴,北中区,0.20,4.00,左,-169886.07,98306.33,BOLTS
4203,X-HLP3-CR-F3-LAY-KEQP-02-002,紧固件/螺栓,A$C147C6879,6800x7900 DCC 2850x1800(左),,P/Q轴,北中区,6.80,7.90,左,-169887.39,98338.61,BOLTS
4204,X-HLP3-CR-F3-LAY-KEQP-02-002,型钢,A$C2DBF4B5B,DCC 2850x1800(左),,P/Q轴,北中区,2.85,1.80,左,-169870.09,98123.01,ANGEL STEEL_75x75x3.0
4205,X-HLP3-CR-F3-LAY-KEQP-02-002,紧固件/螺栓,A$C4EA80240,200x4000 DCC 2850x1800(左),,P/Q轴,北中区,0.20,4.00,左,-169886.07,98139.7,BOLTS
4206,X-HLP3-CR-F3-LAY-KEQP-02-002,紧固件/螺栓,A$C147C6879,6800x7900 DCC 2850x1800(左),,P/Q轴,北中区,6.80,7.90,左,-169887.39,98107.41,BOLTS
4207,X-HLP3-CR-F3-LAY-KEQP-02-002,型钢,A$C2DBF4B5B,DCC 2850x1800(左),,P/Q轴,北中区,2.85,1.80,左,-169870.09,96463.01,ANGEL STEEL_75x75x3.0
4208,X-HLP3-CR-F3-LAY-KEQP-02-002,紧固件/螺栓,A$C4EA80240,200x4000 DCC 2850x1800(左),,P/Q轴,北中区,0.20,4.00,左,-169886.07,96446.33,BOLTS
4209,X-HLP3-CR-F3-LAY-KEQP-02-002,紧固件/螺栓,A$C147C6879,6800x7900 DCC 2850x1800(左),,P/Q轴,北中区,6.80,7.90,左,-169887.39,96478.61,BOLTS
4210,X-HLP3-CR-F3-LAY-KEQP-02-002,型钢,A$C2DBF4B5B,DCC 2850x1800(左),,P/Q轴,北中区,2.85,1.80,左,-169870.09,96263.01,ANGEL STEEL_75x75x3.0
4211,X-HLP3-CR-F3-LAY-KEQP-02-002,紧固件/螺栓,A$C4EA80240,200x4000 DCC 2850x1800(左),,P/Q轴,北中区,0.20,4.00,左,-169886.07,96279.7,BOLTS
4212,X-HLP3-CR-F3-LAY-KEQP-02-002,紧固件/螺栓,A$C147C6879,6800x7900 DCC 2850x1800(左),,P/Q轴,北中区,6.80,7.90,左,-169887.39,96247.41,BOLTS
4213,X-HLP3-CR-F3-LAY-KEQP-02-002,型钢,A$C2DBF4B5B,DCC 2850x1800(左),,N/P轴,北中区,2.85,1.80,左,-169870.09,94603.01,ANGEL STEEL_75x75x3.0
4214,X-HLP3-CR-F3-LAY-KEQP-02-002,紧固件/螺栓,A$C4EA80240,200x4000 DCC 2850x1800(左),,N/P轴,北中区,0.20,4.00,左,-169886.07,94586.33,BOLTS
4215,X-HLP3-CR-F3-LAY-KEQP-02-002,紧固件/螺栓,A$C147C6879,6800x7900 DCC 2850x1800(左),,N/P轴,北中区,6.80,7.90,左,-169887.39,94618.61,BOLTS
4216,X-HLP3-CR-F3-LAY-KEQP-02-002,型钢,A$C2DBF4B5B,DCC 2850x2600(左),,P/Q轴,北中区,2.85,2.60,左,-146586.04,98323.01,ANGEL STEEL_75x75x3.0
4217,X-HLP3-CR-F3-LAY-KEQP-02-002,紧固件/螺栓,A$C4EA80240,200x4000 DCC 2850x2600(左),,P/Q轴,北中区,0.20,4.00,左,-146570.05,98306.33,BOLTS
4218,X-HLP3-CR-F3-LAY-KEQP-02-002,紧固件/螺栓,A$C147C6879,6800x7900 DCC 2850x2600(左),,P/Q轴,北中区,6.80,7.90,左,-146568.73,98338.61,BOLTS
4219,X-HLP3-CR-F3-LAY-KEQP-02-002,型钢,A$C2DBF4B5B,DCC 2850x2600(左),,P/Q轴,北中区,2.85,2.60,左,-146586.04,98123.01,ANGEL STEEL_75x75x3.0
4220,X-HLP3-CR-F3-LAY-KEQP-02-002,紧固件/螺栓,A$C4EA80240,200x4000 DCC 2850x2600(左),,P/Q轴,北中区,0.20,4.00,左,-146570.05,98139.7,BOLTS
4221,X-HLP3-CR-F3-LAY-KEQP-02-002,紧固件/螺栓,A$C147C6879,6800x7900 DCC 2850x2600(左),,P/Q轴,北中区,6.80,7.90,左,-146568.73,98107.41,BOLTS
4222,X-HLP3-CR-F3-LAY-KEQP-02-002,型钢,A$C2DBF4B5B,DCC 2850x2600(左),,P/Q轴,北中区,2.85,2.60,左,-146586.5,96463.01,ANGEL STEEL_75x75x3.0
4223,X-HLP3-CR-F3-LAY-KEQP-02-002,紧固件/螺栓,A$C4EA80240,200x4000 DCC 2850x2600(左),,P/Q轴,北中区,0.20,4.00,左,-146570.52,96446.33,BOLTS
4224,X-HLP3-CR-F3-LAY-KEQP-02-002,紧固件/螺栓,A$C147C6879,6800x7900 DCC 2850x2600(左),,P/Q轴,北中区,6.80,7.90,左,-146569.2,96478.61,BOLTS
4225,X-HLP3-CR-F3-LAY-KEQP-02-002,型钢,A$C2DBF4B5B,DCC 2850x2600(左),,P/Q轴,北中区,2.85,2.60,左,-146586.5,96263.01,ANGEL STEEL_75x75x3.0
4226,X-HLP3-CR-F3-LAY-KEQP-02-002,紧固件/螺栓,A$C4EA80240,200x4000 DCC 2850x2600(左),,P/Q轴,北中区,0.20,4.00,左,-146570.52,96279.7,BOLTS
4227,X-HLP3-CR-F3-LAY-KEQP-02-002,紧固件/螺栓,A$C147C6879,6800x7900 DCC 2850x2600(左),,P/Q轴,北中区,6.80,7.90,左,-146569.2,96247.41,BOLTS
4228,X-HLP3-CR-F3-LAY-KEQP-02-002,型钢,A$C2DBF4B5B,DCC 2850x2600(左),,P/Q轴,北中区,2.85,2.60,左,-146235.57,97263.01,ANGEL STEEL_75x75x3.0
4229,X-HLP3-CR-F3-LAY-KEQP-02-002,紧固件/螺栓,A$C4EA80240,200x4000 DCC 2850x2600(左),,P/Q轴,北中区,0.20,4.00,左,-146251.55,97246.33,BOLTS
4230,X-HLP3-CR-F3-LAY-KEQP-02-002,紧固件/螺栓,A$C147C6879,6800x7900 DCC 2850x2600(左),,P/Q轴,北中区,6.80,7.90,左,-146252.87,97278.61,BOLTS
4231,X-HLP3-CR-F3-LAY-KEQP-02-002,型钢,A$C2DBF4B5B,DCC 2850x2600(左),,P/Q轴,北中区,2.85,2.60,左,-146235.57,97063.01,ANGEL STEEL_75x75x3.0
4232,X-HLP3-CR-F3-LAY-KEQP-02-002,紧固件/螺栓,A$C4EA80240,200x4000 DCC 2850x2600(左),,P/Q轴,北中区,0.20,4.00,左,-146251.55,97079.7,BOLTS
4233,X-HLP3-CR-F3-LAY-KEQP-02-002,紧固件/螺栓,A$C147C6879,6800x7900 DCC 2850x2600(左),,P/Q轴,北中区,6.80,7.90,左,-146252.87,97047.41,BOLTS
4234,X-HLP3-CR-F3-LAY-KEQP-02-002,型钢,A$C2DBF4B5B,DCC 2850x2600(左),,P/Q轴,北中区,2.85,2.60,左,-146235.57,99723.01,ANGEL STEEL_75x75x3.0
4235,X-HLP3-CR-F3-LAY-KEQP-02-002,紧固件/螺栓,A$C4EA80240,200x4000 DCC 2850x2600(左),,P/Q轴,北中区,0.20,4.00,左,-146251.55,99739.7,BOLTS
4236,X-HLP3-CR-F3-LAY-KEQP-02-002,紧固件/螺栓,A$C147C6879,6800x7900 DCC 2850x2600(左),,P/Q轴,北中区,6.80,7.90,左,-146252.87,99707.41,BOLTS
4237,X-HLP3-CR-F3-LAY-KEQP-02-002,型钢,A$C2DBF4B5B,DCC 2850x2600(左),,P/Q轴,北中区,2.85,2.60,左,-146235.57,99923.01,ANGEL STEEL_75x75x3.0
4238,X-HLP3-CR-F3-LAY-KEQP-02-002,紧固件/螺栓,A$C4EA80240,200x4000 DCC 2850x2600(左),,P/Q轴,北中区,0.20,4.00,左,-146251.55,99906.33,BOLTS
4239,X-HLP3-CR-F3-LAY-KEQP-02-002,紧固件/螺栓,A$C147C6879,6800x7900 DCC 2850x2600(左),,P/Q轴,北中区,6.80,7.90,左,-146252.87,99938.61,BOLTS
4240,X-HLP3-CR-F3-LAY-KEQP-02-002,型钢,A$C2DBF4B5B,DCC 2850x2600(左),,N/P轴,北中区,2.85,2.60,左,-146235.57,94603.01,ANGEL STEEL_75x75x3.0
4241,X-HLP3-CR-F3-LAY-KEQP-02-002,紧固件/螺栓,A$C4EA80240,200x4000 DCC 2850x2600(左),,N/P轴,北中区,0.20,4.00,左,-146251.55,94586.33,BOLTS
4242,X-HLP3-CR-F3-LAY-KEQP-02-002,紧固件/螺栓,A$C147C6879,6800x7900 DCC 2850x2600(左),,N/P轴,北中区,6.80,7.90,左,-146252.87,94618.61,BOLTS
4243,X-HLP3-CR-F3-LAY-KEQP-02-002,型钢,A$C2DBF4B5B,DCC 2850x2600(左),,N/P轴,北中区,2.85,2.60,左,-146586.5,94603.01,ANGEL STEEL_75x75x3.0
4244,X-HLP3-CR-F3-LAY-KEQP-02-002,紧固件/螺栓,A$C4EA80240,200x4000 DCC 2850x2600(左),,N/P轴,北中区,0.20,4.00,左,-146570.52,94586.33,BOLTS
4245,X-HLP3-CR-F3-LAY-KEQP-02-002,紧固件/螺栓,A$C147C6879,6800x7900 DCC 2850x2600(左),,N/P轴,北中区,6.80,7.90,左,-146569.2,94618.61,BOLTS
4246,X-HLP3-CR-F3-LAY-KEQP-02-002,紧固件/螺栓,H10_40,DCC 2850x1800(左),,N/P轴,北中区,2.85,1.80,左,-172245.68,94453.37,ANCHOR BOLTS
4247,X-HLP3-CR-F3-LAY-KEQP-02-002,紧固件/螺栓,H10_40,DCC 2850x1800(左),,N/P轴,北中区,2.85,1.80,左,-171595.68,94453.37,ANCHOR BOLTS
4248,X-HLP3-CR-F3-LAY-KEQP-02-002,紧固件/螺栓,H10_40,DCC 2850x1800(左),,N/P轴,北中区,2.85,1.80,左,-170945.68,94453.37,ANCHOR BOLTS
4249,X-HLP3-CR-F3-LAY-KEQP-02-002,紧固件/螺栓,H10_40,DCC 2850x1800(左),,N/P轴,北中区,2.85,1.80,左,-170295.68,94453.37,ANCHOR BOLTS
4250,X-HLP3-CR-F3-LAY-KEQP-02-002,紧固件/螺栓,H10_40,DCC 2850x1800(左),,N/P轴,北中区,2.85,1.80,左,-172820.79,94453.37,ANCHOR BOLTS
4251,X-HLP3-CR-F3-LAY-KEQP-02-002,紧固件/螺栓,H10_40,DCC 2850x1800(左),,N/P轴,北中区,2.85,1.80,左,-169645.68,94453.37,ANCHOR BOLTS
4252,X-HLP3-CR-F3-LAY-KEQP-02-002,紧固件/螺栓,H10_40,DCC 2850x1800(左),,N/P轴,北中区,2.85,1.80,左,-168995.68,94453.37,ANCHOR BOLTS
4253,X-HLP3-CR-F3-LAY-KEQP-02-002,紧固件/螺栓,H10_40,DCC 2850x1800(左),,N/P轴,北中区,2.85,1.80,左,-168345.68,94453.37,ANCHOR BOLTS
4254,X-HLP3-CR-F3-LAY-KEQP-02-002,紧固件/螺栓,H10_40,DCC 2850x1800(左),,N/P轴,北中区,2.85,1.80,左,-167695.68,94452.73,ANCHOR BOLTS
4255,X-HLP3-CR-F3-LAY-KEQP-02-002,紧固件/螺栓,H10_40,DCC 2850x1800(左),,N/P轴,北中区,2.85,1.80,左,-167284.06,94452.73,ANCHOR BOLTS
4256,X-HLP3-CR-F3-LAY-KEQP-02-002,紧固件/螺栓,H10_40,DCC 2850x1800(左),,N/P轴,北中区,2.85,1.80,左,-165045.79,94453.37,ANCHOR BOLTS
4257,X-HLP3-CR-F3-LAY-KEQP-02-002,紧固件/螺栓,H10_40,DCC 2850x1800(左),,N/P轴,北中区,2.85,1.80,左,-164395.79,94453.37,ANCHOR BOLTS
4258,X-HLP3-CR-F3-LAY-KEQP-02-002,紧固件/螺栓,H10_40,DCC 2850x1800(左),,N/P轴,北中区,2.85,1.80,左,-163745.79,94453.37,ANCHOR BOLTS
4259,X-HLP3-CR-F3-LAY-KEQP-02-002,紧固件/螺栓,H10_40,DCC 2850x1800(左),,N/P轴,北中区,2.85,1.80,左,-163095.79,94453.37,ANCHOR BOLTS
4260,X-HLP3-CR-F3-LAY-KEQP-02-002,紧固件/螺栓,H10_40,DCC 2850x1800(左),,N/P轴,北中区,2.85,1.80,左,-165620.79,94453.37,ANCHOR BOLTS
4261,X-HLP3-CR-F3-LAY-KEQP-02-002,紧固件/螺栓,H10_40,DCC 2850x1800(左),,N/P轴,北中区,2.85,1.80,左,-160720.77,94453.4,ANCHOR BOLTS
4262,X-HLP3-CR-F3-LAY-KEQP-02-002,紧固件/螺栓,H10_40,DCC 2850x1800(左),,N/P轴,北中区,2.85,1.80,左,-160070.77,94452.76,ANCHOR BOLTS
4263,X-HLP3-CR-F3-LAY-KEQP-02-002,紧固件/螺栓,H10_40,DCC 2850x1800(左),,N/P轴,北中区,2.85,1.80,左,-161370.77,94453.4,ANCHOR BOLTS
4264,X-HLP3-CR-F3-LAY-KEQP-02-002,紧固件/螺栓,H10_40,DCC 2850x1800(左),,N/P轴,北中区,2.85,1.80,左,-148611.18,94453.37,ANCHOR BOLTS
4265,X-HLP3-CR-F3-LAY-KEQP-02-002,紧固件/螺栓,H10_40,DCC 2850x1800(左),,N/P轴,北中区,2.85,1.80,左,-147961.18,94453.37,ANCHOR BOLTS
4266,X-HLP3-CR-F3-LAY-KEQP-02-002,紧固件/螺栓,H10_40,DCC 2850x2600(左),,N/P轴,北中区,2.85,2.60,左,-147311.18,94453.37,ANCHOR BOLTS
4267,X-HLP3-CR-F3-LAY-KEQP-02-002,紧固件/螺栓,H10_40,DCC 2850x2600(左),,N/P轴,北中区,2.85,2.60,左,-146661.18,94453.37,ANCHOR BOLTS
4268,X-HLP3-CR-F3-LAY-KEQP-02-002,紧固件/螺栓,H10_40,DCC 2850x1800(左),,N/P轴,北中区,2.85,1.80,左,-149211.18,94453.37,ANCHOR BOLTS
4269,X-HLP3-CR-F3-LAY-KEQP-02-002,紧固件/螺栓,H10_40,DCC 2850x2600(左),,N/P轴,北中区,2.85,2.60,左,-146011.18,94453.37,ANCHOR BOLTS
4270,X-HLP3-CR-F3-LAY-KEQP-02-002,紧固件/螺栓,H10_40,DCC 2850x2600(左),,N/P轴,北中区,2.85,2.60,左,-145361.18,94453.37,ANCHOR BOLTS
4271,X-HLP3-CR-F3-LAY-KEQP-02-002,紧固件/螺栓,H10_40,DCC 2850x2600(左),,N/P轴,北中区,2.85,2.60,左,-144711.18,94453.37,ANCHOR BOLTS
4272,X-HLP3-CR-F3-LAY-KEQP-02-002,紧固件/螺栓,H10_40,DCC 2850x2600(左),,N/P轴,北中区,2.85,2.60,左,-144061.18,94452.73,ANCHOR BOLTS
4273,X-HLP3-CR-F3-LAY-KEQP-02-002,紧固件/螺栓,H10_40,DCC 2850x2600(左),,N/P轴,北中区,2.85,2.60,左,-143499.56,94452.73,ANCHOR BOLTS
4274,X-HLP3-CR-F3-LAY-KEQP-02-002,型钢,A$C2DBF4B5B,DCC 2850x1800(左),,P/Q轴,北中区,2.85,1.80,左,-172795.77,98122.97,ANGEL STEEL_75x75x3.0
4275,X-HLP3-CR-F3-LAY-KEQP-02-002,紧固件/螺栓,A$C4EA80240,200x4000 DCC 2850x1800(左),,P/Q轴,北中区,0.20,4.00,左,-172811.75,98139.65,BOLTS
4276,X-HLP3-CR-F3-LAY-KEQP-02-002,紧固件/螺栓,A$C147C6879,6800x7900 DCC 2850x1800(左),,P/Q轴,北中区,6.80,7.90,左,-172813.07,98107.37,BOLTS
4277,X-HLP3-CR-F3-LAY-KEQP-02-002,紧固件/螺栓,A$C4EA80240,200x4000 DCC 2850x1800(左),,P/Q轴,北中区,0.20,4.00,左,-172887.45,98091.99,BOLTS
4278,X-HLP3-CR-F3-LAY-KEQP-02-002,紧固件/螺栓,A$C147C6879,6800x7900 DCC 2850x1800(左),,P/Q轴,北中区,6.80,7.90,左,-172855.17,98090.67,BOLTS
4279,X-HLP3-CR-F3-LAY-KEQP-02-002,型钢,A$C2DBF4B5B,DCC 2850x1800(左),,P/Q轴,北中区,2.85,1.80,左,-172795.77,96462.97,ANGEL STEEL_75x75x3.0
4280,X-HLP3-CR-F3-LAY-KEQP-02-002,紧固件/螺栓,A$C4EA80240,200x4000 DCC 2850x1800(左),,P/Q轴,北中区,0.20,4.00,左,-172811.75,96446.28,BOLTS
4281,X-HLP3-CR-F3-LAY-KEQP-02-002,紧固件/螺栓,A$C147C6879,6800x7900 DCC 2850x1800(左),,P/Q轴,北中区,6.80,7.90,左,-172813.07,96478.57,BOLTS
4282,X-HLP3-CR-F3-LAY-KEQP-02-002,紧固件/螺栓,A$C4EA80240,200x4000 DCC 2850x1800(左),,P/Q轴,北中区,0.20,4.00,左,-172887.45,96493.95,BOLTS
4283,X-HLP3-CR-F3-LAY-KEQP-02-002,紧固件/螺栓,A$C147C6879,6800x7900 DCC 2850x1800(左),,P/Q轴,北中区,6.80,7.90,左,-172855.17,96495.27,BOLTS
4284,X-HLP3-CR-F3-LAY-KEQP-02-002,型钢,A$C2DBF4B5B,DCC 2850x1800(左),,P/Q轴,北中区,2.85,1.80,左,-172795.77,96262.97,ANGEL STEEL_75x75x3.0
4285,X-HLP3-CR-F3-LAY-KEQP-02-002,紧固件/螺栓,A$C4EA80240,200x4000 DCC 2850x1800(左),,P/Q轴,北中区,0.20,4.00,左,-172811.75,96279.65,BOLTS
4286,X-HLP3-CR-F3-LAY-KEQP-02-002,紧固件/螺栓,A$C147C6879,6800x7900 DCC 2850x1800(左),,P/Q轴,北中区,6.80,7.90,左,-172813.07,96247.37,BOLTS
4287,X-HLP3-CR-F3-LAY-KEQP-02-002,紧固件/螺栓,A$C4EA80240,200x4000 DCC 2850x1800(左),,P/Q轴,北中区,0.20,4.00,左,-172887.45,96231.99,BOLTS
4288,X-HLP3-CR-F3-LAY-KEQP-02-002,紧固件/螺栓,A$C147C6879,6800x7900 DCC 2850x1800(左),,P/Q轴,北中区,6.80,7.90,左,-172855.17,96230.67,BOLTS
4289,X-HLP3-CR-F3-LAY-KEQP-02-002,型钢,A$C2DBF4B5B,DCC 2850x1800(左),,N/P轴,北中区,2.85,1.80,左,-172795.77,94602.97,ANGEL STEEL_75x75x3.0
4290,X-HLP3-CR-F3-LAY-KEQP-02-002,紧固件/螺栓,A$C4EA80240,200x4000 DCC 2850x1800(左),,N/P轴,北中区,0.20,4.00,左,-172811.75,94586.28,BOLTS
4291,X-HLP3-CR-F3-LAY-KEQP-02-002,紧固件/螺栓,A$C147C6879,6800x7900 DCC 2850x1800(左),,N/P轴,北中区,6.80,7.90,左,-172813.07,94618.57,BOLTS
4292,X-HLP3-CR-F3-LAY-KEQP-02-002,紧固件/螺栓,A$C4EA80240,200x4000 DCC 2850x1800(左),,N/P轴,北中区,0.20,4.00,左,-172887.45,94633.95,BOLTS
4293,X-HLP3-CR-F3-LAY-KEQP-02-002,紧固件/螺栓,A$C147C6879,6800x7900 DCC 2850x1800(左),,N/P轴,北中区,6.80,7.90,左,-172855.17,94635.27,BOLTS
4294,X-HLP3-CR-F3-LAY-KEQP-02-002,型钢,A$C2DBF4B5B,DCC 2850x1800(左),,P/Q轴,北中区,2.85,1.80,左,-167295.3,98122.97,ANGEL STEEL_75x75x3.0
4295,X-HLP3-CR-F3-LAY-KEQP-02-002,紧固件/螺栓,A$C4EA80240,200x4000 DCC 2850x1800(左),,P/Q轴,北中区,0.20,4.00,左,-167279.32,98139.65,BOLTS
4296,X-HLP3-CR-F3-LAY-KEQP-02-002,紧固件/螺栓,A$C147C6879,6800x7900 DCC 2850x1800(左),,P/Q轴,北中区,6.80,7.90,左,-167278.0,98107.37,BOLTS
4297,X-HLP3-CR-F3-LAY-KEQP-02-002,紧固件/螺栓,A$C4EA80240,200x4000 DCC 2850x1800(左),,P/Q轴,北中区,0.20,4.00,左,-167203.62,98091.99,BOLTS
4298,X-HLP3-CR-F3-LAY-KEQP-02-002,紧固件/螺栓,A$C147C6879,6800x7900 DCC 2850x1800(左),,P/Q轴,北中区,6.80,7.90,左,-167235.9,98090.67,BOLTS
4299,X-HLP3-CR-F3-LAY-KEQP-02-002,型钢,A$C2DBF4B5B,DCC 2850x1800(左),,P/Q轴,北中区,2.85,1.80,左,-167295.3,96462.97,ANGEL STEEL_75x75x3.0
4300,X-HLP3-CR-F3-LAY-KEQP-02-002,紧固件/螺栓,A$C4EA80240,200x4000 DCC 2850x1800(左),,P/Q轴,北中区,0.20,4.00,左,-167279.32,96446.28,BOLTS
4301,X-HLP3-CR-F3-LAY-KEQP-02-002,紧固件/螺栓,A$C147C6879,6800x7900 DCC 2850x1800(左),,P/Q轴,北中区,6.80,7.90,左,-167278.0,96478.57,BOLTS
4302,X-HLP3-CR-F3-LAY-KEQP-02-002,紧固件/螺栓,A$C4EA80240,200x4000 DCC 2850x1800(左),,P/Q轴,北中区,0.20,4.00,左,-167203.62,96493.95,BOLTS
4303,X-HLP3-CR-F3-LAY-KEQP-02-002,紧固件/螺栓,A$C147C6879,6800x7900 DCC 2850x1800(左),,P/Q轴,北中区,6.80,7.90,左,-167235.9,96495.27,BOLTS
4304,X-HLP3-CR-F3-LAY-KEQP-02-002,型钢,A$C2DBF4B5B,DCC 2850x1800(左),,P/Q轴,北中区,2.85,1.80,左,-167295.3,96262.97,ANGEL STEEL_75x75x3.0
4305,X-HLP3-CR-F3-LAY-KEQP-02-002,紧固件/螺栓,A$C4EA80240,200x4000 DCC 2850x1800(左),,P/Q轴,北中区,0.20,4.00,左,-167279.32,96279.65,BOLTS
4306,X-HLP3-CR-F3-LAY-KEQP-02-002,紧固件/螺栓,A$C147C6879,6800x7900 DCC 2850x1800(左),,P/Q轴,北中区,6.80,7.90,左,-167278.0,96247.37,BOLTS
4307,X-HLP3-CR-F3-LAY-KEQP-02-002,紧固件/螺栓,A$C4EA80240,200x4000 DCC 2850x1800(左),,P/Q轴,北中区,0.20,4.00,左,-167203.62,96231.99,BOLTS
4308,X-HLP3-CR-F3-LAY-KEQP-02-002,紧固件/螺栓,A$C147C6879,6800x7900 DCC 2850x1800(左),,P/Q轴,北中区,6.80,7.90,左,-167235.9,96230.67,BOLTS
4309,X-HLP3-CR-F3-LAY-KEQP-02-002,型钢,A$C2DBF4B5B,DCC 2850x1800(左),,N/P轴,北中区,2.85,1.80,左,-167295.3,94602.97,ANGEL STEEL_75x75x3.0
4310,X-HLP3-CR-F3-LAY-KEQP-02-002,紧固件/螺栓,A$C4EA80240,200x4000 DCC 2850x1800(左),,N/P轴,北中区,0.20,4.00,左,-167279.32,94586.28,BOLTS
4311,X-HLP3-CR-F3-LAY-KEQP-02-002,紧固件/螺栓,A$C147C6879,6800x7900 DCC 2850x1800(左),,N/P轴,北中区,6.80,7.90,左,-167278.0,94618.57,BOLTS
4312,X-HLP3-CR-F3-LAY-KEQP-02-002,紧固件/螺栓,A$C4EA80240,200x4000 DCC 2850x1800(左),,N/P轴,北中区,0.20,4.00,左,-167203.62,94633.95,BOLTS
4313,X-HLP3-CR-F3-LAY-KEQP-02-002,紧固件/螺栓,A$C147C6879,6800x7900 DCC 2850x1800(左),,N/P轴,北中区,6.80,7.90,左,-167235.9,94635.27,BOLTS
4314,X-HLP3-CR-F3-LAY-KEQP-02-002,紧固件/螺栓,H10_40,DCC 2850x1800(左),,N/P轴,北中区,2.85,1.80,左,-167070.81,94753.01,ANCHOR BOLTS
4315,X-HLP3-CR-F3-LAY-KEQP-02-002,紧固件/螺栓,H10_40,DCC 2850x1800(左),,P/Q轴,北中区,2.85,1.80,左,-167070.81,95353.01,ANCHOR BOLTS
4316,X-HLP3-CR-F3-LAY-KEQP-02-002,紧固件/螺栓,H10_40,DCC 2850x1800(左),,P/Q轴,北中区,2.85,1.80,左,-167070.81,95953.01,ANCHOR BOLTS
4317,X-HLP3-CR-F3-LAY-KEQP-02-002,紧固件/螺栓,H10_40,DCC 2850x1800(左),,P/Q轴,北中区,2.85,1.80,左,-167070.81,96613.01,ANCHOR BOLTS
4318,X-HLP3-CR-F3-LAY-KEQP-02-002,紧固件/螺栓,H10_40,DCC 2850x1800(左),,P/Q轴,北中区,2.85,1.80,左,-167070.81,97213.01,ANCHOR BOLTS
4319,X-HLP3-CR-F3-LAY-KEQP-02-002,紧固件/螺栓,H10_40,DCC 2850x1800(左),,P/Q轴,北中区,2.85,1.80,左,-167070.81,97813.01,ANCHOR BOLTS
4320,X-HLP3-CR-F3-LAY-KEQP-02-002,紧固件/螺栓,H10_40,DCC 2850x1800(左),,N/P轴,北中区,2.85,1.80,左,-173018.97,94753.01,ANCHOR BOLTS
4321,X-HLP3-CR-F3-LAY-KEQP-02-002,紧固件/螺栓,H10_40,DCC 2850x1800(左),,P/Q轴,北中区,2.85,1.80,左,-173018.97,95353.01,ANCHOR BOLTS
4322,X-HLP3-CR-F3-LAY-KEQP-02-002,紧固件/螺栓,H10_40,DCC 2850x1800(左),,P/Q轴,北中区,2.85,1.80,左,-173018.97,95953.01,ANCHOR BOLTS
4323,X-HLP3-CR-F3-LAY-KEQP-02-002,紧固件/螺栓,H10_40,DCC 2850x1800(左),,P/Q轴,北中区,2.85,1.80,左,-173018.97,96613.01,ANCHOR BOLTS
4324,X-HLP3-CR-F3-LAY-KEQP-02-002,紧固件/螺栓,H10_40,DCC 2850x1800(左),,P/Q轴,北中区,2.85,1.80,左,-173018.97,97213.01,ANCHOR BOLTS
4325,X-HLP3-CR-F3-LAY-KEQP-02-002,紧固件/螺栓,H10_40,DCC 2850x1800(左),,P/Q轴,北中区,2.85,1.80,左,-173018.97,97813.01,ANCHOR BOLTS
4326,X-HLP3-CR-F3-LAY-KEQP-02-002,型钢,A$C2DBF4B5B,DCC 2850x1800(左),,P/Q轴,北中区,2.85,1.80,左,-165595.77,98122.97,ANGEL STEEL_75x75x3.0
4327,X-HLP3-CR-F3-LAY-KEQP-02-002,紧固件/螺栓,A$C4EA80240,200x4000 DCC 2850x1800(左),,P/Q轴,北中区,0.20,4.00,左,-165611.75,98139.65,BOLTS
4328,X-HLP3-CR-F3-LAY-KEQP-02-002,紧固件/螺栓,A$C147C6879,6800x7900 DCC 2850x1800(左),,P/Q轴,北中区,6.80,7.90,左,-165613.07,98107.37,BOLTS
4329,X-HLP3-CR-F3-LAY-KEQP-02-002,紧固件/螺栓,A$C4EA80240,200x4000 DCC 2850x1800(左),,P/Q轴,北中区,0.20,4.00,左,-165687.45,98091.99,BOLTS
4330,X-HLP3-CR-F3-LAY-KEQP-02-002,紧固件/螺栓,A$C147C6879,6800x7900 DCC 2850x1800(左),,P/Q轴,北中区,6.80,7.90,左,-165655.17,98090.67,BOLTS
4331,X-HLP3-CR-F3-LAY-KEQP-02-002,型钢,A$C2DBF4B5B,DCC 2850x1800(左),,P/Q轴,北中区,2.85,1.80,左,-165595.77,96462.97,ANGEL STEEL_75x75x3.0
4332,X-HLP3-CR-F3-LAY-KEQP-02-002,紧固件/螺栓,A$C4EA80240,200x4000 DCC 2850x1800(左),,P/Q轴,北中区,0.20,4.00,左,-165611.75,96446.28,BOLTS
4333,X-HLP3-CR-F3-LAY-KEQP-02-002,紧固件/螺栓,A$C147C6879,6800x7900 DCC 2850x1800(左),,P/Q轴,北中区,6.80,7.90,左,-165613.07,96478.57,BOLTS
4334,X-HLP3-CR-F3-LAY-KEQP-02-002,紧固件/螺栓,A$C4EA80240,200x4000 DCC 2850x1800(左),,P/Q轴,北中区,0.20,4.00,左,-165687.45,96493.95,BOLTS
4335,X-HLP3-CR-F3-LAY-KEQP-02-002,紧固件/螺栓,A$C147C6879,6800x7900 DCC 2850x1800(左),,P/Q轴,北中区,6.80,7.90,左,-165655.17,96495.27,BOLTS
4336,X-HLP3-CR-F3-LAY-KEQP-02-002,型钢,A$C2DBF4B5B,DCC 2850x1800(左),,P/Q轴,北中区,2.85,1.80,左,-165595.77,96262.97,ANGEL STEEL_75x75x3.0
4337,X-HLP3-CR-F3-LAY-KEQP-02-002,紧固件/螺栓,A$C4EA80240,200x4000 DCC 2850x1800(左),,P/Q轴,北中区,0.20,4.00,左,-165611.75,96279.65,BOLTS
4338,X-HLP3-CR-F3-LAY-KEQP-02-002,紧固件/螺栓,A$C147C6879,6800x7900 DCC 2850x1800(左),,P/Q轴,北中区,6.80,7.90,左,-165613.07,96247.37,BOLTS
4339,X-HLP3-CR-F3-LAY-KEQP-02-002,紧固件/螺栓,A$C4EA80240,200x4000 DCC 2850x1800(左),,P/Q轴,北中区,0.20,4.00,左,-165687.45,96231.99,BOLTS
4340,X-HLP3-CR-F3-LAY-KEQP-02-002,紧固件/螺栓,A$C147C6879,6800x7900 DCC 2850x1800(左),,P/Q轴,北中区,6.80,7.90,左,-165655.17,96230.67,BOLTS
4341,X-HLP3-CR-F3-LAY-KEQP-02-002,型钢,A$C2DBF4B5B,DCC 2850x1800(左),,N/P轴,北中区,2.85,1.80,左,-165595.77,94602.97,ANGEL STEEL_75x75x3.0
4342,X-HLP3-CR-F3-LAY-KEQP-02-002,紧固件/螺栓,A$C4EA80240,200x4000 DCC 2850x1800(左),,N/P轴,北中区,0.20,4.00,左,-165611.75,94586.28,BOLTS
4343,X-HLP3-CR-F3-LAY-KEQP-02-002,紧固件/螺栓,A$C147C6879,6800x7900 DCC 2850x1800(左),,N/P轴,北中区,6.80,7.90,左,-165613.07,94618.57,BOLTS
4344,X-HLP3-CR-F3-LAY-KEQP-02-002,紧固件/螺栓,A$C4EA80240,200x4000 DCC 2850x1800(左),,N/P轴,北中区,0.20,4.00,左,-165687.45,94633.95,BOLTS
4345,X-HLP3-CR-F3-LAY-KEQP-02-002,紧固件/螺栓,A$C147C6879,6800x7900 DCC 2850x1800(左),,N/P轴,北中区,6.80,7.90,左,-165655.17,94635.27,BOLTS
4346,X-HLP3-CR-F3-LAY-KEQP-02-002,紧固件/螺栓,H10_40,DCC 2850x1800(左),,N/P轴,北中区,2.85,1.80,左,-165818.97,94753.01,ANCHOR BOLTS
4347,X-HLP3-CR-F3-LAY-KEQP-02-002,紧固件/螺栓,H10_40,DCC 2850x1800(左),,P/Q轴,北中区,2.85,1.80,左,-165818.97,95353.01,ANCHOR BOLTS
4348,X-HLP3-CR-F3-LAY-KEQP-02-002,紧固件/螺栓,H10_40,DCC 2850x1800(左),,P/Q轴,北中区,2.85,1.80,左,-165818.97,95953.01,ANCHOR BOLTS
4349,X-HLP3-CR-F3-LAY-KEQP-02-002,紧固件/螺栓,H10_40,DCC 2850x1800(左),,P/Q轴,北中区,2.85,1.80,左,-165818.97,96613.01,ANCHOR BOLTS
4350,X-HLP3-CR-F3-LAY-KEQP-02-002,紧固件/螺栓,H10_40,DCC 2850x1800(左),,P/Q轴,北中区,2.85,1.80,左,-165818.97,97213.01,ANCHOR BOLTS
4351,X-HLP3-CR-F3-LAY-KEQP-02-002,紧固件/螺栓,H10_40,DCC 2850x1800(左),,P/Q轴,北中区,2.85,1.80,左,-165818.97,97813.01,ANCHOR BOLTS
4352,X-HLP3-CR-F3-LAY-KEQP-02-002,型钢,A$C2DBF4B5B,DCC 2850x1800(左),,P/Q轴,北中区,2.85,1.80,左,-149161.27,98122.97,ANGEL STEEL_75x75x3.0
4353,X-HLP3-CR-F3-LAY-KEQP-02-002,紧固件/螺栓,A$C4EA80240,200x4000 DCC 2850x1800(左),,P/Q轴,北中区,0.20,4.00,左,-149177.25,98139.65,BOLTS
4354,X-HLP3-CR-F3-LAY-KEQP-02-002,紧固件/螺栓,A$C147C6879,6800x7900 DCC 2850x1800(左),,P/Q轴,北中区,6.80,7.90,左,-149178.57,98107.37,BOLTS
4355,X-HLP3-CR-F3-LAY-KEQP-02-002,紧固件/螺栓,A$C4EA80240,200x4000 DCC 2850x1800(左),,P/Q轴,北中区,0.20,4.00,左,-149252.95,98091.99,BOLTS
4356,X-HLP3-CR-F3-LAY-KEQP-02-002,紧固件/螺栓,A$C147C6879,6800x7900 DCC 2850x1800(左),,P/Q轴,北中区,6.80,7.90,左,-149220.67,98090.67,BOLTS
4357,X-HLP3-CR-F3-LAY-KEQP-02-002,型钢,A$C2DBF4B5B,DCC 2850x1800(左),,P/Q轴,北中区,2.85,1.80,左,-149161.27,96462.97,ANGEL STEEL_75x75x3.0
4358,X-HLP3-CR-F3-LAY-KEQP-02-002,紧固件/螺栓,A$C4EA80240,200x4000 DCC 2850x1800(左),,P/Q轴,北中区,0.20,4.00,左,-149177.25,96446.28,BOLTS
4359,X-HLP3-CR-F3-LAY-KEQP-02-002,紧固件/螺栓,A$C147C6879,6800x7900 DCC 2850x1800(左),,P/Q轴,北中区,6.80,7.90,左,-149178.57,96478.57,BOLTS
4360,X-HLP3-CR-F3-LAY-KEQP-02-002,紧固件/螺栓,A$C4EA80240,200x4000 DCC 2850x1800(左),,P/Q轴,北中区,0.20,4.00,左,-149252.95,96493.95,BOLTS
4361,X-HLP3-CR-F3-LAY-KEQP-02-002,紧固件/螺栓,A$C147C6879,6800x7900 DCC 2850x1800(左),,P/Q轴,北中区,6.80,7.90,左,-149220.67,96495.27,BOLTS
4362,X-HLP3-CR-F3-LAY-KEQP-02-002,型钢,A$C2DBF4B5B,DCC 2850x1800(左),,P/Q轴,北中区,2.85,1.80,左,-149161.27,96262.97,ANGEL STEEL_75x75x3.0
4363,X-HLP3-CR-F3-LAY-KEQP-02-002,紧固件/螺栓,A$C4EA80240,200x4000 DCC 2850x1800(左),,P/Q轴,北中区,0.20,4.00,左,-149177.25,96279.65,BOLTS
4364,X-HLP3-CR-F3-LAY-KEQP-02-002,紧固件/螺栓,A$C147C6879,6800x7900 DCC 2850x1800(左),,P/Q轴,北中区,6.80,7.90,左,-149178.57,96247.37,BOLTS
4365,X-HLP3-CR-F3-LAY-KEQP-02-002,紧固件/螺栓,A$C4EA80240,200x4000 DCC 2850x1800(左),,P/Q轴,北中区,0.20,4.00,左,-149252.95,96231.99,BOLTS
4366,X-HLP3-CR-F3-LAY-KEQP-02-002,紧固件/螺栓,A$C147C6879,6800x7900 DCC 2850x1800(左),,P/Q轴,北中区,6.80,7.90,左,-149220.67,96230.67,BOLTS
4367,X-HLP3-CR-F3-LAY-KEQP-02-002,型钢,A$C2DBF4B5B,DCC 2850x1800(左),,N/P轴,北中区,2.85,1.80,左,-149161.27,94602.97,ANGEL STEEL_75x75x3.0
4368,X-HLP3-CR-F3-LAY-KEQP-02-002,紧固件/螺栓,A$C4EA80240,200x4000 DCC 2850x1800(左),,N/P轴,北中区,0.20,4.00,左,-149177.25,94586.28,BOLTS
4369,X-HLP3-CR-F3-LAY-KEQP-02-002,紧固件/螺栓,A$C147C6879,6800x7900 DCC 2850x1800(左),,N/P轴,北中区,6.80,7.90,左,-149178.57,94618.57,BOLTS
4370,X-HLP3-CR-F3-LAY-KEQP-02-002,紧固件/螺栓,A$C4EA80240,200x4000 DCC 2850x1800(左),,N/P轴,北中区,0.20,4.00,左,-149252.95,94633.95,BOLTS
4371,X-HLP3-CR-F3-LAY-KEQP-02-002,紧固件/螺栓,A$C147C6879,6800x7900 DCC 2850x1800(左),,N/P轴,北中区,6.80,7.90,左,-149220.67,94635.27,BOLTS
4372,X-HLP3-CR-F3-LAY-KEQP-02-002,紧固件/螺栓,H10_40,DCC 2850x1800(左),,N/P轴,北中区,2.85,1.80,左,-149384.47,94753.01,ANCHOR BOLTS
4373,X-HLP3-CR-F3-LAY-KEQP-02-002,紧固件/螺栓,H10_40,DCC 2850x1800(左),,P/Q轴,北中区,2.85,1.80,左,-149384.47,95353.01,ANCHOR BOLTS
4374,X-HLP3-CR-F3-LAY-KEQP-02-002,紧固件/螺栓,H10_40,DCC 2850x1800(左),,P/Q轴,北中区,2.85,1.80,左,-149384.47,95953.01,ANCHOR BOLTS
4375,X-HLP3-CR-F3-LAY-KEQP-02-002,紧固件/螺栓,H10_40,DCC 2850x1800(左),,P/Q轴,北中区,2.85,1.80,左,-149384.47,96613.01,ANCHOR BOLTS
4376,X-HLP3-CR-F3-LAY-KEQP-02-002,紧固件/螺栓,H10_40,DCC 2850x1800(左),,P/Q轴,北中区,2.85,1.80,左,-149384.47,97213.01,ANCHOR BOLTS
4377,X-HLP3-CR-F3-LAY-KEQP-02-002,紧固件/螺栓,H10_40,DCC 2850x1800(左),,P/Q轴,北中区,2.85,1.80,左,-149384.47,97813.01,ANCHOR BOLTS
4378,X-HLP3-CR-F3-LAY-KEQP-02-002,型钢,A$C2DBF4B5B,DCC 2850x2600(左),,P/Q轴,北中区,2.85,2.60,左,-143660.8,99722.97,ANGEL STEEL_75x75x3.0
4379,X-HLP3-CR-F3-LAY-KEQP-02-002,紧固件/螺栓,A$C4EA80240,200x4000 DCC 2850x2600(左),,P/Q轴,北中区,0.20,4.00,左,-143644.82,99739.65,BOLTS
4380,X-HLP3-CR-F3-LAY-KEQP-02-002,紧固件/螺栓,A$C147C6879,6800x7900 DCC 2850x2600(左),,P/Q轴,北中区,6.80,7.90,左,-143643.5,99707.37,BOLTS
4381,X-HLP3-CR-F3-LAY-KEQP-02-002,紧固件/螺栓,A$C4EA80240,200x4000 DCC 2850x2600(左),,P/Q轴,北中区,0.20,4.00,左,-143569.12,99691.99,BOLTS
4382,X-HLP3-CR-F3-LAY-KEQP-02-002,紧固件/螺栓,A$C147C6879,6800x7900 DCC 2850x2600(左),,P/Q轴,北中区,6.80,7.90,左,-143601.4,99690.67,BOLTS
4383,X-HLP3-CR-F3-LAY-KEQP-02-002,型钢,A$C2DBF4B5B,DCC 2850x2600(左),,P/Q轴,北中区,2.85,2.60,左,-143660.8,97262.97,ANGEL STEEL_75x75x3.0
4384,X-HLP3-CR-F3-LAY-KEQP-02-002,紧固件/螺栓,A$C4EA80240,200x4000 DCC 2850x2600(左),,P/Q轴,北中区,0.20,4.00,左,-143644.82,97246.28,BOLTS
4385,X-HLP3-CR-F3-LAY-KEQP-02-002,紧固件/螺栓,A$C147C6879,6800x7900 DCC 2850x2600(左),,P/Q轴,北中区,6.80,7.90,左,-143643.5,97278.57,BOLTS
4386,X-HLP3-CR-F3-LAY-KEQP-02-002,紧固件/螺栓,A$C4EA80240,200x4000 DCC 2850x2600(左),,P/Q轴,北中区,0.20,4.00,左,-143569.12,97293.95,BOLTS
4387,X-HLP3-CR-F3-LAY-KEQP-02-002,紧固件/螺栓,A$C147C6879,6800x7900 DCC 2850x2600(左),,P/Q轴,北中区,6.80,7.90,左,-143601.4,97295.27,BOLTS
4388,X-HLP3-CR-F3-LAY-KEQP-02-002,型钢,A$C2DBF4B5B,DCC 2850x2600(左),,P/Q轴,北中区,2.85,2.60,左,-143660.8,97062.97,ANGEL STEEL_75x75x3.0
4389,X-HLP3-CR-F3-LAY-KEQP-02-002,紧固件/螺栓,A$C4EA80240,200x4000 DCC 2850x2600(左),,P/Q轴,北中区,0.20,4.00,左,-143644.82,97079.65,BOLTS
4390,X-HLP3-CR-F3-LAY-KEQP-02-002,紧固件/螺栓,A$C147C6879,6800x7900 DCC 2850x2600(左),,P/Q轴,北中区,6.80,7.90,左,-143643.5,97047.37,BOLTS
4391,X-HLP3-CR-F3-LAY-KEQP-02-002,紧固件/螺栓,A$C4EA80240,200x4000 DCC 2850x2600(左),,P/Q轴,北中区,0.20,4.00,左,-143569.12,97031.99,BOLTS
4392,X-HLP3-CR-F3-LAY-KEQP-02-002,紧固件/螺栓,A$C147C6879,6800x7900 DCC 2850x2600(左),,P/Q轴,北中区,6.80,7.90,左,-143601.4,97030.67,BOLTS
4393,X-HLP3-CR-F3-LAY-KEQP-02-002,型钢,A$C2DBF4B5B,DCC 2850x2600(左),,N/P轴,北中区,2.85,2.60,左,-143660.8,94602.97,ANGEL STEEL_75x75x3.0
4394,X-HLP3-CR-F3-LAY-KEQP-02-002,紧固件/螺栓,A$C4EA80240,200x4000 DCC 2850x2600(左),,N/P轴,北中区,0.20,4.00,左,-143644.82,94586.28,BOLTS
4395,X-HLP3-CR-F3-LAY-KEQP-02-002,紧固件/螺栓,A$C147C6879,6800x7900 DCC 2850x2600(左),,N/P轴,北中区,6.80,7.90,左,-143643.5,94618.57,BOLTS
4396,X-HLP3-CR-F3-LAY-KEQP-02-002,紧固件/螺栓,A$C4EA80240,200x4000 DCC 2850x2600(左),,N/P轴,北中区,0.20,4.00,左,-143569.12,94633.95,BOLTS
4397,X-HLP3-CR-F3-LAY-KEQP-02-002,紧固件/螺栓,A$C147C6879,6800x7900 DCC 2850x2600(左),,N/P轴,北中区,6.80,7.90,左,-143601.4,94635.27,BOLTS
4398,X-HLP3-CR-F3-LAY-KEQP-02-002,紧固件/螺栓,H10_40,DCC 2850x2600(左),,N/P轴,北中区,2.85,2.60,左,-143437.6,94753.01,ANCHOR BOLTS
4399,X-HLP3-CR-F3-LAY-KEQP-02-002,紧固件/螺栓,H10_40,DCC 2850x2600(左),,P/Q轴,北中区,2.85,2.60,左,-143437.6,95353.01,ANCHOR BOLTS
4400,X-HLP3-CR-F3-LAY-KEQP-02-002,紧固件/螺栓,H10_40,DCC 2850x2600(左),,P/Q轴,北中区,2.85,2.60,左,-143437.6,95953.01,ANCHOR BOLTS
4401,X-HLP3-CR-F3-LAY-KEQP-02-002,紧固件/螺栓,H10_40,DCC 2850x2600(左),,P/Q轴,北中区,2.85,2.60,左,-143437.6,96553.01,ANCHOR BOLTS
4402,X-HLP3-CR-F3-LAY-KEQP-02-002,紧固件/螺栓,H10_40,DCC 2850x2600(左),,P/Q轴,北中区,2.85,2.60,左,-143437.6,97413.01,ANCHOR BOLTS
4403,X-HLP3-CR-F3-LAY-KEQP-02-002,紧固件/螺栓,H10_40,DCC 2850x2600(左),,P/Q轴,北中区,2.85,2.60,左,-143437.6,98013.01,ANCHOR BOLTS
4404,X-HLP3-CR-F3-LAY-KEQP-02-002,紧固件/螺栓,H10_40,DCC 2850x2600(左),,P/Q轴,北中区,2.85,2.60,左,-143437.6,98613.01,ANCHOR BOLTS
4405,X-HLP3-CR-F3-LAY-KEQP-02-002,紧固件/螺栓,H10_40,DCC 2850x2600(左),,P/Q轴,北中区,2.85,2.60,左,-143437.6,99213.01,ANCHOR BOLTS
4406,X-HLP3-CR-F3-LAY-KEQP-02-002,紧固件/螺栓,H10_40,DCC 2850x1800(左),,S/T轴,北中区,2.85,1.80,左,-173068.97,119487.01,ANCHOR BOLTS
4407,X-HLP3-CR-F3-LAY-KEQP-02-002,紧固件/螺栓,H10_40,DCC 2850x2300(右),,S/T轴,北中区,2.85,2.30,右,-173068.97,120087.01,ANCHOR BOLTS
4408,X-HLP3-CR-F3-LAY-KEQP-02-002,紧固件/螺栓,H10_40,DCC 2850x2300(右),,S/T轴,北中区,2.85,2.30,右,-173068.97,120687.01,ANCHOR BOLTS
4409,X-HLP3-CR-F3-LAY-KEQP-02-002,紧固件/螺栓,H10_40,DCC 2850x2300(右),,S/T轴,北中区,2.85,2.30,右,-173068.97,121287.01,ANCHOR BOLTS
4410,X-HLP3-CR-F3-LAY-KEQP-02-002,紧固件/螺栓,H10_40,DCC 2850x2300(右),,S/T轴,北中区,2.85,2.30,右,-173068.97,121847.01,ANCHOR BOLTS
4411,X-HLP3-CR-F3-LAY-KEQP-02-002,紧固件/螺栓,H10_40,DCC 2850x2300(右),,S/T轴,北中区,2.85,2.30,右,-173068.97,122447.01,ANCHOR BOLTS
4412,X-HLP3-CR-F3-LAY-KEQP-02-002,紧固件/螺栓,H10_40,DCC 2850x2300(右),,S/T轴,北中区,2.85,2.30,右,-173068.97,123047.01,ANCHOR BOLTS
4413,X-HLP3-CR-F3-LAY-KEQP-02-002,紧固件/螺栓,H10_40,DCC 2850x2300(右),,S/T轴,北中区,2.85,2.30,右,-173068.97,123647.01,ANCHOR BOLTS
4414,X-HLP3-CR-F3-LAY-KEQP-02-002,紧固件/螺栓,H10_40,DCC 2850x1800(左),,S/T轴,北中区,2.85,1.80,左,-167070.73,119487.02,ANCHOR BOLTS
4415,X-HLP3-CR-F3-LAY-KEQP-02-002,紧固件/螺栓,H10_40,DCC 2850x2300(左),,S/T轴,北中区,2.85,2.30,左,-167070.73,120087.02,ANCHOR BOLTS
4416,X-HLP3-CR-F3-LAY-KEQP-02-002,紧固件/螺栓,H10_40,DCC 2850x2300(左),,S/T轴,北中区,2.85,2.30,左,-167070.73,120687.02,ANCHOR BOLTS
4417,X-HLP3-CR-F3-LAY-KEQP-02-002,紧固件/螺栓,H10_40,DCC 2850x2300(左),,S/T轴,北中区,2.85,2.30,左,-167070.73,121287.02,ANCHOR BOLTS
4418,X-HLP3-CR-F3-LAY-KEQP-02-002,紧固件/螺栓,H10_40,DCC 2850x2300(左),,S/T轴,北中区,2.85,2.30,左,-167070.73,121847.02,ANCHOR BOLTS
4419,X-HLP3-CR-F3-LAY-KEQP-02-002,紧固件/螺栓,H10_40,DCC 2850x2300(左),,S/T轴,北中区,2.85,2.30,左,-167070.73,122447.02,ANCHOR BOLTS
4420,X-HLP3-CR-F3-LAY-KEQP-02-002,紧固件/螺栓,H10_40,DCC 2850x2300(左),,S/T轴,北中区,2.85,2.30,左,-167070.73,123047.02,ANCHOR BOLTS
4421,X-HLP3-CR-F3-LAY-KEQP-02-002,紧固件/螺栓,H10_40,DCC 2850x2300(左),,S/T轴,北中区,2.85,2.30,左,-167070.73,123647.02,ANCHOR BOLTS
4422,X-HLP3-CR-F3-LAY-KEQP-02-002,紧固件/螺栓,H10_40,DCC 2850x1800(左),,S/T轴,北中区,2.85,1.80,左,-165818.97,119337.01,ANCHOR BOLTS
4423,X-HLP3-CR-F3-LAY-KEQP-02-002,紧固件/螺栓,H10_40,DCC 2850x1800(左),,S/T轴,北中区,2.85,1.80,左,-165818.97,119937.01,ANCHOR BOLTS
4424,X-HLP3-CR-F3-LAY-KEQP-02-002,紧固件/螺栓,H10_40,DCC 2850x2300(左),,S/T轴,北中区,2.85,2.30,左,-165818.97,120537.01,ANCHOR BOLTS
4425,X-HLP3-CR-F3-LAY-KEQP-02-002,紧固件/螺栓,H10_40,DCC 2850x2300(左),,S/T轴,北中区,2.85,2.30,左,-165818.97,121137.01,ANCHOR BOLTS
4426,X-HLP3-CR-F3-LAY-KEQP-02-002,紧固件/螺栓,H10_40,DCC 2850x2300(左),,S/T轴,北中区,2.85,2.30,左,-159872.57,119487.01,ANCHOR BOLTS
4427,X-HLP3-CR-F3-LAY-KEQP-02-002,紧固件/螺栓,H10_40,DCC 2850x2300(左),,S/T轴,北中区,2.85,2.30,左,-159872.57,120087.01,ANCHOR BOLTS
4428,X-HLP3-CR-F3-LAY-KEQP-02-002,紧固件/螺栓,H10_40,DCC 2850x2300(左),,S/T轴,北中区,2.85,2.30,左,-159872.57,120687.01,ANCHOR BOLTS
4429,X-HLP3-CR-F3-LAY-KEQP-02-002,紧固件/螺栓,H10_40,DCC 2850x2300(左),,S/T轴,北中区,2.85,2.30,左,-159872.57,121287.01,ANCHOR BOLTS
4430,X-HLP3-CR-F3-LAY-KEQP-02-002,紧固件/螺栓,H10_40,DCC 2850x1800(左),,S/T轴,北中区,2.85,1.80,左,-149056.86,119337.01,ANCHOR BOLTS
4431,X-HLP3-CR-F3-LAY-KEQP-02-002,紧固件/螺栓,H10_40,DCC 2850x1800(左),,S/T轴,北中区,2.85,1.80,左,-149056.86,119937.01,ANCHOR BOLTS
4432,X-HLP3-CR-F3-LAY-KEQP-02-002,紧固件/螺栓,H10_40,DCC 2850x2300(左),,S/T轴,北中区,2.85,2.30,左,-149056.86,120537.01,ANCHOR BOLTS
4433,X-HLP3-CR-F3-LAY-KEQP-02-002,紧固件/螺栓,H10_40,DCC 2850x2300(左),,S/T轴,北中区,2.85,2.30,左,-149056.86,121137.01,ANCHOR BOLTS
4434,X-HLP3-CR-F3-LAY-KEQP-02-002,紧固件/螺栓,H10_40,DCC 2850x1800(左),,S/T轴,北中区,2.85,1.80,左,-143108.65,119487.01,ANCHOR BOLTS
4435,X-HLP3-CR-F3-LAY-KEQP-02-002,紧固件/螺栓,H10_40,DCC 2850x1800(左),,S/T轴,北中区,2.85,1.80,左,-143108.65,120087.01,ANCHOR BOLTS
4436,X-HLP3-CR-F3-LAY-KEQP-02-002,紧固件/螺栓,H10_40,DCC 2850x1800(左),,S/T轴,北中区,2.85,1.80,左,-143108.65,120687.01,ANCHOR BOLTS
4437,X-HLP3-CR-F3-LAY-KEQP-02-002,紧固件/螺栓,H10_40,DCC 2850x1800(左),,S/T轴,北中区,2.85,1.80,左,-143108.65,121287.01,ANCHOR BOLTS
4438,X-HLP3-CR-F3-LAY-KEQP-02-002,紧固件/螺栓,H10_40,DCC 2850x1800(左),,S/T轴,北中区,2.85,1.80,左,-141856.86,119487.01,ANCHOR BOLTS
4439,X-HLP3-CR-F3-LAY-KEQP-02-002,紧固件/螺栓,H10_40,DCC 2850x1800(左),,S/T轴,北中区,2.85,1.80,左,-141856.86,120087.01,ANCHOR BOLTS
4440,X-HLP3-CR-F3-LAY-KEQP-02-002,紧固件/螺栓,H10_40,DCC 2850x1800(左),,S/T轴,北中区,2.85,1.80,左,-141856.86,120687.01,ANCHOR BOLTS
4441,X-HLP3-CR-F3-LAY-KEQP-02-002,紧固件/螺栓,H10_40,DCC 2850x1800(左),,S/T轴,北中区,2.85,1.80,左,-141856.86,121347.01,ANCHOR BOLTS
4442,X-HLP3-CR-F3-LAY-KEQP-02-002,紧固件/螺栓,H10_40,DCC 2850x1800(左),,S/T轴,北中区,2.85,1.80,左,-141856.86,121947.01,ANCHOR BOLTS
4443,X-HLP3-CR-F3-LAY-KEQP-02-002,紧固件/螺栓,H10_40,DCC 2850x1800(左),,S/T轴,北中区,2.85,1.80,左,-141856.86,122547.01,ANCHOR BOLTS
4444,X-HLP3-CR-F3-LAY-KEQP-02-002,紧固件/螺栓,H10_40,DCC 2850x2600(左),,S/T轴,北中区,2.85,2.60,左,-135916.92,119487.01,ANCHOR BOLTS
4445,X-HLP3-CR-F3-LAY-KEQP-02-002,紧固件/螺栓,H10_40,DCC 2850x2600(左),,S/T轴,北中区,2.85,2.60,左,-135916.92,120087.01,ANCHOR BOLTS
4446,X-HLP3-CR-F3-LAY-KEQP-02-002,紧固件/螺栓,H10_40,DCC 2850x2600(左),,S/T轴,北中区,2.85,2.60,左,-135916.92,120687.01,ANCHOR BOLTS
4447,X-HLP3-CR-F3-LAY-KEQP-02-002,紧固件/螺栓,H10_40,DCC 2850x2600(左),,S/T轴,北中区,2.85,2.60,左,-135916.92,121287.01,ANCHOR BOLTS
4448,X-HLP3-CR-F3-LAY-KEQP-02-002,紧固件/螺栓,H10_40,DCC 2850x2600(左),,S/T轴,北中区,2.85,2.60,左,-135916.92,122147.01,ANCHOR BOLTS
4449,X-HLP3-CR-F3-LAY-KEQP-02-002,紧固件/螺栓,H10_40,DCC 2850x2600(左),,S/T轴,北中区,2.85,2.60,左,-135916.92,122747.01,ANCHOR BOLTS
4450,X-HLP3-CR-F3-LAY-KEQP-02-002,紧固件/螺栓,H10_40,DCC 2850x2600(左),,S/T轴,北中区,2.85,2.60,左,-135916.92,123347.01,ANCHOR BOLTS
4451,X-HLP3-CR-F3-LAY-KEQP-02-002,紧固件/螺栓,H10_40,DCC 2850x2600(左),,T/U轴,北中区,2.85,2.60,左,-135916.92,123947.01,ANCHOR BOLTS
4452,X-HLP3-CR-F3-LAY-KEQP-02-002,紧固件/螺栓,H10_40,DCC 2850x1800(左),,S/T轴,北中区,2.85,1.80,左,-143108.65,121847.01,ANCHOR BOLTS
4453,X-HLP3-CR-F3-LAY-KEQP-02-002,紧固件/螺栓,H10_40,DCC 2850x1800(左),,S/T轴,北中区,2.85,1.80,左,-143108.65,122447.01,ANCHOR BOLTS
4454,X-HLP3-CR-F3-LAY-KEQP-02-002,紧固件/螺栓,H10_40,DCC 2850x1800(左),,S/T轴,北中区,2.85,1.80,左,-143108.65,123047.01,ANCHOR BOLTS
4455,X-HLP3-CR-F3-LAY-KEQP-02-002,紧固件/螺栓,H10_40,DCC 2850x1800(左),,S/T轴,北中区,2.85,1.80,左,-143108.65,123647.01,ANCHOR BOLTS
4456,X-HLP3-CR-F3-LAY-KEQP-02-002,紧固件/螺栓,H10_40,DCC 2850x1800(左),,Q/R轴,北中区,2.85,1.80,左,-159870.77,107120.01,ANCHOR BOLTS
4457,X-HLP3-CR-F3-LAY-KEQP-02-002,紧固件/螺栓,H10_40,DCC 2850x1800(左),,Q/R轴,北中区,2.85,1.80,左,-159870.77,107720.01,ANCHOR BOLTS
4458,X-HLP3-CR-F3-LAY-KEQP-02-002,紧固件/螺栓,H10_40,DCC 2850x1800(左),,Q/R轴,北中区,2.85,1.80,左,-159870.77,108320.01,ANCHOR BOLTS
4459,X-HLP3-CR-F3-LAY-KEQP-02-002,紧固件/螺栓,H10_40,DCC 2850x1800(左),,Q/R轴,北中区,2.85,1.80,左,-159870.77,108920.01,ANCHOR BOLTS
4460,X-HLP3-CR-F3-LAY-KEQP-02-002,紧固件/螺栓,H10_40,DCC 2850x1800(左),,N/P轴,北中区,2.85,1.80,左,-159870.77,94753.01,ANCHOR BOLTS
4461,X-HLP3-CR-F3-LAY-KEQP-02-002,紧固件/螺栓,H10_40,DCC 2850x1800(左),,P/Q轴,北中区,2.85,1.80,左,-159870.77,95353.01,ANCHOR BOLTS
4462,X-HLP3-CR-F3-LAY-KEQP-02-002,紧固件/螺栓,H10_40,DCC 2850x1800(左),,P/Q轴,北中区,2.85,1.80,左,-159870.77,95953.01,ANCHOR BOLTS
4463,X-HLP3-CR-F3-LAY-KEQP-02-002,紧固件/螺栓,H10_40,DCC 2850x1800(左),,P/Q轴,北中区,2.85,1.80,左,-159870.77,96553.01,ANCHOR BOLTS
4464,X-HLP3-CR-F3-LAY-KEQP-02-002,DCC支架,DCC-Rack-150,2850x2300(右) DCC-D,DCC-D,R/S轴,北中区,2.85,2.30,右,240648.28,114996.24,K-CEIL-DCC-RACK
4465,X-HLP3-CR-F3-LAY-KEQP-02-002,DCC支架,DCC-Rack-150,2850x2300(右) DCC-D,DCC-D,R/S轴,北中区,2.85,2.30,右,240648.28,112146.24,K-CEIL-DCC-RACK
4466,X-HLP3-CR-F3-LAY-KEQP-02-002,DCC支架,DCC-Rack-150,2850x2300(右) DCC-D,DCC-D,R/S轴,北中区,2.85,2.30,右,240648.28,111186.32,K-CEIL-DCC-RACK
4467,X-HLP3-CR-F3-LAY-KEQP-02-002,DCC支架,DCC-Rack-150,2000x2300(右) DCC-B,DCC-B,Q/R轴,北中区,2.00,2.30,右,240648.28,108336.32,K-CEIL-DCC-RACK
4468,X-HLP3-CR-F3-LAY-KEQP-02-002,DCC支架,DCC-Rack-150,2000x2300(右) DCC-B,DCC-B,Q/R轴,北中区,2.00,2.30,右,238300.0,107525.0,K-CEIL-DCC-RACK
4469,X-HLP3-CR-F3-LAY-KEQP-02-002,DCC支架,DCC-Rack-150,2000x2300(右) DCC-B,DCC-B,Q/R轴,北中区,2.00,2.30,右,240300.0,107526.72,K-CEIL-DCC-RACK
4470,X-HLP3-CR-F3-LAY-KEQP-02-002,DCC支架,DCC-Rack-150,2850x2300(右) DCC-D,DCC-D,G/H轴,南中区,2.85,2.30,右,240648.28,50196.24,K-CEIL-DCC-RACK
4471,X-HLP3-CR-F3-LAY-KEQP-02-002,DCC支架,DCC-Rack-150,2850x2300(右) DCC-D,DCC-D,G/H轴,南中区,2.85,2.30,右,240648.28,47346.24,K-CEIL-DCC-RACK
4472,X-HLP3-CR-F3-LAY-KEQP-02-002,DCC支架,DCC-Rack-150,2850x2300(右) DCC-D,DCC-D,G/H轴,南中区,2.85,2.30,右,240648.28,46386.32,K-CEIL-DCC-RACK
4473,X-HLP3-CR-F3-LAY-KEQP-02-002,DCC支架,DCC-Rack-150,2850x2300(右) DCC-D,DCC-D,F/G轴,南区,2.85,2.30,右,240648.28,43536.32,K-CEIL-DCC-RACK
4474,X-HLP3-CR-F3-LAY-KEQP-02-002,DCC支架,DCC-Rack-150,2850x2300(左) DCC-D,DCC-D,G/H轴,南中区,2.85,2.30,左,237650.0,46750.0,K-CEIL-DCC-RACK
4475,X-HLP3-CR-F3-LAY-KEQP-02-002,DCC支架,DCC-Rack-150,2850x2300(左) DCC-D,DCC-D,F/G轴,南区,2.85,2.30,左,237651.72,43900.0,K-CEIL-DCC-RACK
4476,X-HLP3-CR-F3-LAY-KEQP-02-002,DCC设备,DCC-3523,3500x2300(左) DCC-F*2,DCC-F*2,A/B轴,南区,3.50,2.30,左,52802.78,2728.47,0-DCC
4477,X-HLP3-CR-F3-LAY-KEQP-02-002,紧固件/螺栓,DCC-Rack-200x200,200x200 2850x2300(左) DCC,DCC,P/Q轴,北中区,0.20,0.20,左,118779.07,101218.97,K-CEIL-DCC-RACK
4478,X-HLP3-CR-F3-LAY-KEQP-02-002,紧固件/螺栓,DCC-Rack-200x200,200x200,,P/Q轴,北中区,0.20,0.20,,118779.07,98268.97,K-CEIL-DCC-RACK
4479,X-HLP3-CR-F3-LAY-KEQP-02-002,紧固件/螺栓,DCC-Rack-200x200,200x200,,P/Q轴,北中区,0.20,0.20,,118779.07,95318.97,K-CEIL-DCC-RACK
4480,X-HLP3-CR-F3-LAY-KEQP-02-002,紧固件/螺栓,DCC-Rack-200x200,200x200,,N/P轴,北中区,0.20,0.20,,118779.07,92368.97,K-CEIL-DCC-RACK
4481,X-HLP3-CR-F3-LAY-KEQP-02-002,紧固件/螺栓,DCC-Rack-200x200,200x200,,N/P轴,北中区,0.20,0.20,,118779.07,89418.97,K-CEIL-DCC-RACK
4482,X-HLP3-CR-F3-LAY-KEQP-02-002,DCC支架,DCC-Rack-150,2000*2300(左) DCC-B,DCC-B,G/H轴,南中区,2.00,2.30,左,238300.0,50875.0,K-CEIL-DCC-RACK
4483,X-HLP3-CR-F3-LAY-KEQP-02-002,DCC支架,DCC-Rack-150,2850x2300(右) DCC-B,DCC-B,G/H轴,南中区,2.85,2.30,右,240308.66,50875.0,K-CEIL-DCC-RACK
4484,X-HLP3-CR-F3-LAY-KEQP-02-002,紧固件/螺栓,DCC-Rack-200x200,200x200,,Y轴,北区,0.20,0.20,,3212.01,271337.59,K-CEIL-DCC-RACK
4485,X-HLP3-CR-F3-LAY-KEQP-02-002,DCC设备,DCC-28.5x26,2850x2600,DCC-28,Y轴,北区,2.85,2.60,,57600.0,220020.95,0-DCC
4486,X-HLP3-CR-F3-LAY-KEQP-02-002,检修门,MD2-1022,1000x2200 2850x2600(右) DCC-E,DCC-E,R/S轴,北中区,1.00,2.20,右,94415.98,115693.99,K-PART-DOOR
4487,X-HLP3-CR-F3-LAY-KEQP-02-002,DCC支架,DCC-Rack-200,2850x2600(右) DCC-E*2,DCC-E*2,R/S轴,北中区,2.85,2.60,右,95575.0,115660.89,K-CEIL-DCC-RACK
4488,X-HLP3-CR-F3-LAY-KEQP-02-002,DCC设备,DCC-20x18,2000x1800 MD 1200x2200 DCC-F,DCC-F,A/B轴,南区,2.00,1.80,,112250.0,2475.69,0-DCC
4489,X-HLP3-CR-F3-LAY-KEQP-02-002,DCC设备,DCC-28.5x26,2850x2600,DCC-28,Y轴,北区,2.85,2.60,,100775.0,220020.95,0-DCC
4490,X-HLP3-CR-F3-LAY-KEQP-02-002,检修门,MD2-1022,1000x2200 2850x2600(右) DCC-E,DCC-E,R/S轴,北中区,1.00,2.20,右,135984.02,115646.31,K-PART-DOOR
4491,X-HLP3-CR-F3-LAY-KEQP-02-002,DCC支架,DCC-Rack-200,2850x2600(右) DCC-E,DCC-E,R/S轴,北中区,2.85,2.60,右,134825.0,115613.21,K-CEIL-DCC-RACK
4492,X-HLP3-CR-F3-LAY-KEQP-02-002,DCC设备,DCC-28.5x26,2850x2600,DCC-28,Y轴,北区,2.85,2.60,,107999.89,220020.95,0-DCC
4493,X-HLP3-CR-F3-LAY-KEQP-02-002,DCC设备,DCC-28.5x26,2850x2600,DCC-28,Y轴,北区,2.85,2.60,,126650.0,220021.26,0-DCC
4494,X-HLP3-CR-F3-LAY-KEQP-02-002,DCC设备,DCC-28.5x26,2850x2600,DCC-28,Y轴,北区,2.85,2.60,,129600.0,220021.26,0-DCC
4495,X-HLP3-CR-F3-LAY-KEQP-02-002,DCC支架,DCC-Rack-150,2850x2300(右) DCC-D*2,DCC-D*2,R/S轴,北中区,2.85,2.30,右,178650.0,113749.68,K-CEIL-DCC-RACK
4496,X-HLP3-CR-F3-LAY-KEQP-02-002,检修门,MD2-1022,1000x2200 2850x2300(右) DCC-D*2,DCC-D*2,R/S轴,北中区,1.00,2.20,右,172684.02,113768.99,K-PART-DOOR
4497,X-HLP3-CR-F3-LAY-KEQP-02-002,DCC支架,DCC-Rack-150,2850x1800(右) DCC-C,DCC-C,R/S轴,北中区,2.85,1.80,右,209500.0,115675.0,K-CEIL-DCC-RACK
4498,X-HLP3-CR-F3-LAY-KEQP-02-002,DCC支架,DCC-Rack-150,2850x2600(右) DCC-C,DCC-C,R/S轴,北中区,2.85,2.60,右,215299.88,115675.0,K-CEIL-DCC-RACK
4499,X-HLP3-CR-F3-LAY-KEQP-02-002,DCC支架,DCC-Rack-200,2850x1800(右) DCC-C,DCC-C,R/S轴,北中区,2.85,1.80,右,212374.64,115659.17,K-CEIL-DCC-RACK
4500,X-HLP3-CR-F3-LAY-KEQP-02-002,紧固件/螺栓,DCC-Rack-200x200,200x200,,Y轴,北区,0.20,0.20,,146006.26,229566.59,K-CEIL-DCC-RACK
4501,X-HLP3-CR-F3-LAY-KEQP-02-002,紧固件/螺栓,DCC-Rack-200x200,200x200,,Y轴,北区,0.20,0.20,,143056.26,229566.59,K-CEIL-DCC-RACK
4502,X-HLP3-CR-F3-LAY-KEQP-02-002,紧固件/螺栓,DCC-Rack-200x200,200x200,,Y轴,北区,0.20,0.20,,148931.19,229566.59,K-CEIL-DCC-RACK
4503,X-HLP3-CR-F3-LAY-KEQP-02-002,紧固件/螺栓,DCC-Rack-200x200,200x200,,Y轴,北区,0.20,0.20,,150231.19,229566.15,K-CEIL-DCC-RACK
4504,X-HLP3-CR-F3-LAY-KEQP-02-002,紧固件/螺栓,DCC-Rack-200x200,200x200,,Y轴,北区,0.20,0.20,,153156.19,229566.59,K-CEIL-DCC-RACK
4505,X-HLP3-CR-F3-LAY-KEQP-02-002,DCC设备,DCC-2923-H,2850x2300(左) DCC-C*2,DCC-C*2,R/S轴,北中区,2.85,2.30,左,121175.0,109675.32,0-DCC
4506,X-HLP3-CR-F3-LAY-KEQP-02-002,DCC支架,DCC-Rack-150,2000x1800(左) DCC,DCC,Q/R轴,北中区,2.00,1.80,左,115900.0,107525.32,K-CEIL-DCC-RACK
4507,X-HLP3-CR-F3-LAY-KEQP-02-002,DCC支架,DCC-Rack-150,2850x2300(左) DCC,DCC,Q/R轴,北中区,2.85,2.30,左,120850.0,107525.32,K-CEIL-DCC-RACK
4508,X-HLP3-CR-F3-LAY-KEQP-02-002,紧固件/螺栓,DCC-Rack-200x200,200x200 3500x2300(右) DCC-F,DCC-F,A轴,南区,0.20,0.20,右,143493.81,-5791.59,K-CEIL-DCC-RACK
4509,X-HLP3-CR-F3-LAY-KEQP-02-002,紧固件/螺栓,DCC-Rack-200x200,200x200,,A轴,南区,0.20,0.20,,140531.31,-8291.27,K-CEIL-DCC-RACK
4510,X-HLP3-CR-F3-LAY-KEQP-02-002,DCC支架,DCC-Rack-200,2850x1800(左) DCC-C*2,DCC-C*2,R/S轴,北中区,2.85,1.80,左,108275.08,110039.11,K-CEIL-DCC-RACK
4511,X-HLP3-CR-F3-LAY-KEQP-02-002,DCC设备,DCC-20x18,2000x1800,DCC-20,Y轴,北区,2.00,1.80,,112250.0,223224.63,0-DCC
4512,X-HLP3-CR-F3-LAY-KEQP-02-002,DCC设备,DCC-2018-H,2850x1800(左) DCC-C*2,DCC-C*2,R/S轴,北中区,2.85,1.80,左,119075.11,110175.0,0-DCC
4513,X-HLP3-CR-F3-LAY-KEQP-02-002,紧固件/螺栓,DCC-Rack-200x200,200x200 3500x2300(左) DCC-F,DCC-F,A轴,南区,0.20,0.20,左,140543.81,-5791.59,K-CEIL-DCC-RACK
4514,X-HLP3-CR-F3-LAY-KEQP-02-002,DCC设备,DCC-28.5x26,2850x2600,DCC-28,A轴,南区,2.85,2.60,,180000.0,-61621.56,0-DCC
4515,X-HLP3-CR-F3-LAY-KEQP-02-002,DCC设备,DCC-28.5x26,2850x2600,DCC-28,A轴,南区,2.85,2.60,,182950.0,-61619.52,0-DCC
4516,X-HLP3-CR-F3-LAY-KEQP-02-002,DCC支架,DCC-Rack-200,2850x1800(右) DCC-C,DCC-C,F/G轴,南区,2.85,1.80,右,154800.0,42739.11,K-CEIL-DCC-RACK
4517,X-HLP3-CR-F3-LAY-KEQP-02-002,DCC支架,DCC-Rack-150,2850x1800(右) DCC-C*2,DCC-C*2,F/G轴,南区,2.85,1.80,右,151900.0,42725.0,K-CEIL-DCC-RACK
4518,X-HLP3-CR-F3-LAY-KEQP-02-002,DCC支架,DCC-Rack-150,2850x1800(右) DCC-C,DCC-C,F/G轴,南区,2.85,1.80,右,157700.0,42725.0,K-CEIL-DCC-RACK
4519,X-HLP3-CR-F3-LAY-KEQP-02-002,DCC支架,DCC-Rack-200,2850x1800(右) DCC-C*2,DCC-C*2,F/G轴,南区,2.85,1.80,右,162000.0,42739.11,K-CEIL-DCC-RACK
4520,X-HLP3-CR-F3-LAY-KEQP-02-002,DCC支架,DCC-Rack-150,2850x1800(右) DCC-C,DCC-C,F/G轴,南区,2.85,1.80,右,159100.0,42725.0,K-CEIL-DCC-RACK
4521,X-HLP3-CR-F3-LAY-KEQP-02-002,DCC支架,DCC-Rack-150,2850x2600(右) DCC-C*2,DCC-C*2,F/G轴,南区,2.85,2.60,右,164900.0,42725.0,K-CEIL-DCC-RACK
4522,X-HLP3-CR-F3-LAY-KEQP-02-002,DCC支架,DCC-Rack-200,2850x1800(左) DCC-C,DCC-C,F/G轴,南区,2.85,1.80,左,205200.0,42739.11,K-CEIL-DCC-RACK
4523,X-HLP3-CR-F3-LAY-KEQP-02-002,DCC支架,DCC-Rack-150,2850x1800(左) DCC-C*2,DCC-C*2,F/G轴,南区,2.85,1.80,左,202300.0,42725.0,K-CEIL-DCC-RACK
4524,X-HLP3-CR-F3-LAY-KEQP-02-002,DCC支架,DCC-Rack-150,2850x1800(左) DCC-C,DCC-C,F/G轴,南区,2.85,1.80,左,208100.0,42725.0,K-CEIL-DCC-RACK
4525,X-HLP3-CR-F3-LAY-KEQP-02-002,DCC设备,DCC-28.5x26,2850x2600,DCC-28,A轴,南区,2.85,2.60,,180000.0,-61619.52,0-DCC
4526,X-HLP3-CR-F3-LAY-KEQP-02-002,DCC支架,DCC-Rack-150,2850x2600(左) DCC-E*2,DCC-E*2,F/G轴,南区,2.85,2.60,左,215300.0,42725.01,K-CEIL-DCC-RACK
4527,X-HLP3-CR-F3-LAY-KEQP-02-002,DCC支架,DCC-Rack-150,2850x1800(左) DCC-C,DCC-C,F/G轴,南区,2.85,1.80,左,209500.0,42726.74,K-CEIL-DCC-RACK
4528,X-HLP3-CR-F3-LAY-KEQP-02-002,紧固件/螺栓,DCC-Rack-200x200,200x200,,A轴,南区,0.20,0.20,,189806.26,-73092.21,K-CEIL-DCC-RACK
4529,X-HLP3-CR-F3-LAY-KEQP-02-002,DCC支架,DCC-Rack-150,2850x1800(左) DCC-C,DCC-C,F/G轴,南区,2.85,1.80,左,222500.0,42725.01,K-CEIL-DCC-RACK
4530,X-HLP3-CR-F3-LAY-KEQP-02-002,DCC支架,DCC-Rack-150,2850x2600(左) DCC-E*2,DCC-E*2,F/G轴,南区,2.85,2.60,左,216700.0,42726.74,K-CEIL-DCC-RACK
4531,X-HLP3-CR-F3-LAY-KEQP-02-002,紧固件/螺栓,DCC-Rack-200x200,200x200,,A轴,南区,0.20,0.20,,197006.26,-73092.21,K-CEIL-DCC-RACK
4532,X-HLP3-CR-F3-LAY-KEQP-02-002,DCC设备,DCC-28.5x26,2850x2600,DCC-28,A轴,南区,2.85,2.60,,184249.78,-61620.95,0-DCC
4533,X-HLP3-CR-F3-LAY-KEQP-02-002,紧固件/螺栓,DCC-Rack-200x200,200x200,,A轴,南区,0.20,0.20,,201131.19,-71841.59,K-CEIL-DCC-RACK
4534,X-HLP3-CR-F3-LAY-KEQP-02-002,DCC支架,DCC-Rack-150,2850x1800(右),DCC-C*2,R/S轴,北中区,2.85,1.80,右,193700.0,115675.0,K-CEIL-DCC-RACK
4535,X-HLP3-CR-F3-LAY-KEQP-02-002,DCC支架,DCC-Rack-150,2000*2300(左),DCC-B,R/S轴,北中区,2.00,2.30,左,191100.0,115675.0,K-CEIL-DCC-RACK
4536,X-HLP3-CR-F3-LAY-KEQP-02-002,检修门,X-HLP3-CR-F3-LAY-KEQP-02-002_20260401 DCC更新_SPM$0$MD1-1222,1200x2200 3500x2300(左) DCC-F,DCC-F,X/Y轴,北区,1.20,2.20,左,54145.43,155648.4,X-HLP3-CR-F3-LAY-KEQP-02-002_20260401 DCC更新_SPM$0$K-PART-DOOR
4537,X-HLP3-CR-F3-LAY-KEQP-02-002,DCC支架,DCC-Rack-200,MD 1200x2200 DCC-F,DCC-F,X/Y轴,北区,1.20,2.20,,53100.0,155639.11,K-CEIL-DCC-RACK
4538,X-HLP3-CR-F3-LAY-KEQP-02-002,检修门,X-HLP3-CR-F3-LAY-KEQP-02-002_20260401 DCC更新_SPM$0$MD1-1222,1200x2200 3500x2300(左) DCC-F*2,DCC-F*2,X/Y轴,北区,1.20,2.20,左,140545.43,155648.4,X-HLP3-CR-F3-LAY-KEQP-02-002_20260401 DCC更新_SPM$0$K-PART-DOOR
4539,X-HLP3-CR-F3-LAY-KEQP-02-002,DCC支架,DCC-Rack-200,MD 1200x2200 DCC-F*2,DCC-F*2,X/Y轴,北区,1.20,2.20,,139500.0,155635.11,K-CEIL-DCC-RACK
4540,X-HLP3-CR-F3-LAY-KEQP-02-002,检修门,MD2-1022,1000x2200 2850x1800(右) DCC-C*2,DCC-C*2,R/S轴,北中区,1.00,2.20,右,144131.09,113683.48,K-PART-DOOR
4541,X-HLP3-CR-F3-LAY-KEQP-02-002,DCC支架,DCC-Rack-150,2850x1800(右) DCC-C*2,DCC-C*2,Q/R轴,北中区,2.85,1.80,右,28100.0,107525.0,K-CEIL-DCC-RACK
4542,X-HLP3-CR-F3-LAY-KEQP-02-002,DCC支架,DCC-Rack-150,2850x2600(右) DCC-E*2,DCC-E*2,Q/R轴,北中区,2.85,2.60,右,22300.0,107525.0,K-CEIL-DCC-RACK
4543,X-HLP3-CR-F3-LAY-KEQP-02-002,紧固件/螺栓,DCC-Rack-200x200,200x200,,A轴,南区,0.20,0.20,,2618.69,-8291.59,K-CEIL-DCC-RACK
4544,X-HLP3-CR-F3-LAY-KEQP-02-002,检修门,MD2-1022,1000x2200 2850x1800(左) DCC-C*2,DCC-C*2,Q/R轴,北中区,1.00,2.20,左,108169.07,108765.98,K-PART-DOOR
4545,X-HLP3-CR-F3-LAY-KEQP-02-002,DCC支架,X-HLP3-CR-F3-LAY-KEQP-02-002_20260401 DCC更新_SPM$0$DCC-Rack-200,3500x2300(右) DCC-F*2,DCC-F*2,A/B轴,南区,3.50,2.30,右,240079.68,2761.79,X-HLP3-CR-F3-LAY-KEQP-02-002_20260401 DCC更新_SPM$0$K-CEIL-DCC-RACK
4546,X-HLP3-CR-F3-LAY-KEQP-02-002,DCC设备,DCC-3523,3500x2300(右) DCC-F*2,DCC-F*2,A/B轴,南区,3.50,2.30,右,241842.85,2725.9,0-DCC
4547,X-HLP3-CR-F3-LAY-KEQP-02-002,紧固件/螺栓,DCC-Rack-200x200,200x200,,Y轴,北区,0.20,0.20,,28406.19,271337.59,K-CEIL-DCC-RACK
4548,X-HLP3-CR-F3-LAY-KEQP-02-002,紧固件/螺栓,DCC-Rack-200x200,200x200,,Y轴,北区,0.20,0.20,,114806.19,271337.59,K-CEIL-DCC-RACK
4549,X-HLP3-CR-F3-LAY-KEQP-02-002,DCC支架,DCC-Rack-200,3500x2300(左) DCC-F,DCC-F,X/Y轴,北区,3.50,2.30,左,54600.0,155639.11,K-CEIL-DCC-RACK
4550,X-HLP3-CR-F3-LAY-KEQP-02-002,DCC支架,DCC-Rack-200,3500x2300(左) DCC-F*2,DCC-F*2,X/Y轴,北区,3.50,2.30,左,141000.0,155635.11,K-CEIL-DCC-RACK
4551,X-HLP3-CR-F3-LAY-KEQP-02-002,紧固件/螺栓,DCC-Rack-200x200,200x200 3500x2300(左) DCC-F,DCC-F,A轴,南区,0.20,0.20,左,131243.81,-5791.9,K-CEIL-DCC-RACK
4552,X-HLP3-CR-F3-LAY-KEQP-02-002,其他,X-Wallfe-3F,3500x2300(左) DCC-F,DCC-F,A轴,南区,3.50,2.30,左,0.0,0.0,K-BZ-01
4553,X-HLP3-CR-F3-LAY-KEQP-02-002,DCC支架,DCC-Rack-200,2850x2300(右) DCC-E*2,DCC-E*2,F/G轴,南区,2.85,2.30,右,118081.68,42975.0,K-CEIL-DCC-RACK
4554,X-HLP3-CR-F3-LAY-KEQP-02-002,DCC支架,DCC-Rack-200,2850x2300(右) DCC-D*2,DCC-D*2,F/G轴,南区,2.85,2.30,右,175485.89,42975.0,K-CEIL-DCC-RACK
4555,X-HLP3-CR-F3-LAY-KEQP-02-002,DCC支架,DCC-Rack-200,2850x2300(右) DCC-D*2,DCC-D*2,G/H轴,南中区,2.85,2.30,右,226864.11,50625.0,K-CEIL-DCC-RACK
4556,X-HLP3-CR-F3-LAY-KEQP-02-002,DCC支架,DCC-Rack-200,2850x1800(左) DCC-C*2,DCC-C*2,F/G轴,南区,2.85,1.80,左,130325.0,42740.53,K-CEIL-DCC-RACK
4557,X-HLP3-CR-F3-LAY-KEQP-02-002,DCC支架,DCC-Rack-150,2000*2300(右) DCC-B,DCC-B,G/H轴,南中区,2.00,2.30,右,64100.0,50875.0,K-CEIL-DCC-RACK
4558,X-HLP3-CR-F3-LAY-KEQP-02-002,DCC支架,DCC-Rack-150,2850x1800(右) DCC-C*2,DCC-C*2,R/S轴,北中区,2.85,1.80,右,11125.0,115675.0,K-CEIL-DCC-RACK
4559,X-HLP3-CR-F3-LAY-KEQP-02-002,DCC支架,DCC-Rack-150,2850x1800(右) DCC-C*2,DCC-C*2,R/S轴,北中区,2.85,1.80,右,11125.0,115674.68,K-CEIL-DCC-RACK
4560,X-HLP3-CR-F3-LAY-KEQP-03-002,DCC设备,DCC-2400x1200,2400x1200,DCC-2400,S/T轴,北中区,2.40,1.20,,283930.82,119969.0,0-DCC
4561,X-HLP3-CR-F3-LAY-KEQP-03-002,DCC设备,DCC-2400x1200,2400x1200,DCC-2400,S/T轴,北中区,2.40,1.20,,283930.82,122369.0,0-DCC
4562,X-HLP3-CR-F3-LAY-KEQP-03-002,DCC设备,DCC-2400x1200,2400x1200 2365x765 DCC,DCC,R/S轴,北中区,2.40,1.20,,283930.82,112769.0,0-DCC
4563,X-HLP3-CR-F3-LAY-KEQP-03-002,DCC设备,DCC-2400x1200,2400x1200 2365x765 DCC,DCC,R/S轴,北中区,2.40,1.20,,283930.82,115169.0,0-DCC
4564,X-HLP3-CR-F3-LAY-KEQP-03-002,DCC设备,DCC-2400x1200,2400x1200,DCC-2400,U/V轴,北中区,2.40,1.20,,265530.82,134369.0,0-DCC
4565,X-HLP3-CR-F3-LAY-KEQP-03-002,DCC设备,DCC-2400x1200,2400x1200,DCC-2400,U/V轴,北中区,2.40,1.20,,265530.82,136769.0,0-DCC
4566,X-HLP3-CR-F3-LAY-KEQP-03-002,DCC设备,DCC-2400x1200,2400x1200,DCC-2400,T/U轴,北中区,2.40,1.20,,265530.82,127169.0,0-DCC
4567,X-HLP3-CR-F3-LAY-KEQP-03-002,DCC设备,DCC-2400x1200,2400x1200,DCC-2400,T/U轴,北中区,2.40,1.20,,265530.82,129569.0,0-DCC
4568,X-HLP3-CR-F3-LAY-KEQP-03-002,DCC设备,DCC-2400x1200,2400x1200 2850x2600(右) DCC-E,DCC-E,F/G轴,南区,2.40,1.20,右,168031.0,41530.82,0-DCC
4569,X-HLP3-CR-F3-LAY-KEQP-03-002,DCC设备,DCC-2400x1200,2400x1200 2850x2300(右) DCC,DCC,G/H轴,南中区,2.40,1.20,右,171631.0,49255.82,0-DCC
4570,X-HLP3-CR-F3-LAY-KEQP-03-002,DCC设备,DCC-2400x1200,2400x1200 2850x2300(右) DCC,DCC,G/H轴,南中区,2.40,1.20,右,169231.0,49255.82,0-DCC
4571,X-HLP3-CR-F3-LAY-KEQP-03-002,DCC设备,DCC-2400x1200,2400x1200 3500x2300(右) DCC-F,DCC-F,A/B轴,南区,2.40,1.20,右,163856.0,1669.18,0-DCC
4572,X-HLP3-CR-F3-LAY-KEQP-03-002,DCC设备,DCC-2400x1200,2400x1200 3500x2300(右) DCC-F,DCC-F,A/B轴,南区,2.40,1.20,右,161456.0,1669.18,0-DCC
4573,X-HLP3-CR-F3-LAY-KEQP-03-002,DCC设备,DCC-2400x1200,2400x1200 3500x2300(右) DCC-F,DCC-F,A/B轴,南区,2.40,1.20,右,159056.0,1669.18,0-DCC
4574,X-HLP3-CR-F3-LAY-KEQP-03-002,DCC设备,DCC-2400x1200,2400x1200 2850x1800(右) DCC-C,DCC-C,F/G轴,南区,2.40,1.20,右,159631.0,41530.82,0-DCC
4575,X-HLP3-CR-F3-LAY-KEQP-03-002,DCC设备,DCC-2400x1200,2400x1200 2850x1800(右) DCC-C*2,DCC-C*2,F/G轴,南区,2.40,1.20,右,163231.0,41530.82,0-DCC
4576,X-HLP3-CR-F3-LAY-KEQP-03-002,DCC设备,DCC-2400x1200,2400x1200 2850x2600(右) DCC-E,DCC-E,F/G轴,南区,2.40,1.20,右,171631.0,41530.82,0-DCC
4577,X-HLP3-CR-F3-LAY-KEQP-03-002,DCC设备,DCC-2400x1200,2400x1200,DCC-2400,T/U轴,北中区,2.40,1.20,,283930.82,127694.0,0-DCC
4578,X-HLP3-CR-F3-LAY-KEQP-03-002,DCC设备,DCC-2400x1200,2400x1200,DCC-2400,T/U轴,北中区,2.40,1.20,,283930.82,130094.0,0-DCC
4579,X-HLP3-CR-F3-LAY-KEQP-03-002,DCC设备,DCC-2400x1200,2400x1200,DCC-2400,U/V轴,北中区,2.40,1.20,,283930.82,134369.0,0-DCC
4580,X-HLP3-CR-F3-LAY-KEQP-03-002,DCC设备,DCC-2400x1200,2400x1200,DCC-2400,U/V轴,北中区,2.40,1.20,,283930.82,136769.0,0-DCC
4581,X-HLP3-CR-F3-LAY-KEQP-03-002,DCC设备,DCC-2400x1200,2400x1200,DCC-2400,K/L轴,南中区,2.40,1.20,,159631.0,71130.82,0-DCC
4582,X-HLP3-CR-F3-LAY-KEQP-03-002,DCC设备,DCC-2400x1200,2400x1200,DCC-2400,K/L轴,南中区,2.40,1.20,,162031.0,71130.82,0-DCC
4583,X-HLP3-CR-F3-LAY-KEQP-03-002,DCC设备,DCC-2400x1200,2400x1200,DCC-2400,K/L轴,南中区,2.40,1.20,,168031.0,71130.82,0-DCC
4584,X-HLP3-CR-F3-LAY-KEQP-03-002,DCC设备,DCC-2400x1200,2400x1200 2400x1300(右) DCC,DCC,K/L轴,南中区,2.40,1.20,右,171631.0,71130.82,0-DCC
4585,X-HLP3-CR-F3-LAY-KPART-01-002,其他,AR-PB7-00-W-002_HLP2_rvt-1-MEP-LAY-1F-1_500,3500x2300(左) DCC-F,DCC-F,A轴,南区,3.50,2.30,左,0.0,0.0,0
4586,X-HLP3-CR-F3-LAY-KPART-01-002,其他,AR-PB7-00-W-002_HLP2_rvt-2-MEP-LAY-1F-1_500,3500x2300(左) DCC-F,DCC-F,A轴,南区,3.50,2.30,左,0.0,0.0,0
4587,X-HLP3-CR-F3-LAY-KPART-01-002,门,单开门 1000X2000,1000x2000 2400x1300(右) DCC,DCC,L/M轴,北中区,1.00,2.00,右,201075.0,77700.0,K-PART-DOOR
4588,X-HLP3-CR-F3-LAY-KPART-01-002,门,单开门 1000X2000,1000x2000 2400x1300(右) DCC,DCC,H/J轴,南中区,1.00,2.00,右,239246.55,51884.59,K-PART-DOOR
4589,X-HLP3-CR-F3-LAY-KPART-01-002,门,单开门 1000X2000,1000x2000 2365*1165(左) DCC,DCC,K/L轴,南中区,1.00,2.00,左,128388.61,71775.41,K-PART-DOOR
4590,X-HLP3-CR-F3-LAY-KPART-01-002,门,单开门 1000X2000,1000x2000 2365*1165(右) DCC,DCC,K/L轴,南中区,1.00,2.00,右,109211.39,71775.41,K-PART-DOOR
4591,X-HLP3-CR-F3-LAY-KPART-01-002,门,单开门 1000X2000,1000x2000 2400x1300(右) DCC,DCC,W/X轴,北区,1.00,2.00,右,14978.61,150780.41,K-PART-DOOR
4592,X-HLP3-CR-F3-LAY-KPART-03-002,门,单开门 1000X2000,1000x2000,,J/K轴,南中区,1.00,2.00,,15003.61,60394.41,K-PART-DOOR
4593,X-HLP3-CR-F3-LAY-KPART-03-002,门,单开门 1000X2000,1000x2000 2365*1165(右) DCC,DCC,H/J轴,南中区,1.00,2.00,右,108587.63,54894.34,K-PART-DOOR
4594,X-HLP3-CR-F3-LAY-KPART-03-002,门,单开门 1000X2000,1000x2000,,M/N轴,北中区,1.00,2.00,,108587.63,84894.34,K-PART-DOOR
4595,X-HLP3-CR-F3-LAY-KPART-03-002,门,单开门 1000X2000,1000x2000 2850x2600(右) DCC-E*2,DCC-E*2,Q/R轴,北中区,1.00,2.00,右,108587.63,102894.34,K-PART-DOOR
4596,X-HLP3-CR-F3-LAY-KPART-03-002,门,单开门 1000X2000,1000x2000 2850x2600(右),,H/J轴,南中区,1.00,2.00,右,209352.63,54894.34,K-PART-DOOR
4597,X-HLP3-CR-F3-LAY-KPART-03-002,门,单开门 1000X2000,1000x2000 2400x1300(右) DCC,DCC,M/N轴,北中区,1.00,2.00,右,209352.63,84894.34,K-PART-DOOR
4598,X-HLP3-CR-F3-LAY-KPART-03-002,门,单开门 1000X2000,1000x2000 2850x2300(左) DCC,DCC,Q/R轴,北中区,1.00,2.00,左,209352.63,102894.34,K-PART-DOOR
4599,X-HLP3-CR-F3-LAY-KPART-03-002,门,单开门 1000X2000,1000x2000 2400x1300(右) DCC,DCC,K/L轴,南中区,1.00,2.00,右,239698.61,68990.19,K-PART-DOOR
4600,X-HLP3-CR-F3-LAY-KPART-03-002,门,单开门 1000X2000,1000x2000 2400x1300(右) DCC,DCC,K/L轴,南中区,1.00,2.00,右,220498.61,68990.19,K-PART-DOOR
4601,X-HLP3-CR-F3-LAY-KPART-03-002,门,单开门 1000X2000,1000x2000 2850x1800(右) DCC-C,DCC-C,F/G轴,南区,1.00,2.00,右,156637.59,39292.77,K-PART-DOOR
4602,X-HLP3-CR-F3-LAY-KPART-03-002,门,单开门 1000X2000,1000x2000,,D/E轴,南区,1.00,2.00,,156793.74,23694.28,K-PART-DOOR
4603,X-HLP3-CR-F3-LAY-KPART-03-002,门,单开门 1000X2000,1000x2000 3500x2300(右) DCC-F*2,DCC-F*2,A/B轴,南区,1.00,2.00,右,156641.72,6894.28,K-PART-DOOR
4604,X-HLP3-CR-F3-LAY-KPART-03-002,门,单开门 1000X2000,1000x2000 2850x1800(左) DCC-C*2,DCC-C*2,F/G轴,南区,1.00,2.00,左,202828.61,39294.34,K-PART-DOOR
4605,X-HLP3-CR-F3-LAY-KPART-03-002,门,单开门 1000X2000,1000x2000,,D/E轴,南区,1.00,2.00,,202828.61,23694.34,K-PART-DOOR
4606,X-HLP3-CR-F3-LAY-KPART-03-002,门,单开门 1000X2000,1000x2000 3500x2300(右) DCC-F,DCC-F,A/B轴,南区,1.00,2.00,右,202948.11,6894.34,K-PART-DOOR
4607,X-HLP3-CR-F3-LAY-KPART-03-002,门,单开门 1000X2000,1000x2000 2850x2300(右) DCC-D,DCC-D,S/T轴,北中区,1.00,2.00,右,38362.84,123294.34,K-PART-DOOR
4608,X-HLP3-CR-F3-LAY-KPART-03-002,门,单开门 1000X2000,1000x2000,,U/V轴,北中区,1.00,2.00,,38362.84,136494.34,K-PART-DOOR
4609,X-HLP3-CR-F3-LAY-KPART-03-002,门,单开门 1000X2000,1000x2000 3500x2300(左) DCC-F*2,DCC-F*2,W/X轴,北区,1.00,2.00,左,38362.84,150894.34,K-PART-DOOR
4610,X-HLP3-CR-F3-LAY-KPART-03-002,门,单开门 1000X2000,1000x2000 2850x1800(右) DCC-C*2,DCC-C*2,S/T轴,北中区,1.00,2.00,右,146364.13,123294.34,K-PART-DOOR
4611,X-HLP3-CR-F3-LAY-KPART-03-002,门,单开门 1000X2000,1000x2000,,U/V轴,北中区,1.00,2.00,,146364.13,136494.34,K-PART-DOOR
4612,X-HLP3-CR-F3-LAY-KPART-03-002,门,单开门 1000X2000,1000x2000 3500x2300(左) DCC-F,DCC-F,W/X轴,北区,1.00,2.00,左,146364.13,150894.34,K-PART-DOOR
4613,X-HLP3-CR-F3-LAY-KPART-03-002,其他,2AHC-3.1,,,V/W轴,北区,,,,39610.9,141851.0,0-A-标注
4614,X-HLP3-CR-F3-LAY-KPART-03-002,其他,2AHC-3.1,2850x2300(右) DCC-D,DCC-D,S/T轴,北中区,2.85,2.30,右,39610.9,120514.0,0-A-标注
4615,X-HLP3-CR-F3-LAY-KPART-03-002,其他,2AHC-3.1,,,V/W轴,北区,,,,147612.2,141851.0,0-A-标注
4616,X-HLP3-CR-F3-LAY-KPART-03-002,其他,2AHC-3.1,2850x2600(右) DCC-E*2,DCC-E*2,S/T轴,北中区,2.85,2.60,右,147612.2,120514.0,0-A-标注
4617,X-HLP3-CR-F3-LAY-KPART-03-002,其他,2AHC-3.1,,,N/P轴,北中区,,,,109860.7,94587.0,0-A-标注
4618,X-HLP3-CR-F3-LAY-KPART-03-002,其他,2AHC-3.1,2365*1165(右) DCC,DCC,K/L轴,南中区,2.37,1.17,右,109860.7,70969.0,0-A-标注
4619,X-HLP3-CR-F3-LAY-KPART-03-002,其他,2AHC-3.1,,,N/P轴,北中区,,,,210660.7,94467.0,0-A-标注
4620,X-HLP3-CR-F3-LAY-KPART-03-002,其他,2AHC-3.1,2400x1300(右) DCC,DCC,L/M轴,北中区,2.40,1.30,右,210610.7,74040.0,0-A-标注
4621,X-HLP3-CR-F3-LAY-KPART-03-002,其他,2AHC-3.1,2400x1300(右) DCC,DCC,K/L轴,南中区,2.40,1.30,右,222493.0,70285.3,0-A-标注
4622,X-HLP3-CR-F3-LAY-KPART-03-002,其他,2AHC-3.1,2850x1800(左) DCC-C*2,DCC-C*2,K/L轴,南中区,2.85,1.80,左,8509.0,68460.81,0-A-标注
4623,X-HLP3-CR-F3-LAY-KPART-03-002,其他,2AHC-3.1,2850x1800(右) DCC-C*2,DCC-C*2,G/H轴,南中区,2.85,1.80,右,15030.7,47380.0,0-A-标注
4624,X-HLP3-CR-F3-LAY-KPART-03-002,其他,2AHC-3.1,2850x1800(左) DCC-C*2,DCC-C*2,G/H轴,南中区,2.85,1.80,左,12618.0,47835.7,0-A-标注
4625,X-HLP3-CR-F3-LAY-KPART-03-002,其他,2AHC-3.1,2850x1800(右) DCC-C*2,DCC-C*2,H/J轴,南中区,2.85,1.80,右,16814.0,51685.7,0-A-标注
4626,X-HLP3-CR-F3-LAY-KPART-03-002,其他,2AHC-3.1,2850x1800(右) DCC-C,DCC-C,E/F轴,南区,2.85,1.80,右,157873.81,35203.0,0-A-标注
4627,X-HLP3-CR-F3-LAY-KPART-03-002,其他,2AHC-3.1,,,C/D轴,南区,,,,157873.82,15729.0,0-A-标注
4628,X-HLP3-CR-F3-LAY-KPART-03-002,其他,2AHC-3.1,2850x1800(左) DCC-C*2,DCC-C*2,E/F轴,南区,2.85,1.80,左,204060.69,35203.0,0-A-标注
4629,X-HLP3-CR-F3-LAY-KPART-03-002,其他,2AHC-3.1,,,C/D轴,南区,,,,204060.7,15729.0,0-A-标注
4630,X-HLP3-CR-F3-LAY-KPART-03-002,其他,2AHC-3.1,2850x2600(右) DCC-E*2,DCC-E*2,R/S轴,北中区,2.85,2.60,右,15110.7,110838.0,0-A-标注
4631,X-HLP3-CR-F3-LAY-KPART-03-002,其他,2AHC-3.1,2000*2300(右) DCC-B,DCC-B,R/S轴,北中区,2.00,2.30,右,62575.0,109991.3,0-A-标注
4632,X-HLP3-CR-F3-LAY-KPART-03-002,其他,2AHC-3.1,2000x2600(右) DCC-B,DCC-B,Q/R轴,北中区,2.00,2.60,右,67829.0,106651.8,0-A-标注
4633,X-HLP3-CR-F3-LAY-KPART-03-002,其他,2AHC-3.1,2850x1800(左) DCC-C*2,DCC-C*2,R/S轴,北中区,2.85,1.80,左,131460.7,110946.54,0-A-标注
4634,X-HLP3-CR-F3-LAY-KPART-03-002,其他,2AHC-3.1,2000*2300(左) DCC-B,DCC-B,R/S轴,北中区,2.00,2.30,左,192260.7,111680.0,0-A-标注
4635,X-HLP3-CR-F3-LAY-KPART-03-002,其他,2AHC-3.1,2000*2300(左) DCC,DCC,Q/R轴,北中区,2.00,2.30,左,184125.18,106764.3,0-A-标注
4636,X-HLP3-CR-F3-LAY-KPART-03-002,其他,2AHC-3.1,2000x2300(右) DCC-B,DCC-B,Q/R轴,北中区,2.00,2.30,右,235975.0,109235.7,0-A-标注
4637,X-HLP3-CR-F3-LAY-KPART-03-002,其他,2AHC-3.1,2000*2300(右) DCC-B,DCC-B,G/H轴,南中区,2.00,2.30,右,65465.7,47880.0,0-A-标注
4638,X-HLP3-CR-F3-LAY-KPART-03-002,其他,2AHC-3.1,2365x765 DCC,DCC,G/H轴,南中区,2.37,0.77,,127006.0,51635.7,0-A-标注
4639,X-HLP3-CR-F3-LAY-KPART-03-002,其他,2AHC-3.1,2000*2300(左) DCC-B,DCC-B,G/H轴,南中区,2.00,2.30,左,189060.7,47451.82,0-A-标注
4640,X-HLP3-CR-F3-LAY-KPART-03-002,其他,2AHC-3.1,2000*2300(右) DCC-B,DCC-B,G/H轴,南中区,2.00,2.30,右,61813.0,48335.7,0-A-标注
4641,X-HLP3-CR-F3-LAY-KPART-03-002,其他,2AHC-3.1,2400x1300(右) DCC,DCC,G/H轴,南中区,2.40,1.30,右,224839.3,44900.0,0-A-标注
4642,X-HLP3-CR-F3-LAY-KPART-03-002,其他,2AHC-3.1,2000*2300(左) DCC,DCC,G/H轴,南中区,2.00,2.30,左,235726.0,51635.7,0-A-标注
4643,X-HLP3-CR-F3-LAY-KPART-04-001,其他,1523,1500x2300,,Y轴,北区,1.50,2.30,,-78773.29,171097.7,K-PART-DOOR
4644,X-HLP3-CR-F3-LAY-KPART-04-001,其他,1523,1500x2300,,Y轴,北区,1.50,2.30,,34849.7,224923.49,K-PART-DOOR
4645,X-HLP3-CR-F3-LAY-KPART-04-001,其他,1523,1500x2300,,Y轴,北区,1.50,2.30,,21497.7,229148.49,K-PART-DOOR
4646,X-HLP3-CR-F3-LAY-KPART-04-001,其他,1523,1500x2300,,T/U轴,北中区,1.50,2.30,,-8523.49,125494.7,K-PART-DOOR
4647,X-HLP3-CR-F3-LAY-KPART-04-001,其他,1523,1500x2300,,T/U轴,北中区,1.50,2.30,,92276.5,125497.7,K-PART-DOOR
4648,X-HLP3-CR-F3-LAY-KPART-04-001,其他,1523,1500x2300,,K/L轴,南中区,1.50,2.30,,92276.5,70297.7,K-PART-DOOR
4649,X-HLP3-CR-F3-LAY-KPART-04-001,其他,1523,1500x2300,,K/L轴,南中区,1.50,2.30,,-8523.49,70297.7,K-PART-DOOR
4650,X-HLP3-CR-F3-LAY-KPART-04-001,其他,1523,1500x2300,,K/L轴,南中区,1.50,2.30,,-102148.5,70297.7,K-PART-DOOR
4651,X-HLP3-CR-F3-LAY-KPART-04-001,其他,1523,1500x2300 1800x1000,,D/E轴,南区,1.50,2.30,,39489.62,25218.93,K-PART-DOOR
4652,X-HLP3-CR-F3-LAY-KPART-04-001,其他,1523,1500x2300,,D/E轴,南区,1.50,2.30,,85676.51,24697.7,K-PART-DOOR
4653,X-HLP3-CR-F3-LAY-KPART-04-001,其他,1523,1500x2300,,A轴,南区,1.50,2.30,,34636.7,-66998.49,K-PART-DOOR
4654,X-HLP3-CR-F3-LAY-KPART-04-001,其他,1523,1500x2300,,A轴,南区,1.50,2.30,,85575.37,-9091.49,K-PART-DOOR
4655,X-HLP3-CR-F3-LAY-KPART-04-001,其他,1523,1500x2300,,Y轴,北区,1.50,2.30,,146750.83,225163.49,K-PART-DOOR
4656,X-HLP3-CR-F3-LAY-KPART-04-001,其他,1523,1500x2300,,Y轴,北区,1.50,2.30,,254515.7,225148.49,K-PART-DOOR
4657,X-HLP3-CR-F3-LAY-KPART-04-001,其他,1523,1500x2300,,Y轴,北区,1.50,2.30,,260907.7,225148.49,K-PART-DOOR
4658,X-HLP3-CR-F3-LAY-KPART-04-001,其他,1523,1500x2300,,Y轴,北区,1.50,2.30,,257948.31,186198.1,K-PART-DOOR
4659,X-HLP3-CR-F3-LAY-KPART-04-001,其他,1523,1500x2300,,A轴,南区,1.50,2.30,,85585.7,-66723.49,K-PART-DOOR
4660,X-HLP3-CR-F3-LAY-KPART-04-001,其他,1523,1500x2300,,A轴,南区,1.50,2.30,,146722.7,-66519.49,K-PART-DOOR
4661,X-HLP3-CR-F3-LAY-KPART-04-001,其他,1523,1500x2300,,A轴,南区,1.50,2.30,,204010.7,-66748.49,K-PART-DOOR
4662,X-HLP3-CR-F3-LAY-KPART-04-001,其他,1523,1500x2300,,Y轴,北区,1.50,2.30,,260497.7,167585.49,K-PART-DOOR
4663,X-HLP3-CR-F3-LAY-KPART-04-001,其他,1523,1500x2300,,Y轴,北区,1.50,2.30,,21497.7,184373.57,K-PART-DOOR
4664,X-HLP3-CR-F3-LAY-KPART-04-001,其他,1523,1500x2300 3500x2300(左) DCC-F,DCC-F,Y轴,北区,1.50,2.30,左,21497.7,163548.49,K-PART-DOOR
4665,X-HLP3-CR-F3-LAY-KPART-04-001,其他,2AHC-3.1,3500x2300(左) DCC-F,DCC-F,A/B轴,南区,3.50,2.30,左,3214.0,1835.7,0-A-标注
4666,X-HLP3-CR-F3-LAY-KPART-04-001,其他,2AHC-3.1,MD 1200x2200 DCC-F*2,DCC-F*2,A/B轴,南区,1.20,2.20,,24814.0,1835.7,0-A-标注
4667,X-HLP3-CR-F3-LAY-KPART-04-001,其他,2AHC-3.1,MD 1200x2200 DCC-F*2,DCC-F*2,A/B轴,南区,1.20,2.20,,53614.0,1835.7,0-A-标注
4668,X-HLP3-CR-F3-LAY-KPART-04-001,其他,2AHC-3.1,MD 1200x2200 DCC-F*2,DCC-F*2,A/B轴,南区,1.20,2.20,,82414.0,1835.7,0-A-标注
4669,X-HLP3-CR-F3-LAY-KPART-04-001,其他,2AHC-3.1,MD 1200x2200 DCC-F,DCC-F,A/B轴,南区,1.20,2.20,,140014.0,1835.7,0-A-标注
4670,X-HLP3-CR-F3-LAY-KPART-04-001,其他,2AHC-3.1,MD 1200x2200 DCC-F*2,DCC-F*2,A/B轴,南区,1.20,2.20,,168814.0,1835.7,0-A-标注
4671,X-HLP3-CR-F3-LAY-KPART-04-001,其他,2AHC-3.1,MD 1200x2200 DCC-F*2,DCC-F*2,A/B轴,南区,1.20,2.20,,197614.0,1835.7,0-A-标注
4672,X-HLP3-CR-F3-LAY-KPART-04-001,其他,2AHC-3.1,MD 1200x2200 DCC-F,DCC-F,A/B轴,南区,1.20,2.20,,226414.0,1835.7,0-A-标注
4673,X-HLP3-CR-F3-LAY-KPART-04-001,其他,2AHC-3.1,3500x2300(左) DCC-F,DCC-F,X/Y轴,北区,3.50,2.30,左,3214.0,156564.3,0-A-标注
4674,X-HLP3-CR-F3-LAY-KPART-04-001,其他,2AHC-3.1,3500x2300(左) DCC-F,DCC-F,X/Y轴,北区,3.50,2.30,左,24814.0,156564.3,0-A-标注
4675,X-HLP3-CR-F3-LAY-KPART-04-001,其他,2AHC-3.1,3500x2300(左) DCC-F,DCC-F,X/Y轴,北区,3.50,2.30,左,53614.0,156564.3,0-A-标注
4676,X-HLP3-CR-F3-LAY-KPART-04-001,其他,2AHC-3.1,MD 1200x2200 DCC-F,DCC-F,X/Y轴,北区,1.20,2.20,,82414.0,156564.3,0-A-标注
4677,X-HLP3-CR-F3-LAY-KPART-04-001,其他,2AHC-3.1,3500x2300(左) DCC-F,DCC-F,X/Y轴,北区,3.50,2.30,左,111214.0,156564.3,0-A-标注
4678,X-HLP3-CR-F3-LAY-KPART-04-001,其他,2AHC-3.1,MD 1200x2200 DCC-F,DCC-F,X/Y轴,北区,1.20,2.20,,168814.0,156564.3,0-A-标注
4679,X-HLP3-CR-F3-LAY-KPART-04-001,其他,2AHC-3.1,MD 1200x2200 DCC-F,DCC-F,X/Y轴,北区,1.20,2.20,,226414.0,156564.3,0-A-标注
4680,X-HLP3-CR-F3-LAY-KPART-04-001,其他,2AHC-3.1,,,V/W轴,北区,,,,1535.7,144852.51,0-A-标注
4681,X-HLP3-CR-F3-LAY-KPART-04-001,其他,2AHC-3.1,2850x1800(右) DCC-C*2,DCC-C*2,G/H轴,南中区,2.85,1.80,右,28800.0,47860.7,0-A-标注
4682,X-HLP3-CR-F3-LAY-KPART-04-001,其他,2AHC-3.1,2850x2300(右) DCC-D*2,DCC-D*2,G/H轴,南中区,2.85,2.30,右,50390.0,47860.7,0-A-标注
4683,X-HLP3-CR-F3-LAY-KPART-04-001,其他,2AHC-3.1,2850x2600(右) DCC-E*2,DCC-E*2,G/H轴,南中区,2.85,2.60,右,93570.0,47860.7,0-A-标注
4684,X-HLP3-CR-F3-LAY-KPART-04-001,其他,2AHC-3.1,2850x1800(右) DCC,DCC,G/H轴,南中区,2.85,1.80,右,115160.0,47860.7,0-A-标注
4685,X-HLP3-CR-F3-LAY-KPART-04-001,其他,2AHC-3.1,2850x1800(右) DCC-C*2,DCC-C*2,G/H轴,南中区,2.85,1.80,右,136750.0,47860.7,0-A-标注
4686,X-HLP3-CR-F3-LAY-KPART-04-001,其他,2AHC-3.1,2850x1800(右) DCC-C*2,DCC-C*2,G/H轴,南中区,2.85,1.80,右,158340.0,47860.7,0-A-标注
4687,X-HLP3-CR-F3-LAY-KPART-04-001,其他,2AHC-3.1,2850x1800(右) DCC-C*2,DCC-C*2,G/H轴,南中区,2.85,1.80,右,201520.0,47860.7,0-A-标注
4688,X-HLP3-CR-F3-LAY-KPART-04-001,其他,2AHC-3.1,2400x1300(右) DCC,DCC,G/H轴,南中区,2.40,1.30,右,223110.0,47660.7,0-A-标注
4689,X-HLP3-CR-F3-LAY-KPART-04-001,其他,2AHC-3.1,2850x1800(左) DCC-C*2,DCC-C*2,G/H轴,南中区,2.85,1.80,左,7200.0,47890.7,0-A-标注
4690,X-HLP3-CR-F3-LAY-KPART-04-001,其他,2AHC-3.1,2850x2300(右) DCC-D*2,DCC-D*2,R/S轴,北中区,2.85,2.30,右,28800.0,113060.7,0-A-标注
4691,X-HLP3-CR-F3-LAY-KPART-04-001,其他,2AHC-3.1,2850x2300(右) DCC-D,DCC-D,R/S轴,北中区,2.85,2.30,右,50390.0,113060.7,0-A-标注
4692,X-HLP3-CR-F3-LAY-KPART-04-001,其他,2AHC-3.1,2850x2600(右) DCC-E,DCC-E,R/S轴,北中区,2.85,2.60,右,93570.0,113060.7,0-A-标注
4693,X-HLP3-CR-F3-LAY-KPART-04-001,其他,2AHC-3.1,2000x1800(右) DCC-A*2,DCC-A*2,R/S轴,北中区,2.00,1.80,右,115160.0,113060.7,0-A-标注
4694,X-HLP3-CR-F3-LAY-KPART-04-001,其他,2AHC-3.1,2850x1800(左) DCC-E,DCC-E,R/S轴,北中区,2.85,1.80,左,136750.0,113060.7,0-A-标注
4695,X-HLP3-CR-F3-LAY-KPART-04-001,其他,2AHC-3.1,2850x2600(右) DCC-E*2,DCC-E*2,R/S轴,北中区,2.85,2.60,右,158340.0,113060.7,0-A-标注
4696,X-HLP3-CR-F3-LAY-KPART-04-001,其他,2AHC-3.1,2850x1800(右) DCC-C*2,DCC-C*2,R/S轴,北中区,2.85,1.80,右,201520.0,113060.7,0-A-标注
4697,X-HLP3-CR-F3-LAY-KPART-04-001,其他,2AHC-3.1,2850x1800(右) DCC-C,DCC-C,R/S轴,北中区,2.85,1.80,右,223110.0,113060.7,0-A-标注
4698,X-HLP3-CR-F3-LAY-KPART-04-001,其他,2AHC-3.1,2850x1800(右) DCC-C*2,DCC-C*2,R/S轴,北中区,2.85,1.80,右,7200.0,113090.7,0-A-标注
4699,X-HLP3-CR-F3-LAY-KPART-04-001,其他,2AHC-3.1,,,T/U轴,北中区,,,,1535.7,130452.51,0-A-标注
4700,X-HLP3-CR-F3-LAY-KPART-04-001,其他,2AHC-3.1,2850x2600(右) DCC-E*2,DCC-E*2,R/S轴,北中区,2.85,2.60,右,1535.7,116052.51,0-A-标注
4701,X-HLP3-CR-F3-LAY-KPART-04-001,其他,2AHC-3.1,2850x2600(右) DCC-E*2,DCC-E*2,P/Q轴,北中区,2.85,2.60,右,1535.7,101652.51,0-A-标注
4702,X-HLP3-CR-F3-LAY-KPART-04-001,其他,2AHC-3.1,,,M/N轴,北中区,,,,1535.7,87252.51,0-A-标注
4703,X-HLP3-CR-F3-LAY-KPART-04-001,其他,2AHC-3.1,2850x1800(左) DCC-C*2,DCC-C*2,K/L轴,南中区,2.85,1.80,左,1535.7,72852.51,0-A-标注
4704,X-HLP3-CR-F3-LAY-KPART-04-001,其他,2AHC-3.1,2850x1800(左) DCC-C*2,DCC-C*2,H/J轴,南中区,2.85,1.80,左,1535.7,58452.51,0-A-标注
4705,X-HLP3-CR-F3-LAY-KPART-04-001,其他,2AHC-3.1,2850x2300(右) DCC-D,DCC-D,F/G轴,南区,2.85,2.30,右,1535.7,44052.51,0-A-标注
4706,X-HLP3-CR-F3-LAY-KPART-04-001,其他,2AHC-3.1,2365*965 DCC,DCC,D/E轴,南区,2.37,0.96,,1535.7,29652.51,0-A-标注
4707,X-HLP3-CR-F3-LAY-KPART-04-001,其他,2AHC-3.1,,,B/C轴,南区,,,,1535.7,15252.51,0-A-标注
4708,X-HLP3-CR-F3-LAY-KPART-04-001,其他,2AHC-3.1,2365*1165(右) DCC,DCC,K/L轴,南中区,2.37,1.17,右,109860.7,72852.51,0-A-标注
4709,X-HLP3-CR-F3-LAY-KPART-04-001,其他,2AHC-3.1,,,N/P轴,北中区,,,,109860.7,92606.51,0-A-标注
4710,X-HLP3-CR-F3-LAY-KPART-04-001,其他,2AHC-3.1,2400x1300(右) DCC,DCC,K/L轴,南中区,2.40,1.30,右,210660.7,72852.51,0-A-标注
4711,X-HLP3-CR-F3-LAY-KPART-04-001,其他,2AHC-3.1,,,N/P轴,北中区,,,,210660.7,92606.51,0-A-标注
4712,X-HLP3-CR-F3-LAY-KPART-04-001,其他,2AHC-3.1,2850x2300(右) DCC-D,DCC-D,S/T轴,北中区,2.85,2.30,右,39633.4,121613.0,0-A-标注
4713,X-HLP3-CR-F3-LAY-KPART-04-001,其他,2AHC-3.1,,,V/W轴,北区,,,,39633.41,139316.74,0-A-标注
4714,X-HLP3-CR-F3-LAY-KPART-04-001,其他,2AHC-3.1,,,C/D轴,南区,,,,157811.3,17361.89,0-A-标注
4715,X-HLP3-CR-F3-LAY-KPART-04-001,其他,2AHC-3.1,2850x1800(右) DCC-C,DCC-C,E/F轴,南区,2.85,1.80,右,157811.3,37115.89,0-A-标注
4716,X-HLP3-CR-F3-LAY-KPART-04-001,其他,2AHC-3.1,,,C/D轴,南区,,,,204060.7,17361.95,0-A-标注
4717,X-HLP3-CR-F3-LAY-KPART-04-001,其他,2AHC-3.1,2850x1800(左) DCC-C*2,DCC-C*2,E/F轴,南区,2.85,1.80,左,204060.7,37115.95,0-A-标注
4718,X-HLP3-CR-F3-LAY-KPART-04-001,其他,2AHC-3.1,2850x1800(左) DCC-C*2,DCC-C*2,K/L轴,南中区,2.85,1.80,左,10711.52,68460.77,0-A-标注
4719,X-HLP3-CR-F3-LAY-KPART-04-001,其他,2AHC-3.1,2400x1300(右) DCC,DCC,K/L轴,南中区,2.40,1.30,右,223619.67,70285.3,0-A-标注
4720,X-HLP3-CR-F3-LAY-KPART-04-001,其他,2AHC-3.1,2850x2300(右) DCC-D,DCC-D,Q/R轴,北中区,2.85,2.30,右,243872.97,109235.7,0-A-标注
4721,X-HLP3-CR-F3-LAY-KPART-04-001,其他,2AHC-3.1,2000*2300(左) DCC-B,DCC-B,R/S轴,北中区,2.00,2.30,左,188213.7,109556.0,0-A-标注
4722,X-HLP3-CR-F3-LAY-KPART-04-001,其他,2AHC-3.1,2850x2600(左) DCC-E*2,DCC-E*2,R/S轴,北中区,2.85,2.60,左,210065.7,110300.0,0-A-标注
4723,X-HLP3-CR-F3-LAY-KPART-04-001,其他,2AHC-3.1,2850x1800(左) DCC-C*2,DCC-C*2,R/S轴,北中区,2.85,1.80,左,130860.7,109995.5,0-A-标注
4724,X-HLP3-CR-F3-LAY-KPART-04-001,其他,2AHC-3.1,2850x1800(左) DCC-C*2,DCC-C*2,R/S轴,北中区,2.85,1.80,左,109210.7,110300.0,0-A-标注
4725,X-HLP3-CR-F3-LAY-KPART-04-001,其他,2AHC-3.1,2850x2600(右) DCC-E*2,DCC-E*2,R/S轴,北中区,2.85,2.60,右,15660.7,109962.5,0-A-标注
4726,X-HLP3-CR-F3-LAY-KPART-04-001,其他,2AHC-3.1,2850x1800(右) DCC,DCC,G/H轴,南中区,2.85,1.80,右,109260.7,48637.5,0-A-标注
4727,X-HLP3-CR-F3-LAY-KPART-04-001,其他,2AHC-3.1,2000x2600(右) DCC-J*2,DCC-J*2,G/H轴,南中区,2.00,2.60,右,66289.51,48822.19,0-A-标注
4728,X-HLP3-CR-F3-LAY-KPART-04-001,其他,2AHC-3.1,2850x1800(右) DCC-C*2,DCC-C*2,G/H轴,南中区,2.85,1.80,右,15485.7,48290.0,0-A-标注
4729,X-HLP3-CR-F3-LAY-KPART-04-001,其他,2AHC-3.1,2850x2600(右) DCC-E,DCC-E,G/H轴,南中区,2.85,2.60,右,209945.7,48637.5,0-A-标注
4730,X-HLP3-CR-F3-LAY-KPART-04-001,其他,2AHC-3.1,2000*2300(左) DCC-B,DCC-B,G/H轴,南中区,2.00,2.30,左,188460.7,48387.5,0-A-标注
4731,X-HLP3-CR-F3-LAY-KPART-04-001,柱,柱位牌,3500x2300(左) DCC-F,DCC-F,W/X轴,北区,3.50,2.30,左,7215.28,151200.0,0-A-柱位牌
4732,X-HLP3-CR-F3-LAY-KPART-04-001,柱,柱位牌,2400x1300(右) DCC,DCC,W/X轴,北区,2.40,1.30,右,14415.28,151200.0,0-A-柱位牌
4733,X-HLP3-CR-F3-LAY-KPART-04-001,柱,柱位牌,3500x2300(左) DCC-F,DCC-F,W/X轴,北区,3.50,2.30,左,21615.28,151200.0,0-A-柱位牌
4734,X-HLP3-CR-F3-LAY-KPART-04-001,柱,柱位牌,2400x1300(右) DCC,DCC,W/X轴,北区,2.40,1.30,右,28815.28,151200.0,0-A-柱位牌
4735,X-HLP3-CR-F3-LAY-KPART-04-001,柱,柱位牌,MD 1200x2200 DCC-F*2,DCC-F*2,W/X轴,北区,1.20,2.20,,36015.28,151200.0,0-A-柱位牌
4736,X-HLP3-CR-F3-LAY-KPART-04-001,柱,柱位牌,3500x2300(左) DCC-F,DCC-F,W/X轴,北区,3.50,2.30,左,43215.28,151200.0,0-A-柱位牌
4737,X-HLP3-CR-F3-LAY-KPART-04-001,柱,柱位牌,MD 1200x2200,,W/X轴,北区,1.20,2.20,,50415.28,151200.0,0-A-柱位牌
4738,X-HLP3-CR-F3-LAY-KPART-04-001,柱,柱位牌,3500x2300(左) DCC-F,DCC-F,W/X轴,北区,3.50,2.30,左,57579.73,151200.0,0-A-柱位牌
4739,X-HLP3-CR-F3-LAY-KPART-04-001,柱,柱位牌,3500x2300(左) DCC-F,DCC-F,W/X轴,北区,3.50,2.30,左,64815.28,151200.0,0-A-柱位牌
4740,X-HLP3-CR-F3-LAY-KPART-04-001,柱,柱位牌,3500x2300(左) DCC-F,DCC-F,W/X轴,北区,3.50,2.30,左,72015.28,151200.0,0-A-柱位牌
4741,X-HLP3-CR-F3-LAY-KPART-04-001,柱,柱位牌,MD 1200x2200 DCC-F,DCC-F,W/X轴,北区,1.20,2.20,,79215.28,151200.0,0-A-柱位牌
4742,X-HLP3-CR-F3-LAY-KPART-04-001,柱,柱位牌,MD 1200x2200,,W/X轴,北区,1.20,2.20,,86415.28,151200.0,0-A-柱位牌
4743,X-HLP3-CR-F3-LAY-KPART-04-001,柱,柱位牌,3500x2300(左) DCC-F,DCC-F,W/X轴,北区,3.50,2.30,左,93615.28,151200.0,0-A-柱位牌
4744,X-HLP3-CR-F3-LAY-KPART-04-001,柱,柱位牌,3500x2300(左) DCC-F,DCC-F,W/X轴,北区,3.50,2.30,左,100815.28,151200.0,0-A-柱位牌
4745,X-HLP3-CR-F3-LAY-KPART-04-001,柱,柱位牌,3500x2300(左) DCC-F,DCC-F,W/X轴,北区,3.50,2.30,左,108015.28,151200.0,0-A-柱位牌
4746,X-HLP3-CR-F3-LAY-KPART-04-001,柱,柱位牌,MD 1200x2200,,W/X轴,北区,1.20,2.20,,115215.28,151200.0,0-A-柱位牌
4747,X-HLP3-CR-F3-LAY-KPART-04-001,柱,柱位牌,3500x2300(左) DCC-F,DCC-F,W/X轴,北区,3.50,2.30,左,122358.42,151200.0,0-A-柱位牌
4748,X-HLP3-CR-F3-LAY-KPART-04-001,柱,柱位牌,3500x2300(左) DCC-F,DCC-F,W/X轴,北区,3.50,2.30,左,129615.28,151200.0,0-A-柱位牌
4749,X-HLP3-CR-F3-LAY-KPART-04-001,柱,柱位牌,MD 1200x2200,,W/X轴,北区,1.20,2.20,,136815.28,151200.0,0-A-柱位牌
4750,X-HLP3-CR-F3-LAY-KPART-04-001,柱,柱位牌,3500x2300(左) DCC-F*2,DCC-F*2,W/X轴,北区,3.50,2.30,左,144015.28,151200.0,0-A-柱位牌
4751,X-HLP3-CR-F3-LAY-KPART-04-001,柱,柱位牌,3500x2300(左) DCC-F,DCC-F,W/X轴,北区,3.50,2.30,左,151215.28,151200.0,0-A-柱位牌
4752,X-HLP3-CR-F3-LAY-KPART-04-001,柱,柱位牌,3500x2300(左) DCC-F,DCC-F,W/X轴,北区,3.50,2.30,左,158415.28,151200.0,0-A-柱位牌
4753,X-HLP3-CR-F3-LAY-KPART-04-001,柱,柱位牌,3500x2300(左) DCC-F,DCC-F,W/X轴,北区,3.50,2.30,左,165615.28,151200.0,0-A-柱位牌
4754,X-HLP3-CR-F3-LAY-KPART-04-001,柱,柱位牌,MD 1200x2200,,W/X轴,北区,1.20,2.20,,172815.28,151200.0,0-A-柱位牌
4755,X-HLP3-CR-F3-LAY-KPART-04-001,柱,柱位牌,3500x2300(左) DCC-F,DCC-F,W/X轴,北区,3.50,2.30,左,179962.59,151200.0,0-A-柱位牌
4756,X-HLP3-CR-F3-LAY-KPART-04-001,柱,柱位牌,3500x2300(左) DCC-F,DCC-F,W/X轴,北区,3.50,2.30,左,187215.28,151200.0,0-A-柱位牌
4757,X-HLP3-CR-F3-LAY-KPART-04-001,柱,柱位牌,3500x2300(左) DCC-F,DCC-F,W/X轴,北区,3.50,2.30,左,194415.28,151200.0,0-A-柱位牌
4758,X-HLP3-CR-F3-LAY-KPART-04-001,柱,柱位牌,MD 1200x2200,,W/X轴,北区,1.20,2.20,,201615.28,151200.0,0-A-柱位牌
4759,X-HLP3-CR-F3-LAY-KPART-04-001,柱,柱位牌,3500x2300(左) DCC-F,DCC-F,W/X轴,北区,3.50,2.30,左,208815.28,151200.0,0-A-柱位牌
4760,X-HLP3-CR-F3-LAY-KPART-04-001,柱,柱位牌,3500x2300(左) DCC-F,DCC-F,W/X轴,北区,3.50,2.30,左,216015.28,151200.0,0-A-柱位牌
4761,X-HLP3-CR-F3-LAY-KPART-04-001,柱,柱位牌,3500x2300(左) DCC-F,DCC-F,W/X轴,北区,3.50,2.30,左,223215.28,151200.0,0-A-柱位牌
4762,X-HLP3-CR-F3-LAY-KPART-04-001,柱,柱位牌,MD 1200x2200,,W/X轴,北区,1.20,2.20,,230392.13,151200.0,0-A-柱位牌
4763,X-HLP3-CR-F3-LAY-KPART-04-001,柱,柱位牌,3500x2300(左) DCC-F,DCC-F,W/X轴,北区,3.50,2.30,左,237623.98,151200.0,0-A-柱位牌
4764,X-HLP3-CR-F3-LAY-KPART-04-001,柱,柱位牌,2850x2600(右) DCC-E*2,DCC-E*2,Q/R轴,北中区,2.85,2.60,右,7215.28,107507.76,0-A-柱位牌
4765,X-HLP3-CR-F3-LAY-KPART-04-001,柱,柱位牌,2850x2600(右) DCC-E*2,DCC-E*2,Q/R轴,北中区,2.85,2.60,右,14415.28,107507.76,0-A-柱位牌
4766,X-HLP3-CR-F3-LAY-KPART-04-001,柱,柱位牌,2850x2600(右) DCC-E*2,DCC-E*2,Q/R轴,北中区,2.85,2.60,右,21615.28,107507.76,0-A-柱位牌
4767,X-HLP3-CR-F3-LAY-KPART-04-001,柱,柱位牌,2850x1800(右) DCC-C*2,DCC-C*2,Q/R轴,北中区,2.85,1.80,右,28815.28,107507.76,0-A-柱位牌
4768,X-HLP3-CR-F3-LAY-KPART-04-001,柱,柱位牌,2850x2600(右) DCC-E*2,DCC-E*2,Q/R轴,北中区,2.85,2.60,右,36015.28,107507.76,0-A-柱位牌
4769,X-HLP3-CR-F3-LAY-KPART-04-001,柱,柱位牌,2850x1800(右) DCC-C*2,DCC-C*2,Q/R轴,北中区,2.85,1.80,右,43215.28,107507.76,0-A-柱位牌
4770,X-HLP3-CR-F3-LAY-KPART-04-001,柱,柱位牌,2850x2600(右) DCC-E*2,DCC-E*2,Q/R轴,北中区,2.85,2.60,右,50415.28,107507.76,0-A-柱位牌
4771,X-HLP3-CR-F3-LAY-KPART-04-001,柱,柱位牌,2000*2300(右) DCC-B,DCC-B,Q/R轴,北中区,2.00,2.30,右,57579.73,107507.76,0-A-柱位牌
4772,X-HLP3-CR-F3-LAY-KPART-04-001,柱,柱位牌,2000*2300(右) DCC-B,DCC-B,Q/R轴,北中区,2.00,2.30,右,64815.28,107507.76,0-A-柱位牌
4773,X-HLP3-CR-F3-LAY-KPART-04-001,柱,柱位牌,2000x2600(右) DCC-C*2,DCC-C*2,Q/R轴,北中区,2.00,2.60,右,72015.28,107507.76,0-A-柱位牌
4774,X-HLP3-CR-F3-LAY-KPART-04-001,柱,柱位牌,2850x1800(右) DCC-C*2,DCC-C*2,Q/R轴,北中区,2.85,1.80,右,79215.28,107507.76,0-A-柱位牌
4775,X-HLP3-CR-F3-LAY-KPART-04-001,柱,柱位牌,2850x2600(右) DCC-E*2,DCC-E*2,Q/R轴,北中区,2.85,2.60,右,86415.28,107507.76,0-A-柱位牌
4776,X-HLP3-CR-F3-LAY-KPART-04-001,柱,柱位牌,2850x1800(右) DCC-C*2,DCC-C*2,Q/R轴,北中区,2.85,1.80,右,93615.28,107507.76,0-A-柱位牌
4777,X-HLP3-CR-F3-LAY-KPART-04-001,柱,柱位牌,2850x1800(右) DCC-C*2,DCC-C*2,Q/R轴,北中区,2.85,1.80,右,100815.28,107507.76,0-A-柱位牌
4778,X-HLP3-CR-F3-LAY-KPART-04-001,柱,柱位牌,2850x2600(右) DCC-E*2,DCC-E*2,Q/R轴,北中区,2.85,2.60,右,108015.28,107507.76,0-A-柱位牌
4779,X-HLP3-CR-F3-LAY-KPART-04-001,柱,柱位牌,2000x1800(左) DCC,DCC,Q/R轴,北中区,2.00,1.80,左,115215.28,107507.76,0-A-柱位牌
4780,X-HLP3-CR-F3-LAY-KPART-04-001,柱,柱位牌,2850x2300(左) DCC,DCC,Q/R轴,北中区,2.85,2.30,左,122358.42,107507.76,0-A-柱位牌
4781,X-HLP3-CR-F3-LAY-KPART-04-001,柱,柱位牌,2850x2300(左) DCC,DCC,Q/R轴,北中区,2.85,2.30,左,129615.28,107507.76,0-A-柱位牌
4782,X-HLP3-CR-F3-LAY-KPART-04-001,柱,柱位牌,2850x2300(左) DCC,DCC,Q/R轴,北中区,2.85,2.30,左,136815.28,107507.76,0-A-柱位牌
4783,X-HLP3-CR-F3-LAY-KPART-04-001,柱,柱位牌,2850x2300(左) DCC,DCC,Q/R轴,北中区,2.85,2.30,左,144015.28,107507.76,0-A-柱位牌
4784,X-HLP3-CR-F3-LAY-KPART-04-001,柱,柱位牌,2850x2300(左) DCC,DCC,Q/R轴,北中区,2.85,2.30,左,151215.28,107507.76,0-A-柱位牌
4785,X-HLP3-CR-F3-LAY-KPART-04-001,柱,柱位牌,2850x2300(左) DCC,DCC,Q/R轴,北中区,2.85,2.30,左,158415.28,107507.76,0-A-柱位牌
4786,X-HLP3-CR-F3-LAY-KPART-04-001,柱,柱位牌,2850x2300(左) DCC,DCC,Q/R轴,北中区,2.85,2.30,左,165615.28,107507.76,0-A-柱位牌
4787,X-HLP3-CR-F3-LAY-KPART-04-001,柱,柱位牌,2850x2300(左) DCC,DCC,Q/R轴,北中区,2.85,2.30,左,172815.28,107507.76,0-A-柱位牌
4788,X-HLP3-CR-F3-LAY-KPART-04-001,柱,柱位牌,2850x2300(左) DCC,DCC,Q/R轴,北中区,2.85,2.30,左,179962.59,107507.76,0-A-柱位牌
4789,X-HLP3-CR-F3-LAY-KPART-04-001,柱,柱位牌,2000*2300(左) DCC,DCC,Q/R轴,北中区,2.00,2.30,左,187215.28,107507.76,0-A-柱位牌
4790,X-HLP3-CR-F3-LAY-KPART-04-001,柱,柱位牌,2850x2300(左) DCC,DCC,Q/R轴,北中区,2.85,2.30,左,194415.28,107507.76,0-A-柱位牌
4791,X-HLP3-CR-F3-LAY-KPART-04-001,柱,柱位牌,2850x2300(左) DCC,DCC,Q/R轴,北中区,2.85,2.30,左,201615.28,107507.76,0-A-柱位牌
4792,X-HLP3-CR-F3-LAY-KPART-04-001,柱,柱位牌,2850x2300(左) DCC,DCC,Q/R轴,北中区,2.85,2.30,左,208815.28,107507.76,0-A-柱位牌
4793,X-HLP3-CR-F3-LAY-KPART-04-001,柱,柱位牌,2850x2300(左) DCC,DCC,Q/R轴,北中区,2.85,2.30,左,216015.28,107507.76,0-A-柱位牌
4794,X-HLP3-CR-F3-LAY-KPART-04-001,柱,柱位牌,2850x2300(左) DCC,DCC,Q/R轴,北中区,2.85,2.30,左,223215.28,107507.76,0-A-柱位牌
4795,X-HLP3-CR-F3-LAY-KPART-04-001,柱,柱位牌,2850x2300(左) DCC,DCC,Q/R轴,北中区,2.85,2.30,左,230392.13,107507.76,0-A-柱位牌
4796,X-HLP3-CR-F3-LAY-KPART-04-001,柱,柱位牌,2000x2300(右) DCC-B,DCC-B,Q/R轴,北中区,2.00,2.30,右,237623.98,107507.76,0-A-柱位牌
4797,X-HLP3-CR-F3-LAY-KPART-04-001,柱,柱位牌,2850x1800(左) DCC-C*2,DCC-C*2,G/H轴,南中区,2.85,1.80,左,7215.28,50704.76,0-A-柱位牌
4798,X-HLP3-CR-F3-LAY-KPART-04-001,柱,柱位牌,2850x1800(右) DCC-C*2,DCC-C*2,G/H轴,南中区,2.85,1.80,右,14415.28,50704.76,0-A-柱位牌
4799,X-HLP3-CR-F3-LAY-KPART-04-001,柱,柱位牌,2850x1800(右) DCC-C*2,DCC-C*2,G/H轴,南中区,2.85,1.80,右,21615.28,50704.76,0-A-柱位牌
4800,X-HLP3-CR-F3-LAY-KPART-04-001,柱,柱位牌,2850x1800(右) DCC-C*2,DCC-C*2,G/H轴,南中区,2.85,1.80,右,28815.28,50704.76,0-A-柱位牌
4801,X-HLP3-CR-F3-LAY-KPART-04-001,柱,柱位牌,2850x1800(右) DCC-C*2,DCC-C*2,G/H轴,南中区,2.85,1.80,右,36015.28,50704.76,0-A-柱位牌
4802,X-HLP3-CR-F3-LAY-KPART-04-001,柱,柱位牌,2850x1800(右) DCC-C*2,DCC-C*2,G/H轴,南中区,2.85,1.80,右,43215.28,50704.76,0-A-柱位牌
4803,X-HLP3-CR-F3-LAY-KPART-04-001,柱,柱位牌,2850x2600(右) DCC-E*2,DCC-E*2,G/H轴,南中区,2.85,2.60,右,50415.28,50704.76,0-A-柱位牌
4804,X-HLP3-CR-F3-LAY-KPART-04-001,柱,柱位牌,2000*2300(右) DCC-B,DCC-B,G/H轴,南中区,2.00,2.30,右,57579.73,50704.76,0-A-柱位牌
4805,X-HLP3-CR-F3-LAY-KPART-04-001,柱,柱位牌,2000*2300(右) DCC-B,DCC-B,G/H轴,南中区,2.00,2.30,右,64815.28,50704.76,0-A-柱位牌
4806,X-HLP3-CR-F3-LAY-KPART-04-001,柱,柱位牌,2000x2600(右) DCC-J*2,DCC-J*2,G/H轴,南中区,2.00,2.60,右,72015.28,50704.76,0-A-柱位牌
4807,X-HLP3-CR-F3-LAY-KPART-04-001,柱,柱位牌,2850x1800(右) DCC-C*2,DCC-C*2,G/H轴,南中区,2.85,1.80,右,79215.28,50704.76,0-A-柱位牌
4808,X-HLP3-CR-F3-LAY-KPART-04-001,柱,柱位牌,2850x2600(右) DCC-E*2,DCC-E*2,G/H轴,南中区,2.85,2.60,右,86415.28,50704.76,0-A-柱位牌
4809,X-HLP3-CR-F3-LAY-KPART-04-001,柱,柱位牌,2850x2600(右) DCC-E*2,DCC-E*2,G/H轴,南中区,2.85,2.60,右,93615.28,50704.76,0-A-柱位牌
4810,X-HLP3-CR-F3-LAY-KPART-04-001,柱,柱位牌,2850x2600(右) DCC-E*2,DCC-E*2,G/H轴,南中区,2.85,2.60,右,100815.28,50704.76,0-A-柱位牌
4811,X-HLP3-CR-F3-LAY-KPART-04-001,柱,柱位牌,2850x2300(右) DCC,DCC,G/H轴,南中区,2.85,2.30,右,108015.28,50704.76,0-A-柱位牌
4812,X-HLP3-CR-F3-LAY-KPART-04-001,柱,柱位牌,2850x2300(右) DCC,DCC,G/H轴,南中区,2.85,2.30,右,115215.28,50704.76,0-A-柱位牌
4813,X-HLP3-CR-F3-LAY-KPART-04-001,柱,柱位牌,2850x2300(右) DCC,DCC,G/H轴,南中区,2.85,2.30,右,122358.42,50704.76,0-A-柱位牌
4814,X-HLP3-CR-F3-LAY-KPART-04-001,柱,柱位牌,2365x765 DCC,DCC,G/H轴,南中区,2.37,0.77,,129615.28,50704.76,0-A-柱位牌
4815,X-HLP3-CR-F3-LAY-KPART-04-001,柱,柱位牌,2850x2300(右) DCC,DCC,G/H轴,南中区,2.85,2.30,右,136815.28,50704.76,0-A-柱位牌
4816,X-HLP3-CR-F3-LAY-KPART-04-001,柱,柱位牌,2850x2300(右) DCC,DCC,G/H轴,南中区,2.85,2.30,右,144015.28,50704.76,0-A-柱位牌
4817,X-HLP3-CR-F3-LAY-KPART-04-001,柱,柱位牌,2850x2300(右) DCC,DCC,G/H轴,南中区,2.85,2.30,右,151215.28,50704.76,0-A-柱位牌
4818,X-HLP3-CR-F3-LAY-KPART-04-001,柱,柱位牌,2850x2300(右) DCC,DCC,G/H轴,南中区,2.85,2.30,右,158415.28,50704.76,0-A-柱位牌
4819,X-HLP3-CR-F3-LAY-KPART-04-001,柱,柱位牌,2850x2300(右) DCC,DCC,G/H轴,南中区,2.85,2.30,右,165615.28,50704.76,0-A-柱位牌
4820,X-HLP3-CR-F3-LAY-KPART-04-001,柱,柱位牌,2850x2300(右) DCC,DCC,G/H轴,南中区,2.85,2.30,右,172815.28,50704.76,0-A-柱位牌
4821,X-HLP3-CR-F3-LAY-KPART-04-001,柱,柱位牌,2850x2300(右) DCC,DCC,G/H轴,南中区,2.85,2.30,右,179962.59,50704.76,0-A-柱位牌
4822,X-HLP3-CR-F3-LAY-KPART-04-001,柱,柱位牌,2000*2300(左) DCC,DCC,G/H轴,南中区,2.00,2.30,左,187215.28,50704.76,0-A-柱位牌
4823,X-HLP3-CR-F3-LAY-KPART-04-001,柱,柱位牌,2850x2300(右) DCC,DCC,G/H轴,南中区,2.85,2.30,右,194415.28,50704.76,0-A-柱位牌
4824,X-HLP3-CR-F3-LAY-KPART-04-001,柱,柱位牌,2850x2300(右) DCC,DCC,G/H轴,南中区,2.85,2.30,右,201615.28,50704.76,0-A-柱位牌
4825,X-HLP3-CR-F3-LAY-KPART-04-001,柱,柱位牌,2850x2600(右) DCC-E,DCC-E,G/H轴,南中区,2.85,2.60,右,208815.28,50704.76,0-A-柱位牌
4826,X-HLP3-CR-F3-LAY-KPART-04-001,柱,柱位牌,2850x2600(右) DCC-E,DCC-E,G/H轴,南中区,2.85,2.60,右,216015.28,50704.76,0-A-柱位牌
4827,X-HLP3-CR-F3-LAY-KPART-04-001,柱,柱位牌,2850x2300(右) DCC-D*2,DCC-D*2,G/H轴,南中区,2.85,2.30,右,223215.28,50704.76,0-A-柱位牌
4828,X-HLP3-CR-F3-LAY-KPART-04-001,柱,柱位牌,2365x765 DCC,DCC,G/H轴,南中区,2.37,0.77,,230392.13,50704.76,0-A-柱位牌
4829,X-HLP3-CR-F3-LAY-KPART-04-001,柱,柱位牌,2000*2300(左) DCC-B,DCC-B,G/H轴,南中区,2.00,2.30,左,237623.98,50704.76,0-A-柱位牌
4830,X-HLP3-CR-F3-LAY-KPART-04-001,柱,柱位牌,3500x2300(左) DCC-F,DCC-F,A/B轴,南区,3.50,2.30,左,7215.28,6957.76,0-A-柱位牌
4831,X-HLP3-CR-F3-LAY-KPART-04-001,柱,柱位牌,3500x2300(左) DCC-F,DCC-F,A/B轴,南区,3.50,2.30,左,14415.28,6957.76,0-A-柱位牌
4832,X-HLP3-CR-F3-LAY-KPART-04-001,柱,柱位牌,3500x2300(左) DCC-F,DCC-F,A/B轴,南区,3.50,2.30,左,21615.28,6957.76,0-A-柱位牌
4833,X-HLP3-CR-F3-LAY-KPART-04-001,柱,柱位牌,MD 1200x2200,,A/B轴,南区,1.20,2.20,,28815.28,6957.76,0-A-柱位牌
4834,X-HLP3-CR-F3-LAY-KPART-04-001,柱,柱位牌,3500x2300(左) DCC-F,DCC-F,A/B轴,南区,3.50,2.30,左,36015.28,6957.76,0-A-柱位牌
4835,X-HLP3-CR-F3-LAY-KPART-04-001,柱,柱位牌,100X100,,A/B轴,南区,0.10,0.10,,43215.28,6957.76,0-A-柱位牌
4836,X-HLP3-CR-F3-LAY-KPART-04-001,柱,柱位牌,3500x2300(左) DCC-F,DCC-F,A/B轴,南区,3.50,2.30,左,50415.28,6957.76,0-A-柱位牌
4837,X-HLP3-CR-F3-LAY-KPART-04-001,柱,柱位牌,MD 1200x2200,,A/B轴,南区,1.20,2.20,,57579.73,6957.76,0-A-柱位牌
4838,X-HLP3-CR-F3-LAY-KPART-04-001,柱,柱位牌,3500x2300(左) DCC-F,DCC-F,A/B轴,南区,3.50,2.30,左,64815.28,6957.76,0-A-柱位牌
4839,X-HLP3-CR-F3-LAY-KPART-04-001,柱,柱位牌,3500x2300(左) DCC-F,DCC-F,A/B轴,南区,3.50,2.30,左,72015.28,6957.76,0-A-柱位牌
4840,X-HLP3-CR-F3-LAY-KPART-04-001,柱,柱位牌,3500x2300(左) DCC-F,DCC-F,A/B轴,南区,3.50,2.30,左,79215.28,6957.76,0-A-柱位牌
4841,X-HLP3-CR-F3-LAY-KPART-04-001,柱,柱位牌,3500x2300(左) DCC-F,DCC-F,A/B轴,南区,3.50,2.30,左,86415.28,6957.76,0-A-柱位牌
4842,X-HLP3-CR-F3-LAY-KPART-04-001,柱,柱位牌,3500x2300(左) DCC-F,DCC-F,A/B轴,南区,3.50,2.30,左,93615.28,6957.76,0-A-柱位牌
4843,X-HLP3-CR-F3-LAY-KPART-04-001,柱,柱位牌,3500x2300(左) DCC-F,DCC-F,A/B轴,南区,3.50,2.30,左,100815.28,6957.76,0-A-柱位牌
4844,X-HLP3-CR-F3-LAY-KPART-04-001,柱,柱位牌,3500x2300(左) DCC-F,DCC-F,A/B轴,南区,3.50,2.30,左,108015.28,6957.76,0-A-柱位牌
4845,X-HLP3-CR-F3-LAY-KPART-04-001,柱,柱位牌,MD 1200x2200,,A/B轴,南区,1.20,2.20,,115215.28,6957.76,0-A-柱位牌
4846,X-HLP3-CR-F3-LAY-KPART-04-001,柱,柱位牌,3500x2300(左) DCC-F,DCC-F,A/B轴,南区,3.50,2.30,左,122358.42,6957.76,0-A-柱位牌
4847,X-HLP3-CR-F3-LAY-KPART-04-001,柱,柱位牌,3500x2300(左) DCC-F,DCC-F,A/B轴,南区,3.50,2.30,左,129615.28,6957.76,0-A-柱位牌
4848,X-HLP3-CR-F3-LAY-KPART-04-001,柱,柱位牌,3500x2300(左) DCC-F,DCC-F,A/B轴,南区,3.50,2.30,左,136815.28,6957.76,0-A-柱位牌
4849,X-HLP3-CR-F3-LAY-KPART-04-001,柱,柱位牌,3500x2300(右) DCC-F,DCC-F,A/B轴,南区,3.50,2.30,右,144015.28,6957.76,0-A-柱位牌
4850,X-HLP3-CR-F3-LAY-KPART-04-001,柱,柱位牌,3500x2300(右),,A/B轴,南区,3.50,2.30,右,151215.28,6957.76,0-A-柱位牌
4851,X-HLP3-CR-F3-LAY-KPART-04-001,柱,柱位牌,3500x2300(右) DCC-F,DCC-F,A/B轴,南区,3.50,2.30,右,158415.28,6957.76,0-A-柱位牌
4852,X-HLP3-CR-F3-LAY-KPART-04-001,柱,柱位牌,3500x2300(右) DCC-F,DCC-F,A/B轴,南区,3.50,2.30,右,165615.28,6957.76,0-A-柱位牌
4853,X-HLP3-CR-F3-LAY-KPART-04-001,柱,柱位牌,3500x2300(右) DCC-F,DCC-F,A/B轴,南区,3.50,2.30,右,172815.28,6957.76,0-A-柱位牌
4854,X-HLP3-CR-F3-LAY-KPART-04-001,柱,柱位牌,3500x2300(右) DCC-F,DCC-F,A/B轴,南区,3.50,2.30,右,179962.59,6957.76,0-A-柱位牌
4855,X-HLP3-CR-F3-LAY-KPART-04-001,柱,柱位牌,3500x2300(右) DCC-F,DCC-F,A/B轴,南区,3.50,2.30,右,187215.28,6957.76,0-A-柱位牌
4856,X-HLP3-CR-F3-LAY-KPART-04-001,柱,柱位牌,3500x2300(右) DCC-F*2,DCC-F*2,A/B轴,南区,3.50,2.30,右,194415.28,6957.76,0-A-柱位牌
4857,X-HLP3-CR-F3-LAY-KPART-04-001,柱,柱位牌,MD 1200x2200 DCC-F,DCC-F,A/B轴,南区,1.20,2.20,,201615.28,6957.76,0-A-柱位牌
4858,X-HLP3-CR-F3-LAY-KPART-04-001,柱,柱位牌,3500x2300(右) DCC-F,DCC-F,A/B轴,南区,3.50,2.30,右,208815.28,6957.76,0-A-柱位牌
4859,X-HLP3-CR-F3-LAY-KPART-04-001,柱,柱位牌,3500x2300(右) DCC-F,DCC-F,A/B轴,南区,3.50,2.30,右,216015.28,6957.76,0-A-柱位牌
4860,X-HLP3-CR-F3-LAY-KPART-04-001,柱,柱位牌,3500x2300(右) DCC-F,DCC-F,A/B轴,南区,3.50,2.30,右,223215.28,6957.76,0-A-柱位牌
4861,X-HLP3-CR-F3-LAY-KPART-04-001,柱,柱位牌,MD 1200x2200,,A/B轴,南区,1.20,2.20,,230392.13,6957.76,0-A-柱位牌
4862,X-HLP3-CR-F3-LAY-KPART-04-001,柱,柱位牌,3500x2300(右) DCC-F,DCC-F,A/B轴,南区,3.50,2.30,右,237623.98,6957.76,0-A-柱位牌
4863,X-HLP3-CR-F3-LAY-KPART-04-001,柱,柱位牌,,,V/W轴,北区,,,,65150.0,143996.24,0-A-柱位牌
4864,X-HLP3-CR-F3-LAY-KPART-04-001,柱,柱位牌,,,U/V轴,北中区,,,,65150.0,136733.0,0-A-柱位牌
4865,X-HLP3-CR-F3-LAY-KPART-04-001,柱,柱位牌,,,T/U轴,北中区,,,,65150.0,129533.0,0-A-柱位牌
4866,X-HLP3-CR-F3-LAY-KPART-04-001,柱,柱位牌,,,S/T轴,北中区,,,,65150.0,122374.0,0-A-柱位牌
4867,X-HLP3-CR-F3-LAY-KPART-04-001,柱,柱位牌,2850x1800(右) DCC-C*2,DCC-C*2,R/S轴,北中区,2.85,1.80,右,65150.0,115179.0,0-A-柱位牌
4868,X-HLP3-CR-F3-LAY-KPART-04-001,柱,柱位牌,,,V/W轴,北区,,,,129057.76,143996.24,0-A-柱位牌
4869,X-HLP3-CR-F3-LAY-KPART-04-001,柱,柱位牌,,,U/V轴,北中区,,,,129057.76,136733.0,0-A-柱位牌
4870,X-HLP3-CR-F3-LAY-KPART-04-001,柱,柱位牌,,,T/U轴,北中区,,,,129057.76,129533.0,0-A-柱位牌
4871,X-HLP3-CR-F3-LAY-KPART-04-001,柱,柱位牌,2850x2600(右) DCC-E,DCC-E,S/T轴,北中区,2.85,2.60,右,129057.76,122374.0,0-A-柱位牌
4872,X-HLP3-CR-F3-LAY-KPART-04-001,柱,柱位牌,2850x2600(右),,R/S轴,北中区,2.85,2.60,右,129057.76,115179.0,0-A-柱位牌
4873,X-HLP3-CR-F3-LAY-KPART-04-001,柱,柱位牌,,,V/W轴,北区,,,,186636.1,143996.24,0-A-柱位牌
4874,X-HLP3-CR-F3-LAY-KPART-04-001,柱,柱位牌,,,U/V轴,北中区,,,,186636.1,136733.0,0-A-柱位牌
4875,X-HLP3-CR-F3-LAY-KPART-04-001,柱,柱位牌,,,T/U轴,北中区,,,,186636.1,129533.0,0-A-柱位牌
4876,X-HLP3-CR-F3-LAY-KPART-04-001,柱,柱位牌,,,S/T轴,北中区,,,,186636.1,122374.0,0-A-柱位牌
4877,X-HLP3-CR-F3-LAY-KPART-04-001,柱,柱位牌,2000*2300(左) DCC-B,DCC-B,R/S轴,北中区,2.00,2.30,左,186636.1,115179.0,0-A-柱位牌
4878,X-HLP3-CR-F3-LAY-KPART-04-001,柱,柱位牌,,,V/W轴,北区,,,,238072.76,143996.24,0-A-柱位牌
4879,X-HLP3-CR-F3-LAY-KPART-04-001,柱,柱位牌,,,U/V轴,北中区,,,,238072.76,136733.0,0-A-柱位牌
4880,X-HLP3-CR-F3-LAY-KPART-04-001,柱,柱位牌,,,T/U轴,北中区,,,,238072.76,129533.0,0-A-柱位牌
4881,X-HLP3-CR-F3-LAY-KPART-04-001,柱,柱位牌,2850x2300(右) DCC-D,DCC-D,S/T轴,北中区,2.85,2.30,右,238072.76,122374.0,0-A-柱位牌
4882,X-HLP3-CR-F3-LAY-KPART-04-001,柱,柱位牌,2850x2300(右) DCC-D,DCC-D,R/S轴,北中区,2.85,2.30,右,237157.76,114900.0,0-A-柱位牌
4883,X-HLP3-CR-F3-LAY-KPART-04-001,柱,柱位牌,2000*2300(右) DCC-B,DCC-B,P/Q轴,北中区,2.00,2.30,右,65150.0,100773.0,0-A-柱位牌
4884,X-HLP3-CR-F3-LAY-KPART-04-001,柱,柱位牌,,,N/P轴,北中区,,,,65150.0,93573.0,0-A-柱位牌
4885,X-HLP3-CR-F3-LAY-KPART-04-001,柱,柱位牌,,,M/N轴,北中区,,,,65150.0,86333.55,0-A-柱位牌
4886,X-HLP3-CR-F3-LAY-KPART-04-001,柱,柱位牌,,,L/M轴,北中区,,,,65150.0,79173.0,0-A-柱位牌
4887,X-HLP3-CR-F3-LAY-KPART-04-001,柱,柱位牌,,,K/L轴,南中区,,,,65150.0,71933.55,0-A-柱位牌
4888,X-HLP3-CR-F3-LAY-KPART-04-001,柱,柱位牌,,,J/K轴,南中区,,,,65150.0,64773.0,0-A-柱位牌
4889,X-HLP3-CR-F3-LAY-KPART-04-001,柱,柱位牌,2000*2300(右) DCC-B,DCC-B,H/J轴,南中区,2.00,2.30,右,65150.0,57573.0,0-A-柱位牌
4890,X-HLP3-CR-F3-LAY-KPART-04-001,柱,柱位牌,2850x2300(左) DCC,DCC,P/Q轴,北中区,2.85,2.30,左,129200.0,100773.0,0-A-柱位牌
4891,X-HLP3-CR-F3-LAY-KPART-04-001,柱,柱位牌,,,N/P轴,北中区,,,,129200.0,93573.0,0-A-柱位牌
4892,X-HLP3-CR-F3-LAY-KPART-04-001,柱,柱位牌,,,M/N轴,北中区,,,,129200.0,86333.55,0-A-柱位牌
4893,X-HLP3-CR-F3-LAY-KPART-04-001,柱,柱位牌,,,L/M轴,北中区,,,,129200.0,79173.0,0-A-柱位牌
4894,X-HLP3-CR-F3-LAY-KPART-04-001,柱,柱位牌,2365*1165(左) DCC,DCC,K/L轴,南中区,2.37,1.17,左,129200.0,71933.55,0-A-柱位牌
4895,X-HLP3-CR-F3-LAY-KPART-04-001,柱,柱位牌,2365*1165(左) DCC,DCC,J/K轴,南中区,2.37,1.17,左,129200.0,64773.0,0-A-柱位牌
4896,X-HLP3-CR-F3-LAY-KPART-04-001,柱,柱位牌,2365*1165(左) DCC,DCC,H/J轴,南中区,2.37,1.17,左,129200.0,57573.0,0-A-柱位牌
4897,X-HLP3-CR-F3-LAY-KPART-04-001,柱,柱位牌,2000*2300(左) DCC,DCC,P/Q轴,北中区,2.00,2.30,左,186853.34,100773.0,0-A-柱位牌
4898,X-HLP3-CR-F3-LAY-KPART-04-001,柱,柱位牌,,,N/P轴,北中区,,,,186853.34,93573.0,0-A-柱位牌
4899,X-HLP3-CR-F3-LAY-KPART-04-001,柱,柱位牌,2400x1300(右) DCC,DCC,M/N轴,北中区,2.40,1.30,右,186853.34,86333.55,0-A-柱位牌
4900,X-HLP3-CR-F3-LAY-KPART-04-001,柱,柱位牌,2400x1300(右) DCC,DCC,L/M轴,北中区,2.40,1.30,右,186853.34,79173.0,0-A-柱位牌
4901,X-HLP3-CR-F3-LAY-KPART-04-001,柱,柱位牌,2400x1300(右) DCC,DCC,K/L轴,南中区,2.40,1.30,右,186853.34,71933.55,0-A-柱位牌
4902,X-HLP3-CR-F3-LAY-KPART-04-001,柱,柱位牌,2400x1300(右) DCC,DCC,J/K轴,南中区,2.40,1.30,右,186853.34,64773.0,0-A-柱位牌
4903,X-HLP3-CR-F3-LAY-KPART-04-001,柱,柱位牌,2400x1300(右) DCC,DCC,H/J轴,南中区,2.40,1.30,右,186853.34,57573.0,0-A-柱位牌
4904,X-HLP3-CR-F3-LAY-KPART-04-001,柱,柱位牌,2000x2300(右) DCC-B,DCC-B,P/Q轴,北中区,2.00,2.30,右,238100.0,100773.0,0-A-柱位牌
4905,X-HLP3-CR-F3-LAY-KPART-04-001,柱,柱位牌,,,N/P轴,北中区,,,,238100.0,93573.0,0-A-柱位牌
4906,X-HLP3-CR-F3-LAY-KPART-04-001,柱,柱位牌,2400x1300(右) DCC,DCC,M/N轴,北中区,2.40,1.30,右,238100.0,86333.55,0-A-柱位牌
4907,X-HLP3-CR-F3-LAY-KPART-04-001,柱,柱位牌,2400x1300(右) DCC,DCC,L/M轴,北中区,2.40,1.30,右,238100.0,79173.0,0-A-柱位牌
4908,X-HLP3-CR-F3-LAY-KPART-04-001,柱,柱位牌,2400x1300(右) DCC,DCC,K/L轴,南中区,2.40,1.30,右,238100.0,71933.55,0-A-柱位牌
4909,X-HLP3-CR-F3-LAY-KPART-04-001,柱,柱位牌,2400x1300(右) DCC,DCC,J/K轴,南中区,2.40,1.30,右,238100.0,64773.0,0-A-柱位牌
4910,X-HLP3-CR-F3-LAY-KPART-04-001,柱,柱位牌,2400x1300(右) DCC,DCC,H/J轴,南中区,2.40,1.30,右,238100.0,57573.0,0-A-柱位牌
4911,X-HLP3-CR-F3-LAY-KPART-04-001,柱,柱位牌,DCC-B,DCC-B,E/F轴,南区,,,,65150.0,35973.0,0-A-柱位牌
4912,X-HLP3-CR-F3-LAY-KPART-04-001,柱,柱位牌,,,D/E轴,南区,,,,65150.0,28727.3,0-A-柱位牌
4913,X-HLP3-CR-F3-LAY-KPART-04-001,柱,柱位牌,,,C/D轴,南区,,,,65150.0,21563.09,0-A-柱位牌
4914,X-HLP3-CR-F3-LAY-KPART-04-001,柱,柱位牌,,,B/C轴,南区,,,,65150.0,14375.17,0-A-柱位牌
4915,X-HLP3-CR-F3-LAY-KPART-04-001,柱,柱位牌,2000*2300(左) DCC-B,DCC-B,F/G轴,南区,2.00,2.30,左,65150.0,43192.0,0-A-柱位牌
4916,X-HLP3-CR-F3-LAY-KPART-04-001,柱,柱位牌,2850x1800(左) DCC-C*2,DCC-C*2,E/F轴,南区,2.85,1.80,左,129057.76,35973.0,0-A-柱位牌
4917,X-HLP3-CR-F3-LAY-KPART-04-001,柱,柱位牌,,,D/E轴,南区,,,,129057.76,28727.3,0-A-柱位牌
4918,X-HLP3-CR-F3-LAY-KPART-04-001,柱,柱位牌,,,C/D轴,南区,,,,129057.76,21563.09,0-A-柱位牌
4919,X-HLP3-CR-F3-LAY-KPART-04-001,柱,柱位牌,,,B/C轴,南区,,,,129057.76,14375.17,0-A-柱位牌
4920,X-HLP3-CR-F3-LAY-KPART-04-001,柱,柱位牌,2850x1800(左),,F/G轴,南区,2.85,1.80,左,129057.76,43192.0,0-A-柱位牌
4921,X-HLP3-CR-F3-LAY-KPART-04-001,柱,柱位牌,,,E/F轴,南区,,,,186707.76,35973.0,0-A-柱位牌
4922,X-HLP3-CR-F3-LAY-KPART-04-001,柱,柱位牌,,,D/E轴,南区,,,,186707.76,28727.3,0-A-柱位牌
4923,X-HLP3-CR-F3-LAY-KPART-04-001,柱,柱位牌,,,C/D轴,南区,,,,186707.76,21563.09,0-A-柱位牌
4924,X-HLP3-CR-F3-LAY-KPART-04-001,柱,柱位牌,,,B/C轴,南区,,,,186707.76,14375.17,0-A-柱位牌
4925,X-HLP3-CR-F3-LAY-KPART-04-001,柱,柱位牌,2000*2300(左) DCC-B,DCC-B,F/G轴,南区,2.00,2.30,左,186707.76,43192.0,0-A-柱位牌
4926,X-HLP3-CR-F3-LAY-KPART-04-001,柱,柱位牌,2365x1165（左） DCC,DCC,E/F轴,南区,2.37,1.17,左,237615.76,35973.0,0-A-柱位牌
4927,X-HLP3-CR-F3-LAY-KPART-04-001,柱,柱位牌,,,D/E轴,南区,,,,237615.76,28727.3,0-A-柱位牌
4928,X-HLP3-CR-F3-LAY-KPART-04-001,柱,柱位牌,2365x1165（右） DCC,DCC,C/D轴,南区,2.37,1.17,右,237615.76,21563.09,0-A-柱位牌
4929,X-HLP3-CR-F3-LAY-KPART-04-001,柱,柱位牌,,,B/C轴,南区,,,,237615.76,14375.17,0-A-柱位牌
4930,X-HLP3-CR-F3-LAY-KPART-04-001,柱,柱位牌,2850x2300(左) DCC-D,DCC-D,F/G轴,南区,2.85,2.30,左,237157.76,43485.0,0-A-柱位牌
4931,X-HLP3-CR-F3-LAY-KPART-04-001,其他,2AHC-3.1,,,A/B轴,南区,,,,253364.3,6192.0,0-A-标注
4932,X-HLP3-CR-F3-LAY-KPART-04-001,柱,柱位牌,3500x2300(左) DCC-F,DCC-F,W/X轴,北区,3.50,2.30,左,77694.28,151200.0,0-A-柱位牌
4933,X-HLP3-CR-F3-LAY-KPART-04-001,柱,柱位牌,3500x2300(左) DCC-F,DCC-F,W/X轴,北区,3.50,2.30,左,193850.28,151200.0,0-A-柱位牌
4934,X-HLP3-CR-F3-LAY-KPART-04-001,门,ZDM1221,1200x2100,,Y轴,北区,1.20,2.10,,884008.63,697901.5,K-PART-DOOR
4935,X-HLP3-CR-F3-LAY-KPART-04-001,爬梯,LADDER,,,K/L轴,南中区,,,,397751.18,67084.18,K-PART-LADDER
4936,X-HLP3-CR-F3-LAY-KPART-04-001,窗,Window,,,L/M轴,北中区,,,,397918.62,77524.65,K-PART-GLAZ
4937,X-HLP3-CR-F3-LAY-KPART-04-001,其他,1523,1500x2300,,Y轴,北区,1.50,2.30,,29228.01,171069.7,K-PART-DOOR
4938,X-HLP3-CR-F3-LAY-KPART-04-001,其他,2AHC-3.1,2850x2600(右) DCC-E*2,DCC-E*2,S/T轴,北中区,2.85,2.60,右,147612.19,121585.0,0-A-标注
4939,X-HLP3-CR-F3-LAY-KPART-04-001,其他,2AHC-3.1,,,V/W轴,北区,,,,147612.2,139288.74,0-A-标注
4940,X-HLP3-CR-F3-LAY-KPART-04-001,其他,1523,1500x2300,,Y轴,北区,1.50,2.30,,204164.24,225148.49,K-PART-DOOR
4941,X-HLP3-CR-F3-LAY-KPART-04-001,其他,1523,1500x2300,,Y轴,北区,1.50,2.30,,255069.7,167548.49,K-PART-DOOR
4942,X-HLP3-CR-F3-LAY-KPART-04-001,其他,2AHC-3.1,3500x2300(左) DCC-F,DCC-F,W/X轴,北区,3.50,2.30,左,243598.3,147600.0,0-A-标注
4943,X-HLP3-CR-F3-LAY-KPART-04-001,其他,2AHC-3.1,,,T/U轴,北中区,,,,243598.3,125601.0,0-A-标注
4944,X-HLP3-CR-F3-LAY-KPART-04-001,其他,2AHC-3.1,,,P/Q轴,北中区,,,,243598.3,97714.0,0-A-标注
4945,X-HLP3-CR-F3-LAY-KPART-04-001,其他,2AHC-3.1,2400x1300(右),,K/L轴,南中区,2.40,1.30,右,243598.3,67894.0,0-A-标注
4946,X-HLP3-CR-F3-LAY-KPART-04-001,其他,2AHC-3.1,2365x1165（左） DCC,DCC,E/F轴,南区,2.37,1.17,左,243598.3,33392.0,0-A-标注
4947,X-HLP3-CR-F3-LAY-KPART-04-001,其他,2AHC-3.1,3500x2300(右) DCC-F*2,DCC-F*2,B/C轴,南区,3.50,2.30,右,243598.3,10192.0,0-A-标注
4948,X-HLP3-CR-F3-LAY-KPART-04-001,检修门,MD-800,,,G/H轴,南中区,,,,398998.08,48645.5,X-HLP3-CR-F3-LAY-KPART-03-001$0$K-PART-DOOR
4949,X-HLP3-CR-F3-LAY-KPART-04-001,检修门,MD-800,,,F/G轴,南区,,,,399178.08,44145.5,X-HLP3-CR-F3-LAY-KPART-03-001$0$K-PART-DOOR
4950,X-HLP3-CR-F3-LAY-KPART-04-001,门,组合门图例,,,A轴,南区,,,,411635.88,-107214.72,X-HLP3-CR-F3-LAY-KPART-03-001$0$K-PART-DOOR
4951,X-HLP3-CR-PB6-LAY-KEQP-03-001,DCC设备,DCC-3-1,3500x2300(左) DCC-F,DCC-F,A/B轴,南区,3.50,2.30,左,6578.7,1347.79,Defpoints
4952,X-HLP3-CR-PB6-LAY-KEQP-03-001,DCC设备,DCC-3-1,3500x2300(左) DCC-F,DCC-F,A/B轴,南区,3.50,2.30,左,6578.7,3747.79,Defpoints
4953,X-HLP3-CR-PB6-LAY-KEQP-03-001,DCC设备,DCC-3-1,3500x2300(左) DCC-F,DCC-F,A/B轴,南区,3.50,2.30,左,6578.7,6147.79,Defpoints
4954,X-HLP3-CR-PB6-LAY-KEQP-03-001,DCC设备,DCC-3-1,3500x2300(左) DCC-F,DCC-F,B/C轴,南区,3.50,2.30,左,6578.7,8547.79,Defpoints
4955,X-HLP3-CR-PB6-LAY-KEQP-03-001,DCC设备,DCC-3-1,3500x2300(左) DCC-F,DCC-F,B/C轴,南区,3.50,2.30,左,6578.7,10947.79,Defpoints
4956,X-HLP3-CR-PB6-LAY-KEQP-03-001,DCC设备,DCC-3-1,,DCC-3,B/C轴,南区,,,,6578.7,13347.79,Defpoints
4957,X-HLP3-CR-PB6-LAY-KEQP-03-001,DCC设备,DCC-3-1,,DCC-3,C/D轴,南区,,,,6578.7,15747.79,Defpoints
4958,X-HLP3-CR-PB6-LAY-KEQP-03-001,DCC设备,DCC-3-1,,DCC-3,C/D轴,南区,,,,6578.7,18147.79,Defpoints
4959,X-HLP3-CR-PB6-LAY-KEQP-03-001,DCC设备,DCC-3-1,3600X500,DCC-3,C/D轴,南区,3.60,0.50,,6578.7,20547.79,Defpoints
4960,X-HLP3-CR-PB6-LAY-KEQP-03-001,DCC设备,DCC-3-1,3600X500 DCC,DCC,D/E轴,南区,3.60,0.50,,6578.7,22947.79,Defpoints
4961,X-HLP3-CR-PB6-LAY-KEQP-03-001,其他,FFU-U16,3500x2300(左) DCC-F,DCC-F,A轴,南区,3.50,2.30,左,29333.26,-1496.49,K-CEIL-FFU-U16
4962,X-HLP3-CR-PB6-LAY-KEQP-03-001,其他,FFU-U16,2365*965 DCC,DCC,D/E轴,南区,2.37,0.96,,3100.0,23600.0,K-CEIL-FFU-U16
4963,X-HLP3-CR-PB6-LAY-KEQP-03-001,其他,FFU-U16,3600X500 DCC,DCC,D/E轴,南区,3.60,0.50,,4300.0,23600.0,K-CEIL-FFU-U16
4964,X-HLP3-CR-PB6-LAY-KEQP-03-001,其他,FFU-U16,3600X500 DCC,DCC,C/D轴,南区,3.60,0.50,,3100.0,21200.0,K-CEIL-FFU-U16
4965,X-HLP3-CR-PB6-LAY-KEQP-03-001,其他,FFU-U16,3600X500 DCC,DCC,C/D轴,南区,3.60,0.50,,4300.0,21200.0,K-CEIL-FFU-U16
4966,X-HLP3-CR-PB6-LAY-KEQP-03-001,其他,FFU-U16,,,C/D轴,南区,,,,3100.0,18800.0,K-CEIL-FFU-U16
4967,X-HLP3-CR-PB6-LAY-KEQP-03-001,其他,FFU-U16,,,C/D轴,南区,,,,4300.0,18800.0,K-CEIL-FFU-U16
4968,X-HLP3-CR-PB6-LAY-KEQP-03-001,其他,FFU-U16,,,C/D轴,南区,,,,3100.0,17600.0,K-CEIL-FFU-U16
4969,X-HLP3-CR-PB6-LAY-KEQP-03-001,其他,FFU-U16,,,C/D轴,南区,,,,4300.0,17600.0,K-CEIL-FFU-U16
4970,X-HLP3-CR-PB6-LAY-KEQP-03-001,其他,FFU-U16,,,B/C轴,南区,,,,3100.0,15200.0,K-CEIL-FFU-U16
4971,X-HLP3-CR-PB6-LAY-KEQP-03-001,其他,FFU-U16,,,B/C轴,南区,,,,4300.0,15200.0,K-CEIL-FFU-U16
4972,X-HLP3-CR-PB6-LAY-KEQP-03-001,其他,FFU-U16,,,B/C轴,南区,,,,3100.0,12800.0,K-CEIL-FFU-U16
4973,X-HLP3-CR-PB6-LAY-KEQP-03-001,其他,FFU-U16,,,B/C轴,南区,,,,4300.0,12800.0,K-CEIL-FFU-U16
4974,X-HLP3-CR-PB6-LAY-KEQP-03-001,其他,FFU-U16,3500x2300(左) DCC-F,DCC-F,B/C轴,南区,3.50,2.30,左,3100.0,9200.0,K-CEIL-FFU-U16
4975,X-HLP3-CR-PB6-LAY-KEQP-03-001,其他,FFU-U16,3500x2300(左) DCC-F,DCC-F,B/C轴,南区,3.50,2.30,左,4300.0,9200.0,K-CEIL-FFU-U16
4976,X-HLP3-CR-PB6-LAY-KEQP-03-001,其他,FFU-U16,3500x2300(左) DCC-F,DCC-F,A/B轴,南区,3.50,2.30,左,3100.0,6800.0,K-CEIL-FFU-U16
4977,X-HLP3-CR-PB6-LAY-KEQP-03-001,其他,FFU-U16,3500x2300(左),,A/B轴,南区,3.50,2.30,左,4300.0,6800.0,K-CEIL-FFU-U16
4978,X-HLP3-CR-PB6-LAY-KEQP-03-001,其他,FFU-U16,3500x2300(左) DCC-F,DCC-F,A/B轴,南区,3.50,2.30,左,3100.0,5600.0,K-CEIL-FFU-U16
4979,X-HLP3-CR-PB6-LAY-KEQP-03-001,其他,FFU-U16,3500x2300(左) DCC-F,DCC-F,A/B轴,南区,3.50,2.30,左,4300.0,5600.0,K-CEIL-FFU-U16
4980,X-HLP3-CR-PB6-LAY-KEQP-03-001,其他,FFU-U16,3500x2300(左) DCC-F,DCC-F,A/B轴,南区,3.50,2.30,左,3100.0,3200.0,K-CEIL-FFU-U16
4981,X-HLP3-CR-PB6-LAY-KEQP-03-001,其他,FFU-U16,3500x2300(左) DCC-F,DCC-F,A/B轴,南区,3.50,2.30,左,4300.0,3200.0,K-CEIL-FFU-U16
4982,X-HLP3-CR-PB6-LAY-KEQP-03-001,其他,FFU-U16,3500x2300(左) DCC-F,DCC-F,A轴,南区,3.50,2.30,左,3100.0,800.0,K-CEIL-FFU-U16
4983,X-HLP3-CR-PB6-LAY-KEQP-03-001,其他,FFU-U16,3500x2300(左) DCC-F,DCC-F,A轴,南区,3.50,2.30,左,4300.0,800.0,K-CEIL-FFU-U16
4984,X-HLP3-CR-PB6-LAY-KEQP-03-001,其他,FFU-U16,2365*965 DCC,DCC,C/D轴,南区,2.37,0.96,,1900.0,21200.0,K-CEIL-FFU-U16
4985,X-HLP3-CR-PB6-LAY-KEQP-03-001,其他,FFU-U16,,,C/D轴,南区,,,,1900.0,17600.0,K-CEIL-FFU-U16
4986,X-HLP3-CR-PB6-LAY-KEQP-03-001,其他,FFU-U16,,,B/C轴,南区,,,,1900.0,15200.0,K-CEIL-FFU-U16
4987,X-HLP3-CR-PB6-LAY-KEQP-03-001,其他,FFU-U16,,,B/C轴,南区,,,,1900.0,12800.0,K-CEIL-FFU-U16
4988,X-HLP3-CR-PB6-LAY-KEQP-03-001,其他,FFU-U16,3500x2300(左) DCC,DCC,B/C轴,南区,3.50,2.30,左,1900.0,10400.0,K-CEIL-FFU-U16
4989,X-HLP3-CR-PB6-LAY-KEQP-03-001,其他,FFU-U16,3500x2300(左) DCC-F,DCC-F,A/B轴,南区,3.50,2.30,左,1900.0,8000.0,K-CEIL-FFU-U16
4990,X-HLP3-CR-PB6-LAY-KEQP-03-001,其他,FFU-U16,3500x2300(左) DCC-F,DCC-F,A/B轴,南区,3.50,2.30,左,1900.0,5600.0,K-CEIL-FFU-U16
4991,X-HLP3-CR-PB6-LAY-KEQP-03-001,其他,FFU-U16,3500x2300(左) DCC-F,DCC-F,A/B轴,南区,3.50,2.30,左,1900.0,2000.0,K-CEIL-FFU-U16
4992,X-HLP3-CR-PB6-LAY-KEQP-03-001,其他,FFU-U16,3500x2300(左) DCC-F,DCC-F,B/C轴,南区,3.50,2.30,左,3100.0,11600.0,K-CEIL-FFU-U16
4993,X-HLP3-CR-PB6-LAY-KEQP-03-001,其他,FFU-U16,3500x2300(左) DCC-F,DCC-F,B/C轴,南区,3.50,2.30,左,4300.0,11600.0,K-CEIL-FFU-U16
4994,X-HLP3-CR-PB6-LAY-KEQP-03-001,其他,FFU-U16,2365*965 DCC,DCC,D/E轴,南区,2.37,0.96,,1900.0,23600.0,K-CEIL-FFU-U16
4995,X-HLP3-CR-PB6-LAY-KEQP-03-001,其他,FFU-U16,3500x2300(左) DCC-F,DCC-F,A轴,南区,3.50,2.30,左,1900.0,-400.0,K-CEIL-FFU-U16
4996,X-HLP3-CR-PB6-LAY-KEQP-03-001,其他,FFU-U16,,,C/D轴,南区,,,,3100.0,16400.0,K-CEIL-FFU-U16
4997,X-HLP3-CR-PB6-LAY-KEQP-03-001,其他,FFU-U16,3500x2300(左) DCC-F,DCC-F,A/B轴,南区,3.50,2.30,左,3100.0,4400.0,K-CEIL-FFU-U16
4998,X-HLP3-CR-PB6A-LAY-KEQP-03-001,DCC设备,DCC-3-1,3500x2300(左) DCC-F,DCC-F,A/B轴,南区,3.50,2.30,左,6578.7,1347.79,Defpoints
4999,X-HLP3-CR-PB6A-LAY-KEQP-03-001,DCC设备,DCC-3-1,3500x2300(左) DCC-F,DCC-F,A/B轴,南区,3.50,2.30,左,6578.7,3747.79,Defpoints
5000,X-HLP3-CR-PB6A-LAY-KEQP-03-001,DCC设备,DCC-3-1,3500x2300(左) DCC-F,DCC-F,A/B轴,南区,3.50,2.30,左,6578.7,6147.79,Defpoints
5001,X-HLP3-CR-PB6A-LAY-KEQP-03-001,DCC设备,DCC-3-1,3500x2300(左) DCC-F,DCC-F,B/C轴,南区,3.50,2.30,左,6578.7,8547.79,Defpoints
5002,X-HLP3-CR-PB6A-LAY-KEQP-03-001,DCC设备,DCC-3-1,3500x2300(左) DCC-F,DCC-F,B/C轴,南区,3.50,2.30,左,6578.7,10947.79,Defpoints
5003,X-HLP3-CR-PB6A-LAY-KEQP-03-001,DCC设备,DCC-3-1,,DCC-3,B/C轴,南区,,,,6578.7,13347.79,Defpoints
5004,X-HLP3-CR-PB6A-LAY-KEQP-03-001,DCC设备,DCC-3-1,,DCC-3,C/D轴,南区,,,,6578.7,15747.79,Defpoints
5005,X-HLP3-CR-PB6A-LAY-KEQP-03-001,DCC设备,DCC-3-1,,DCC-3,C/D轴,南区,,,,6578.7,18147.79,Defpoints
5006,X-HLP3-CR-PB6A-LAY-KEQP-03-001,DCC设备,DCC-3-1,3600X500,DCC-3,C/D轴,南区,3.60,0.50,,6578.7,20547.79,Defpoints
5007,X-HLP3-CR-PB6A-LAY-KEQP-03-001,DCC设备,DCC-3-1,3600X500 DCC,DCC,D/E轴,南区,3.60,0.50,,6578.7,22947.79,Defpoints
5008,X-HLP3-CR-PB6A-LAY-KEQP-03-001,其他,FFU-U16,2365*965 DCC,DCC,D/E轴,南区,2.37,0.96,,3100.0,23600.0,K-CEIL-FFU-U16
5009,X-HLP3-CR-PB6A-LAY-KEQP-03-001,其他,FFU-U16,3600X500 DCC,DCC,D/E轴,南区,3.60,0.50,,4300.0,23600.0,K-CEIL-FFU-U16
5010,X-HLP3-CR-PB6A-LAY-KEQP-03-001,其他,FFU-U16,3600X500 DCC,DCC,C/D轴,南区,3.60,0.50,,3100.0,21200.0,K-CEIL-FFU-U16
5011,X-HLP3-CR-PB6A-LAY-KEQP-03-001,其他,FFU-U16,3600X500 DCC,DCC,C/D轴,南区,3.60,0.50,,4300.0,21200.0,K-CEIL-FFU-U16
5012,X-HLP3-CR-PB6A-LAY-KEQP-03-001,其他,FFU-U16,,,C/D轴,南区,,,,3100.0,18800.0,K-CEIL-FFU-U16
5013,X-HLP3-CR-PB6A-LAY-KEQP-03-001,其他,FFU-U16,,,C/D轴,南区,,,,4300.0,18800.0,K-CEIL-FFU-U16
5014,X-HLP3-CR-PB6A-LAY-KEQP-03-001,其他,FFU-U16,,,C/D轴,南区,,,,3100.0,17600.0,K-CEIL-FFU-U16
5015,X-HLP3-CR-PB6A-LAY-KEQP-03-001,其他,FFU-U16,,,C/D轴,南区,,,,4300.0,17600.0,K-CEIL-FFU-U16
5016,X-HLP3-CR-PB6A-LAY-KEQP-03-001,其他,FFU-U16,,,B/C轴,南区,,,,3100.0,15200.0,K-CEIL-FFU-U16
5017,X-HLP3-CR-PB6A-LAY-KEQP-03-001,其他,FFU-U16,,,B/C轴,南区,,,,4300.0,15200.0,K-CEIL-FFU-U16
5018,X-HLP3-CR-PB6A-LAY-KEQP-03-001,其他,FFU-U16,,,B/C轴,南区,,,,3100.0,12800.0,K-CEIL-FFU-U16
5019,X-HLP3-CR-PB6A-LAY-KEQP-03-001,其他,FFU-U16,,,B/C轴,南区,,,,4300.0,12800.0,K-CEIL-FFU-U16
5020,X-HLP3-CR-PB6A-LAY-KEQP-03-001,其他,FFU-U16,3500x2300(左) DCC-F,DCC-F,B/C轴,南区,3.50,2.30,左,3100.0,9200.0,K-CEIL-FFU-U16
5021,X-HLP3-CR-PB6A-LAY-KEQP-03-001,其他,FFU-U16,3500x2300(左) DCC-F,DCC-F,B/C轴,南区,3.50,2.30,左,4300.0,9200.0,K-CEIL-FFU-U16
5022,X-HLP3-CR-PB6A-LAY-KEQP-03-001,其他,FFU-U16,3500x2300(左) DCC-F,DCC-F,A/B轴,南区,3.50,2.30,左,3100.0,6800.0,K-CEIL-FFU-U16
5023,X-HLP3-CR-PB6A-LAY-KEQP-03-001,其他,FFU-U16,3500x2300(左),,A/B轴,南区,3.50,2.30,左,4300.0,6800.0,K-CEIL-FFU-U16
5024,X-HLP3-CR-PB6A-LAY-KEQP-03-001,其他,FFU-U16,3500x2300(左) DCC-F,DCC-F,A/B轴,南区,3.50,2.30,左,3100.0,5600.0,K-CEIL-FFU-U16
5025,X-HLP3-CR-PB6A-LAY-KEQP-03-001,其他,FFU-U16,3500x2300(左) DCC-F,DCC-F,A/B轴,南区,3.50,2.30,左,4300.0,5600.0,K-CEIL-FFU-U16
5026,X-HLP3-CR-PB6A-LAY-KEQP-03-001,其他,FFU-U16,3500x2300(左) DCC-F,DCC-F,A/B轴,南区,3.50,2.30,左,3100.0,3200.0,K-CEIL-FFU-U16
5027,X-HLP3-CR-PB6A-LAY-KEQP-03-001,其他,FFU-U16,3500x2300(左) DCC-F,DCC-F,A/B轴,南区,3.50,2.30,左,4300.0,3200.0,K-CEIL-FFU-U16
5028,X-HLP3-CR-PB6A-LAY-KEQP-03-001,其他,FFU-U16,3500x2300(左) DCC-F,DCC-F,A轴,南区,3.50,2.30,左,3100.0,800.0,K-CEIL-FFU-U16
5029,X-HLP3-CR-PB6A-LAY-KEQP-03-001,其他,FFU-U16,3500x2300(左) DCC-F,DCC-F,A轴,南区,3.50,2.30,左,4300.0,800.0,K-CEIL-FFU-U16
5030,X-HLP3-CR-PB6A-LAY-KEQP-03-001,其他,FFU-U16,2365*965 DCC,DCC,C/D轴,南区,2.37,0.96,,1900.0,21200.0,K-CEIL-FFU-U16
5031,X-HLP3-CR-PB6A-LAY-KEQP-03-001,其他,FFU-U16,,,C/D轴,南区,,,,1900.0,17600.0,K-CEIL-FFU-U16
5032,X-HLP3-CR-PB6A-LAY-KEQP-03-001,其他,FFU-U16,,,B/C轴,南区,,,,1900.0,15200.0,K-CEIL-FFU-U16
5033,X-HLP3-CR-PB6A-LAY-KEQP-03-001,其他,FFU-U16,,,B/C轴,南区,,,,1900.0,12800.0,K-CEIL-FFU-U16
5034,X-HLP3-CR-PB6A-LAY-KEQP-03-001,其他,FFU-U16,3500x2300(左) DCC,DCC,B/C轴,南区,3.50,2.30,左,1900.0,10400.0,K-CEIL-FFU-U16
5035,X-HLP3-CR-PB6A-LAY-KEQP-03-001,其他,FFU-U16,3500x2300(左) DCC-F,DCC-F,A/B轴,南区,3.50,2.30,左,1900.0,8000.0,K-CEIL-FFU-U16
5036,X-HLP3-CR-PB6A-LAY-KEQP-03-001,其他,FFU-U16,3500x2300(左) DCC-F,DCC-F,A/B轴,南区,3.50,2.30,左,1900.0,5600.0,K-CEIL-FFU-U16
5037,X-HLP3-CR-PB6A-LAY-KEQP-03-001,其他,FFU-U16,3500x2300(左) DCC-F,DCC-F,A/B轴,南区,3.50,2.30,左,1900.0,2000.0,K-CEIL-FFU-U16
5038,X-HLP3-CR-PB6A-LAY-KEQP-03-001,其他,FFU-U16,3500x2300(左) DCC-F,DCC-F,B/C轴,南区,3.50,2.30,左,3100.0,11600.0,K-CEIL-FFU-U16
5039,X-HLP3-CR-PB6A-LAY-KEQP-03-001,其他,FFU-U16,3500x2300(左) DCC-F,DCC-F,B/C轴,南区,3.50,2.30,左,4300.0,11600.0,K-CEIL-FFU-U16
5040,X-HLP3-CR-PB6A-LAY-KEQP-03-001,其他,FFU-U16,3500x2300(左) DCC-F,DCC-F,A轴,南区,3.50,2.30,左,29333.26,-1496.49,K-CEIL-FFU-U16
5041,X-HLP3-CR-PB6A-LAY-KEQP-03-001,其他,FFU-U16,2365*965 DCC,DCC,D/E轴,南区,2.37,0.96,,1900.0,23600.0,K-CEIL-FFU-U16
5042,X-HLP3-CR-PB6A-LAY-KEQP-03-001,其他,FFU-U16,3500x2300(左) DCC-F,DCC-F,A轴,南区,3.50,2.30,左,1900.0,-400.0,K-CEIL-FFU-U16
5043,X-HLP3-CR-PB6A-LAY-KEQP-03-001,其他,FFU-U16,,,C/D轴,南区,,,,3100.0,16400.0,K-CEIL-FFU-U16
5044,X-HLP3-CR-PB6A-LAY-KEQP-03-001,其他,FFU-U16,3500x2300(左) DCC-F,DCC-F,A/B轴,南区,3.50,2.30,左,3100.0,4400.0,K-CEIL-FFU-U16
