序号,类别,构件名称,规格,X坐标(mm),Y坐标(mm),图层,Handle
1,DCC支架,DCC-Rack-150,2850x2300(右) DCC-D,1525.0,42725.0,K-CEIL-DCC-RACK,
2,DCC支架,DCC-Rack-150,2850x2600(右) DCC-E*2,7900.0,115675.0,K-CEIL-DCC-RACK,
3,DCC支架,DCC-Rack-150,2850x2600(右) DCC-C*2,6500.0,115675.0,K-CEIL-DCC-RACK,
4,DCC支架,DCC-Rack-150,2000x2300(右) DCC-B,6500.0,42725.0,K-CEIL-DCC-RACK,
5,DCC支架,DCC-Rack-200,3500x2300(左) DCC-F,18600.0,2765.57,K-CEIL-DCC-RACK,
6,DCC支架,DCC-Rack-200,3500x2300(左) DCC-F,33000.0,2764.94,K-CEIL-DCC-RACK,
7,DCC支架,DCC-Rack-200,3500x2300(左) DCC-F,40200.0,2764.94,K-CEIL-DCC-RACK,
8,DCC支架,DCC-Rack-200,2850x2300(右) DCC-D,39600.0,42739.11,K-CEIL-DCC-RACK,
9,DCC支架,DCC-Rack-200,2850x2300(右) DCC-D,97200.0,42739.11,K-CEIL-DCC-RACK,
10,DCC支架,DCC-Rack-200,2850x2300(右) DCC-D,104400.0,42739.11,K-CEIL-DCC-RACK,
11,DCC支架,DCC-Rack-200,DCC-F*2,155400.0,2765.57,K-CEIL-DCC-RACK,
12,DCC支架,DCC-Rack-200,2850x2600(右) DCC-E,147600.0,42739.11,K-CEIL-DCC-RACK,
13,DCC支架,DCC-Rack-200,2850x2300(右) DCC-D*2,25200.0,115661.21,K-CEIL-DCC-RACK,
14,DCC支架,DCC-Rack-200,2850x2600(右) DCC-E*2,10800.0,115660.89,K-CEIL-DCC-RACK,
15,DCC支架,DCC-Rack-200,2850x2300(右) DCC-D,32400.0,115661.21,K-CEIL-DCC-RACK,
16,DCC支架,DCC-Rack-200,2850x2300(右) DCC-D*2,39600.0,115661.21,K-CEIL-DCC-RACK,
17,DCC支架,DCC-Rack-200,2850x2300(右) DCC-D*2,104400.0,115661.21,K-CEIL-DCC-RACK,
18,DCC支架,DCC-Rack-200,2850x2300(右) DCC-D*2,111600.0,115661.21,K-CEIL-DCC-RACK,
19,DCC支架,DCC-Rack-200,,4200.0,155635.11,0-A-C200X100X35X3.0,
20,DCC支架,DCC-Rack-200,MD 1200x2200 DCC-F,83400.0,155635.11,K-CEIL-DCC-RACK,
21,DCC支架,DCC-Rack-200,3500x2300(左) DCC-F,76200.0,155635.11,K-CEIL-DCC-RACK,
22,DCC支架,DCC-Rack-200,3500x2300(左) DCC-F,69000.0,155635.11,K-CEIL-DCC-RACK,
23,DCC支架,DCC-Rack-200,3500x2300(右) DCC-F*2,213000.0,2761.79,K-CEIL-DCC-RACK,
24,DCC支架,DCC-Rack-200,2850x2600(右) DCC-E,169200.0,42739.11,K-CEIL-DCC-RACK,
25,DCC支架,DCC-Rack-200,2850x2600(右) DCC-E*2,140400.0,115661.21,K-CEIL-DCC-RACK,
26,DCC支架,DCC-Rack-200,3500x2300(左) DCC-F,177000.0,155635.11,K-CEIL-DCC-RACK,
27,DCC支架,DCC-Rack-200,3500x2300(左) DCC-F,184200.0,155635.11,K-CEIL-DCC-RACK,
28,DCC支架,DCC-Rack-200,2850x2600(右) DCC-E,162000.0,115661.21,K-CEIL-DCC-RACK,
29,DCC支架,DCC-Rack-200,3500x2300(左) DCC-F,241814.29,155633.76,K-CEIL-DCC-RACK,
30,DCC支架,DCC-Rack-200,3500x2300(右) DCC-F,148200.0,2765.57,K-CEIL-DCC-RACK,
31,DCC支架,DCC-Rack-200x200,200x200,-14793.81,118596.27,K-CEIL-DCC-RACK,
32,DCC支架,DCC-Rack-200,2000x2300(右) DCC-B,4425.0,42738.79,K-CEIL-DCC-RACK,
33,DCC支架,DCC-Rack-200,3500x2300(左) DCC-F,4200.0,2765.57,K-CEIL-DCC-RACK,
34,DCC支架,DCC-Rack-200,3500x2300(左) DCC-F,11400.0,2765.57,K-CEIL-DCC-RACK,
35,DCC支架,DCC-Rack-200x200,200x200,-7593.81,118596.27,K-CEIL-DCC-RACK,
36,DCC支架,DCC-Rack-200x200,200x200,-408.81,118596.27,K-CEIL-DCC-RACK,
37,DCC支架,DCC-Rack-200x200,200x200,14006.19,118595.64,K-CEIL-DCC-RACK,
38,DCC支架,DCC-Rack-200x200,200x200,21206.19,118595.64,K-CEIL-DCC-RACK,
39,DCC支架,DCC-Rack-200x200,200x200,129206.19,118596.27,K-CEIL-DCC-RACK,
40,DCC支架,DCC-Rack-200x200,200x200,136406.19,118596.27,K-CEIL-DCC-RACK,
41,DCC支架,DCC-Rack-200x200,200x200,172406.19,118596.27,K-CEIL-DCC-RACK,
42,DCC支架,DCC-Rack-200x200,200x200,-21993.81,271337.59,0-A-方钢-200x6,
43,DCC支架,DCC-Rack-200x200,200x200,-14793.81,271337.59,K-CEIL-DCC-RACK,
44,DCC支架,DCC-Rack-200x200,200x200,-393.81,271337.59,K-CEIL-DCC-RACK,
45,DCC支架,DCC-Rack-200x200,200x200,21206.19,271337.59,K-CEIL-DCC-RACK,
46,DCC支架,DCC-Rack-200x200,200x200,50006.26,271337.59,K-CEIL-DCC-RACK,
47,DCC支架,DCC-Rack-200x200,200x200,57206.26,271337.59,K-CEIL-DCC-RACK,
48,DCC支架,DCC-Rack-200x200,200x200,86006.19,271337.59,K-CEIL-DCC-RACK,
49,DCC支架,DCC-Rack-200x200,200x200,195993.81,271337.59,K-CEIL-DCC-RACK,
50,DCC支架,DCC-Rack-200x200,200x200,195993.81,271337.59,K-CEIL-DCC-RACK,
51,DCC支架,DCC-Rack-200x200,200x200,203193.81,271337.59,K-CEIL-DCC-RACK,
52,DCC支架,DCC-Rack-200x200,200x200,210393.81,271337.59,K-CEIL-DCC-RACK,
53,DCC支架,DCC-Rack-200x200,200x200,194006.19,118592.49,K-CEIL-DCC-RACK,
54,DCC支架,DCC-Rack-150,2000x2300(右) DCC-B,7900.0,42725.0,K-CEIL-DCC-RACK,
55,DCC支架,DCC-Rack-200x200,200x200,-21963.81,118596.27,K-CEIL-DCC-RACK,
56,DCC支架,DCC-Rack-150,2850x2600(左) DCC-E*2,51100.0,42726.74,K-CEIL-DCC-RACK,
57,DCC支架,DCC-Rack-150,2000*2300(左) DCC-B,56900.0,42726.74,K-CEIL-DCC-RACK,
58,DCC支架,DCC-Rack-150,2000*2300(左) DCC-B,58300.0,42726.74,K-CEIL-DCC-RACK,
59,DCC支架,DCC-Rack-150,2850x2300(右) DCC-D,87100.0,42725.0,K-CEIL-DCC-RACK,
60,DCC支架,DCC-Rack-150,2850x2300(右) DCC-D*2,92900.0,42725.0,K-CEIL-DCC-RACK,
61,DCC支架,DCC-Rack-150,2850x2300(右) DCC-D,101500.0,42725.0,K-CEIL-DCC-RACK,
62,DCC支架,DCC-Rack-150,2850x2300(右) DCC-D,107300.0,42725.0,K-CEIL-DCC-RACK,
63,DCC支架,DCC-Rack-150,2850x2300(右) DCC-D*2,121050.0,42722.96,K-CEIL-DCC-RACK,
64,DCC支架,DCC-Rack-150,2850x2600(右) DCC-E*2,144700.0,42726.74,K-CEIL-DCC-RACK,
65,DCC支架,DCC-Rack-150,2850x1800(右) DCC-E,150500.0,42726.74,K-CEIL-DCC-RACK,
66,DCC支架,DCC-Rack-150,2850x2600(右) DCC-E,166300.0,42726.74,K-CEIL-DCC-RACK,
67,DCC支架,DCC-Rack-150,2850x2600(右) DCC-E,172100.0,42726.74,K-CEIL-DCC-RACK,
68,DCC支架,DCC-Rack-150,2850x2300(右) DCC-D*2,178450.0,42726.74,K-CEIL-DCC-RACK,
69,DCC支架,DCC-Rack-150,2850x2300(右) DCC-D*2,94300.0,42725.0,K-CEIL-DCC-RACK,
70,DCC支架,DCC-Rack-150,2850x2300(右) DCC-D,100100.0,42725.0,K-CEIL-DCC-RACK,
71,DCC支架,DCC-Rack-200,2850x2300(右) DCC-D*2,90000.0,42739.11,K-CEIL-DCC-RACK,
72,DCC支架,DCC-Rack-150,2850x1800(右) DCC-C*2,22300.0,50875.0,K-CEIL-DCC-RACK,
73,DCC支架,DCC-Rack-150,2850x1800(右) DCC-E*2,28100.0,50875.0,K-CEIL-DCC-RACK,
74,DCC支架,DCC-Rack-150,2000x2600(右) DCC-J*2,73550.0,50875.32,K-CEIL-DCC-RACK,
75,DCC支架,DCC-Rack-150,2850x1800(右) DCC-C*2,78500.0,50875.0,K-CEIL-DCC-RACK,
76,DCC支架,DCC-Rack-150,2850x1800(右) DCC-C*2,79900.0,50875.0,K-CEIL-DCC-RACK,
77,DCC支架,DCC-Rack-150,2850x2600(右) DCC-E*2,85700.0,50875.0,K-CEIL-DCC-RACK,
78,DCC支架,DCC-Rack-150,2850x2600(右) DCC-E*2,87100.0,50875.0,K-CEIL-DCC-RACK,
79,DCC支架,DCC-Rack-150,2850x2600(右) DCC-C*2,92900.0,50875.0,K-CEIL-DCC-RACK,
80,DCC支架,DCC-Rack-150,2850x2600(右) DCC-E*2,94300.0,50875.0,K-CEIL-DCC-RACK,
81,DCC支架,DCC-Rack-150,2850x2600(右) DCC-C*2,100100.0,50875.0,K-CEIL-DCC-RACK,
82,DCC支架,DCC-Rack-150,2850x2600(右) DCC-E*2,101500.0,50875.0,K-CEIL-DCC-RACK,
83,DCC支架,DCC-Rack-150,2850x2300(右) DCC-C*2,107300.0,50875.0,K-CEIL-DCC-RACK,
84,DCC支架,DCC-Rack-150,2850x2300(右) DCC-D,36700.0,42725.0,K-CEIL-DCC-RACK,
85,DCC支架,DCC-Rack-150,2850x2300(右) DCC-D,42500.0,42725.0,K-CEIL-DCC-RACK,
86,DCC支架,DCC-Rack-150,2000x2600(右) DCC-J*2,73477.34,107543.88,K-CEIL-DCC-RACK,
87,DCC支架,DCC-Rack-150,2850x1800(右) DCC-C*2,78500.0,107525.0,K-CEIL-DCC-RACK,
88,DCC支架,DCC-Rack-150,2850x2600(右) DCC-E*2,7900.0,115674.68,K-CEIL-DCC-RACK,
89,DCC支架,DCC-Rack-150,2850x2300(右) DCC-D,22300.0,115675.0,K-CEIL-DCC-RACK,
90,DCC支架,DCC-Rack-150,2850x2300(右) DCC-D*2,28100.0,115675.0,K-CEIL-DCC-RACK,
91,DCC支架,DCC-Rack-150,,29500.0,115675.0,K-CEIL-DCC-RACK,
92,DCC支架,DCC-Rack-150,2850x2300(右) DCC-D,35300.0,115675.0,K-CEIL-DCC-RACK,
93,DCC支架,DCC-Rack-150,2850x2300(右) DCC-D,36700.0,115675.0,K-CEIL-DCC-RACK,
94,DCC支架,DCC-Rack-150,2850x2300(右) DCC-D*2,42500.0,115675.0,K-CEIL-DCC-RACK,
95,DCC支架,DCC-Rack-150,2850x2300(右) DCC-D,101500.0,115675.0,K-CEIL-DCC-RACK,
96,DCC支架,DCC-Rack-150,2850x2300(右) DCC-D*2,107300.0,115675.0,K-CEIL-DCC-RACK,
97,DCC支架,DCC-Rack-150,2850x2300(右) DCC-D,108700.0,115675.0,K-CEIL-DCC-RACK,
98,DCC支架,DCC-Rack-150,2000x1800(右) DCC-A*2,114500.0,115675.0,K-CEIL-DCC-RACK,
99,DCC支架,DCC-Rack-150,2850x1800(右) DCC-E*2,150500.0,115676.72,K-CEIL-DCC-RACK,
100,DCC支架,DCC-Rack-150,2850x2600(右) DCC-E*2,159100.0,115675.0,K-CEIL-DCC-RACK,
101,DCC支架,DCC-Rack-150,2850x2600(右) DCC-E,164900.0,115675.0,K-CEIL-DCC-RACK,
102,DCC支架,DCC-Rack-150,2850x1800(右) DCC-E*2,143300.0,115676.72,K-CEIL-DCC-RACK,
103,DCC支架,DCC-Rack-150,2850x1800(右) DCC-C,200900.0,115675.0,K-CEIL-DCC-RACK,
104,DCC支架,DCC-Rack-150,,43900.0,42725.0,K-CEIL-DCC-RACK,
105,DCC支架,DCC-Rack-150,2850x2600(左) DCC-D*2,49700.0,42725.0,K-CEIL-DCC-RACK,
106,DCC支架,DCC-Rack-150,2850x2300(右) DCC-D*2,73350.0,42725.0,K-CEIL-DCC-RACK,
107,DCC支架,DCC-Rack-150,2850x1800(右) DCC-C*2,78500.0,42725.32,K-CEIL-DCC-RACK,
108,DCC支架,DCC-Rack-150,2850x2300(右),115900.0,43025.0,K-CEIL-DCC-RACK,
109,DCC支架,DCC-Rack-150,2850x1800(左) DCC-C*2,136100.0,42725.0,K-CEIL-DCC-RACK,
110,DCC支架,DCC-Rack-150,2850x2300(右) DCC-D*2,173500.0,43025.0,K-CEIL-DCC-RACK,
111,DCC支架,DCC-Rack-150,,226000.0,43975.0,K-CEIL-DCC-RACK,
112,DCC支架,DCC-Rack-150,2850x2300(右),195100.0,50874.68,K-CEIL-DCC-RACK,
113,DCC支架,DCC-Rack-150,2850x2300(右),200900.0,50874.68,K-CEIL-DCC-RACK,
114,DCC支架,DCC-Rack-150,2850x2300(右),193700.0,50874.68,K-CEIL-DCC-RACK,
115,DCC支架,DCC-Rack-150,2850x2300(右),172100.0,50874.68,K-CEIL-DCC-RACK,
116,DCC支架,DCC-Rack-150,2850x2300(右),166300.0,50874.68,K-CEIL-DCC-RACK,
117,DCC支架,DCC-Rack-150,2850x2300(右),178450.0,50874.68,K-CEIL-DCC-RACK,
118,DCC支架,DCC-Rack-150,2850x2300(右),164900.0,50874.68,K-CEIL-DCC-RACK,
119,DCC支架,DCC-Rack-150,2850x2300(右),159100.0,50874.68,K-CEIL-DCC-RACK,
120,DCC支架,DCC-Rack-150,2850x2300(右),150500.0,50874.37,K-CEIL-DCC-RACK,
121,DCC支架,DCC-Rack-150,2850x2300(右),144700.0,50874.37,K-CEIL-DCC-RACK,
122,DCC支架,DCC-Rack-150,2850x2300(右),143300.0,50874.68,K-CEIL-DCC-RACK,
123,DCC支架,DCC-Rack-150,2850x2300(右),137500.0,50874.68,K-CEIL-DCC-RACK,
124,DCC支架,DCC-Rack-150,2850x2300(右),115900.0,50874.68,K-CEIL-DCC-RACK,
125,DCC支架,DCC-Rack-150,,121050.0,50875.0,K-CEIL-DCC-RACK,
126,DCC支架,DCC-Rack-150,2850x2300(左) DCC-C*2,137500.0,107525.0,K-CEIL-DCC-RACK,
127,DCC支架,DCC-Rack-150,2850x2300(左),143300.0,107525.0,K-CEIL-DCC-RACK,
128,DCC支架,DCC-Rack-150,2850x2300(左) DCC-C*2,166300.0,107525.0,K-CEIL-DCC-RACK,
129,DCC支架,DCC-Rack-150,2850x2300(右),172100.0,107525.0,K-CEIL-DCC-RACK,
130,DCC支架,DCC-Rack-150,2850x2300(左),178650.0,107525.0,K-CEIL-DCC-RACK,
131,DCC支架,DCC-Rack-150,2850x2300(左) DCC-C*2,195100.0,107525.0,K-CEIL-DCC-RACK,
132,DCC支架,DCC-Rack-150,2850x2300(左),200900.0,107525.0,K-CEIL-DCC-RACK,
133,DCC支架,DCC-Rack-150,2850x2300(左),209500.0,107525.0,K-CEIL-DCC-RACK,
134,DCC支架,DCC-Rack-150,2850x2300(左),215300.0,107525.0,K-CEIL-DCC-RACK,
135,DCC支架,DCC-Rack-150,2850x2300(左),216700.0,107525.0,K-CEIL-DCC-RACK,
136,DCC支架,DCC-Rack-150,2850x2300(左),222500.0,107525.0,K-CEIL-DCC-RACK,
137,DCC支架,DCC-Rack-150,2850x2300(左),223900.0,107525.0,K-CEIL-DCC-RACK,
138,DCC支架,DCC-Rack-150,2850x2300(左),229700.0,107525.0,K-CEIL-DCC-RACK,
139,DCC支架,DCC-Rack-150,,195100.0,115675.0,K-CEIL-DCC-RACK,
140,DCC支架,DCC-Rack-150,,137500.0,115634.72,K-CEIL-DCC-RACK,
141,DCC支架,DCC-Rack-150,2850x2300(右) DCC-E*2,100100.0,115675.0,K-CEIL-DCC-RACK,
142,DCC支架,DCC-Rack-150,2850x2600(右) DCC-E*2,87100.0,115675.0,K-CEIL-DCC-RACK,
143,DCC支架,DCC-Rack-150,2850x1800(右) DCC-B*2,78500.0,115675.0,K-CEIL-DCC-RACK,
144,DCC支架,DCC-Rack-150,,58300.0,115675.0,K-CEIL-DCC-RACK,
145,DCC支架,DCC-Rack-150,,60900.0,115675.0,K-CEIL-DCC-RACK,
146,DCC支架,DCC-Rack-200x200,200x200,114813.14,118595.96,K-CEIL-DCC-RACK,
147,DCC支架,DCC-Rack-200x200,200x200,35606.19,118595.96,K-CEIL-DCC-RACK,
148,DCC支架,DCC-Rack-200x200,200x200,253593.81,271336.23,K-CEIL-DCC-RACK,
149,DCC支架,DCC-Rack-200x200,200x200,107633.34,118596.27,K-CEIL-DCC-RACK,
150,DCC支架,DCC-Rack-200,3500x2300(左) DCC-F*2,133806.95,2765.57,K-CEIL-DCC-RACK,
151,DCC支架,DCC-Rack-200x200,200x200,165206.19,118596.9,K-CEIL-DCC-RACK,
152,DCC支架,DCC-Rack-200,3500x2300(右) DCC-F,177000.0,2765.57,K-CEIL-DCC-RACK,
153,DCC支架,DCC-Rack-200x200,200x200,158006.19,118596.9,K-CEIL-DCC-RACK,
154,DCC支架,DCC-Rack-200,MD 1200x2200 DCC-F*2,169800.0,2765.26,K-CEIL-DCC-RACK,
155,DCC支架,DCC-Rack-200x200,200x200,143606.19,118596.59,K-CEIL-DCC-RACK,
156,DCC支架,DCC-Rack-200,3500x2300(右) DCC-F*2,191400.0,2765.57,K-CEIL-DCC-RACK,
157,DCC支架,DCC-Rack-200,3500x2300(右) DCC-F,184200.0,2765.57,K-CEIL-DCC-RACK,
158,DCC支架,DCC-Rack-200x200,200x200,71606.19,271337.59,K-CEIL-DCC-RACK,
159,DCC支架,DCC-Rack-200,3500x2300(左) DCC-F,155419.77,155635.11,K-CEIL-DCC-RACK,
160,DCC支架,DCC-Rack-200,3500x2300(左) DCC-F,162600.87,155635.11,K-CEIL-DCC-RACK,
161,DCC支架,DCC-Rack-200x200,200x200,93281.08,164241.27,K-CEIL-DCC-RACK,
162,DCC支架,DCC-Rack-200x200,200x200,141368.6,164241.27,K-CEIL-DCC-RACK,
163,DCC支架,DCC-Rack-200x200,200x200,114881.19,164241.27,K-CEIL-DCC-RACK,
164,DCC支架,DCC-Rack-200x200,200x200,165918.81,164241.27,K-CEIL-DCC-RACK,
165,DCC支架,DCC-Rack-200x200,200x200,117806.19,164241.27,K-CEIL-DCC-RACK,
166,DCC支架,DCC-Rack-200x200,200x200,122081.19,164241.27,K-CEIL-DCC-RACK,
167,DCC支架,DCC-Rack-200x200,200x200,173118.81,164241.27,K-CEIL-DCC-RACK,
168,DCC支架,DCC-Rack-200x200,200x200,125006.19,164241.27,K-CEIL-DCC-RACK,
169,DCC支架,DCC-Rack-200x200,200x200,136481.19,164241.27,K-CEIL-DCC-RACK,
170,DCC支架,DCC-Rack-200x200,200x200,187518.81,164241.27,K-CEIL-DCC-RACK,
171,DCC支架,DCC-Rack-200x200,200x200,139406.19,164241.27,K-CEIL-DCC-RACK,
172,DCC支架,DCC-Rack-200x200,200x200,143681.19,164241.27,K-CEIL-DCC-RACK,
173,DCC支架,DCC-Rack-200x200,200x200,194718.81,164241.27,K-CEIL-DCC-RACK,
174,DCC支架,DCC-Rack-200x200,200x200,146606.19,164241.27,K-CEIL-DCC-RACK,
175,DCC支架,DCC-Rack-200x200,200x200,152906.29,164241.27,K-CEIL-DCC-RACK,
176,DCC支架,DCC-Rack-200x200,200x200,201018.81,164241.27,K-CEIL-DCC-RACK,
177,DCC支架,DCC-Rack-200x200,200x200,215710.15,164241.27,K-CEIL-DCC-RACK,
178,DCC支架,DCC-Rack-200x200,200x200,168422.53,164241.27,K-CEIL-DCC-RACK,
179,DCC支架,DCC-Rack-200x200,200x200,172481.08,164241.27,K-CEIL-DCC-RACK,
180,DCC支架,DCC-Rack-200x200,200x200,223518.71,164241.27,K-CEIL-DCC-RACK,
181,DCC支架,DCC-Rack-200x200,200x200,175406.08,164241.27,K-CEIL-DCC-RACK,
182,DCC支架,DCC-Rack-200x200,200x200,252318.81,-5791.59,K-CEIL-DCC-RACK,
183,DCC支架,DCC-Rack-200x200,200x200,249393.81,-5791.59,K-CEIL-DCC-RACK,
184,DCC支架,DCC-Rack-200x200,200x200,246443.81,-5791.59,K-CEIL-DCC-RACK,
185,DCC支架,DCC-Rack-200x200,200x200,245118.81,-5791.59,K-CEIL-DCC-RACK,
186,DCC支架,DCC-Rack-200x200,200x200,242193.81,-5791.59,K-CEIL-DCC-RACK,
187,DCC支架,DCC-Rack-200x200,200x200,239243.81,-5791.59,K-CEIL-DCC-RACK,
188,DCC支架,DCC-Rack-200x200,200x200,237918.92,-5791.59,K-CEIL-DCC-RACK,
189,DCC支架,DCC-Rack-200x200,200x200,234993.92,-5791.59,K-CEIL-DCC-RACK,
190,DCC支架,DCC-Rack-200x200,200x200,232043.92,-5791.59,K-CEIL-DCC-RACK,
191,DCC支架,DCC-Rack-200x200,200x200,223543.81,-5791.59,K-CEIL-DCC-RACK,
192,DCC支架,DCC-Rack-200x200,200x200,220593.81,-5791.59,K-CEIL-DCC-RACK,
193,DCC支架,DCC-Rack-200x200,200x200,217643.81,-5791.59,K-CEIL-DCC-RACK,
194,DCC支架,DCC-Rack-200x200,200x200,215818.81,-5791.59,K-CEIL-DCC-RACK,
195,DCC支架,DCC-Rack-200x200,200x200,213718.81,-5791.59,K-CEIL-DCC-RACK,
196,DCC支架,DCC-Rack-200x200,200x200,153156.29,-5791.59,K-CEIL-DCC-RACK,
197,DCC支架,DCC-Rack-200x200,200x200,156106.19,-5791.59,K-CEIL-DCC-RACK,
198,DCC支架,DCC-Rack-200x200,200x200,194743.92,-5791.9,K-CEIL-DCC-RACK,
199,DCC支架,DCC-Rack-200x200,200x200,191793.92,-5791.9,K-CEIL-DCC-RACK,
200,DCC支架,DCC-Rack-200x200,200x200,188843.92,-5791.9,K-CEIL-DCC-RACK,
201,DCC支架,DCC-Rack-200x200,200x200,187543.92,-5791.9,K-CEIL-DCC-RACK,
202,DCC支架,DCC-Rack-200x200,200x200,158393.81,-5791.59,K-CEIL-DCC-RACK,
203,DCC支架,DCC-Rack-200x200,200x200,155443.92,-5791.59,K-CEIL-DCC-RACK,
204,DCC支架,DCC-Rack-200x200,200x200,174443.92,-5791.9,K-CEIL-DCC-RACK,
205,DCC支架,DCC-Rack-200x200,200x200,165943.81,-5791.9,K-CEIL-DCC-RACK,
206,DCC支架,DCC-Rack-200x200,200x200,162993.81,-5791.9,K-CEIL-DCC-RACK,
207,DCC支架,DCC-Rack-200x200,200x200,160043.81,-5791.9,K-CEIL-DCC-RACK,
208,DCC支架,DCC-Rack-200x200,200x200,138443.81,-5791.59,K-CEIL-DCC-RACK,
209,DCC支架,DCC-Rack-200,3500x2300(左) DCC-F,47400.0,2764.94,K-CEIL-DCC-RACK,
210,DCC支架,DCC-Rack-200x200,200x200,93206.28,118596.27,K-CEIL-DCC-RACK,
211,DCC支架,DCC-Rack-200,3500x2300(左) DCC-F,119400.44,2765.57,K-CEIL-DCC-RACK,
212,DCC支架,DCC-Rack-200x200,200x200,100406.28,118596.27,K-CEIL-DCC-RACK,
213,DCC支架,DCC-Rack-200,3500x2300(左) DCC-F,126600.44,2765.57,K-CEIL-DCC-RACK,
214,DCC支架,DCC-Rack-200,3500x2300(右) DCC-F,220200.0,2761.79,K-CEIL-DCC-RACK,
215,DCC支架,DCC-Rack-200x200,200x200,167193.81,271337.51,K-CEIL-DCC-RACK,
216,DCC支架,DCC-Rack-200x200,200x200,174413.59,271337.59,K-CEIL-DCC-RACK,
217,DCC支架,DCC-Rack-200x200,200x200,181613.59,271337.59,K-CEIL-DCC-RACK,
218,DCC支架,DCC-Rack-200,MD 1200x2200 DCC-F,169799.87,155635.11,K-CEIL-DCC-RACK,
219,DCC支架,DCC-Rack-200x200,200x200,143607.06,271337.59,K-CEIL-DCC-RACK,
220,DCC支架,DCC-Rack-150,2000x1800(右) DCC-A*2,115900.0,115675.0,K-CEIL-DCC-RACK,
221,DCC支架,DCC-Rack-200x200,200x200,42806.19,271337.59,K-CEIL-DCC-RACK,
222,DCC支架,DCC-Rack-200x200,200x200,35606.19,39804.41,K-CEIL-DCC-RACK,
223,DCC支架,DCC-Rack-200,3500x2300(左) DCC-F,61800.0,155635.11,K-CEIL-DCC-RACK,
224,DCC支架,DCC-Rack-200,3500x2300(左) DCC-F,25800.0,155635.11,K-CEIL-DCC-RACK,
225,DCC支架,DCC-Rack-200x200,200x200,6796.81,271337.59,K-CEIL-DCC-RACK,
226,DCC支架,DCC-Rack-200,3500x2300(左) DCC-F,47400.0,155635.11,K-CEIL-DCC-RACK,
227,DCC支架,DCC-Rack-200x200,200x200,64406.19,271337.59,K-CEIL-DCC-RACK,
228,DCC支架,DCC-Rack-200,MD 1200x2200 DCC-F,112199.93,155635.11,K-CEIL-DCC-RACK,
229,DCC支架,DCC-Rack-200x200,200x200,93206.04,271337.59,K-CEIL-DCC-RACK,
230,DCC支架,DCC-Rack-200,3500x2300(左) DCC-F,119399.85,155635.11,K-CEIL-DCC-RACK,
231,DCC支架,DCC-Rack-200x200,200x200,100406.11,271337.59,K-CEIL-DCC-RACK,
232,DCC支架,DCC-Rack-200,3500x2300(左) DCC-F,126599.93,155635.11,K-CEIL-DCC-RACK,
233,DCC支架,DCC-Rack-200x200,200x200,107606.19,271337.59,K-CEIL-DCC-RACK,
234,DCC支架,DCC-Rack-200,3500x2300(左) DCC-F,133799.93,155635.11,K-CEIL-DCC-RACK,
235,DCC支架,DCC-Rack-150,2850x1800(右) DCC-C*2,121050.0,115675.0,K-CEIL-DCC-RACK,
236,DCC支架,DCC-Rack-150,2850x2600(右) DCC-E,136100.0,115675.0,K-CEIL-DCC-RACK,
237,DCC支架,DCC-Rack-200,3500x2300(左) DCC-F,148213.85,155639.11,K-CEIL-DCC-RACK,
238,DCC支架,DCC-Rack-200,3500x2300(左) DCC-F,191406.99,155635.11,K-CEIL-DCC-RACK,
239,DCC支架,DCC-Rack-200x200,200x200,217593.81,271337.59,K-CEIL-DCC-RACK,
240,DCC支架,DCC-Rack-200x200,200x200,224793.81,271335.4,K-CEIL-DCC-RACK,
241,DCC支架,DCC-Rack-200x200,200x200,260793.81,271336.23,K-CEIL-DCC-RACK,
242,DCC支架,DCC-Rack-200,3500x2300(左) DCC-F,234605.0,155633.76,K-CEIL-DCC-RACK,
243,DCC支架,DCC-Rack-150,2850x1800(右) DCC-C,208100.0,115675.0,K-CEIL-DCC-RACK,
244,DCC支架,DCC-Rack-150,2850x1800(右) DCC-C,202300.12,115675.0,K-CEIL-DCC-RACK,
245,DCC支架,DCC-Rack-150,2850x1800(右) DCC-C,223900.0,115675.0,K-CEIL-DCC-RACK,
246,DCC支架,DCC-Rack-150,2850x2600(右) DCC-E*2,229699.88,115675.0,K-CEIL-DCC-RACK,
247,DCC支架,DCC-Rack-200,2850x2300(右) DCC-D,32400.0,42739.11,K-CEIL-DCC-RACK,
248,DCC支架,DCC-Rack-150,2850x2300(右) DCC-D,29500.0,42725.0,K-CEIL-DCC-RACK,
249,DCC支架,DCC-Rack-150,2850x2300(右) DCC-D,35300.0,42725.0,K-CEIL-DCC-RACK,
250,DCC支架,DCC-Rack-200,2850x2300(右) DCC-D,25200.0,42739.11,K-CEIL-DCC-RACK,
251,DCC支架,DCC-Rack-150,2850x2300(右) DCC-D*2,22300.0,42725.0,K-CEIL-DCC-RACK,
252,DCC支架,DCC-Rack-150,2850x2300(右) DCC-D,28100.0,42725.0,K-CEIL-DCC-RACK,
253,DCC支架,DCC-Rack-200,2850x1800(右) DCC-C,82800.0,42739.11,K-CEIL-DCC-RACK,
254,DCC支架,DCC-Rack-150,2850x1800(右) DCC-C*2,79900.0,42725.0,K-CEIL-DCC-RACK,
255,DCC支架,DCC-Rack-150,2850x2300(右) DCC-C,85700.0,42725.0,K-CEIL-DCC-RACK,
256,DCC支架,DCC-Rack-200,2850x2300(右) DCC-D,111600.0,42739.11,K-CEIL-DCC-RACK,
257,DCC支架,DCC-Rack-150,2850x2300(右) DCC-D,108700.0,42725.0,K-CEIL-DCC-RACK,
258,DCC支架,DCC-Rack-150,2850x2300(右) DCC-D,114500.0,42725.0,K-CEIL-DCC-RACK,
259,DCC支架,DCC-Rack-200x200,200x200,28406.19,118595.64,K-CEIL-DCC-RACK,
260,DCC支架,DCC-Rack-200,MD 1200x2200 DCC-F*2,54600.0,2764.94,K-CEIL-DCC-RACK,
261,DCC支架,DCC-Rack-200,3500x2300(左) DCC-F,61800.0,2764.94,K-CEIL-DCC-RACK,
262,DCC支架,DCC-Rack-200x200,200x200,42806.19,118595.64,K-CEIL-DCC-RACK,
263,DCC支架,DCC-Rack-200,3500x2300(左) DCC-F,69000.0,2764.94,K-CEIL-DCC-RACK,
264,DCC支架,DCC-Rack-200x200,200x200,50006.19,118595.64,K-CEIL-DCC-RACK,
265,DCC支架,DCC-Rack-200,3500x2300(左) DCC-F,76200.0,2764.94,K-CEIL-DCC-RACK,
266,DCC支架,DCC-Rack-200x200,200x200,57206.19,118595.64,K-CEIL-DCC-RACK,
267,DCC支架,DCC-Rack-200x200,200x200,64406.19,118595.96,K-CEIL-DCC-RACK,
268,DCC支架,DCC-Rack-200,3500x2300(左) DCC-F,90593.06,2765.26,K-CEIL-DCC-RACK,
269,DCC支架,DCC-Rack-200x200,200x200,71599.25,118595.96,K-CEIL-DCC-RACK,
270,DCC支架,DCC-Rack-200,3500x2300(左) DCC-F,97786.12,2765.26,K-CEIL-DCC-RACK,
271,DCC支架,DCC-Rack-200x200,200x200,78792.31,118595.96,K-CEIL-DCC-RACK,
272,DCC支架,DCC-Rack-200,3500x2300(左) DCC-F,104979.18,2765.26,K-CEIL-DCC-RACK,
273,DCC支架,DCC-Rack-200x200,200x200,85985.37,118595.96,K-CEIL-DCC-RACK,
274,DCC支架,DCC-Rack-150,2850x2300(右) DCC-D,193700.0,42675.0,K-CEIL-DCC-RACK,
275,DCC支架,DCC-Rack-150,,191000.0,42675.0,K-CEIL-DCC-RACK,
276,DCC支架,DCC-Rack-200x200,200x200,150806.19,118596.9,K-CEIL-DCC-RACK,
277,DCC支架,DCC-Rack-200x200,200x200,186806.19,118592.49,K-CEIL-DCC-RACK,
278,DCC支架,DCC-Rack-200x200,200x200,201206.19,118592.49,K-CEIL-DCC-RACK,
279,DCC支架,DCC-Rack-200x200,200x200,208406.19,118592.49,K-CEIL-DCC-RACK,
280,DCC支架,DCC-Rack-200,3500x2300(右) DCC-F,234600.0,2761.79,K-CEIL-DCC-RACK,
281,DCC支架,DCC-Rack-200x200,200x200,215606.19,118592.49,K-CEIL-DCC-RACK,
282,DCC支架,DCC-Rack-200x200,200x200,221331.19,118592.49,K-CEIL-DCC-RACK,
283,DCC支架,DCC-Rack-150,2850x2300(右),173500.0,50877.68,K-CEIL-DCC-RACK,
284,DCC支架,DCC-Rack-150,2850x2300(左) DCC-C*2,202306.0,107525.32,K-CEIL-DCC-RACK,
285,DCC支架,DCC-Rack-150,2850x2300(左),208106.0,107525.32,K-CEIL-DCC-RACK,
286,DCC支架,DCC-Rack-200x200,200x200,230749.81,-5791.27,K-CEIL-DCC-RACK,
287,DCC支架,DCC-Rack-200x200,200x200,227799.81,-5791.27,K-CEIL-DCC-RACK,
288,DCC支架,DCC-Rack-200x200,200x200,224849.81,-5791.27,K-CEIL-DCC-RACK,
289,DCC支架,DCC-Rack-150,2850x2300(右),202300.0,50874.68,K-CEIL-DCC-RACK,
290,DCC支架,DCC-Rack-150,2850x2600(右) DCC-E,208100.0,50874.68,K-CEIL-DCC-RACK,
291,DCC支架,DCC-Rack-200x200,200x200,179681.08,164241.27,K-CEIL-DCC-RACK,
292,DCC支架,DCC-Rack-200x200,200x200,230718.71,164241.27,K-CEIL-DCC-RACK,
293,DCC支架,DCC-Rack-200x200,200x200,182606.08,164241.27,K-CEIL-DCC-RACK,
294,DCC支架,DCC-Rack-150,2850x2300(右),157700.0,50874.68,K-CEIL-DCC-RACK,
295,DCC支架,DCC-Rack-150,2850x2300(右),151900.0,50874.68,K-CEIL-DCC-RACK,
296,DCC支架,DCC-Rack-200x200,200x200,129281.19,164241.27,K-CEIL-DCC-RACK,
297,DCC支架,DCC-Rack-200x200,200x200,180318.81,164241.27,K-CEIL-DCC-RACK,
298,DCC支架,DCC-Rack-200x200,200x200,132206.19,164241.27,K-CEIL-DCC-RACK,
299,DCC支架,DCC-Rack-150,2850x2300(右),136100.0,50874.68,K-CEIL-DCC-RACK,
300,DCC支架,DCC-Rack-200x200,200x200,158718.81,164241.27,K-CEIL-DCC-RACK,
301,DCC支架,DCC-Rack-200x200,200x200,110606.19,164241.27,K-CEIL-DCC-RACK,
302,DCC支架,DCC-Rack-150,2850x2300(右),114500.0,50874.68,K-CEIL-DCC-RACK,
303,DCC支架,DCC-Rack-150,2850x2300(右),108700.0,50874.68,K-CEIL-DCC-RACK,
304,DCC支架,DCC-Rack-200x200,200x200,86081.19,164241.27,K-CEIL-DCC-RACK,
305,DCC支架,DCC-Rack-200x200,200x200,137118.81,164241.27,K-CEIL-DCC-RACK,
306,DCC支架,DCC-Rack-200x200,200x200,89006.19,164241.27,K-CEIL-DCC-RACK,
307,DCC支架,DCC-Rack-150,2850x2300(左) DCC-C*2,144700.0,107525.0,K-CEIL-DCC-RACK,
308,DCC支架,DCC-Rack-150,2850x2300(左),150500.0,107525.0,K-CEIL-DCC-RACK,
309,DCC支架,DCC-Rack-200x200,200x200,173143.81,-5791.9,K-CEIL-DCC-RACK,
310,DCC支架,DCC-Rack-200x200,200x200,170193.81,-5791.9,K-CEIL-DCC-RACK,
311,DCC支架,DCC-Rack-200x200,200x200,167243.81,-5791.9,K-CEIL-DCC-RACK,
312,DCC支架,DCC-Rack-150,2850x2300(左) DCC-C*2,151900.0,107525.0,K-CEIL-DCC-RACK,
313,DCC支架,DCC-Rack-150,2850x2300(左),157700.0,107525.0,K-CEIL-DCC-RACK,
314,DCC支架,DCC-Rack-200x200,200x200,180343.81,-5791.9,K-CEIL-DCC-RACK,
315,DCC支架,DCC-Rack-200x200,200x200,177393.81,-5791.9,K-CEIL-DCC-RACK,
316,DCC支架,DCC-Rack-200x200,200x200,174443.81,-5791.9,K-CEIL-DCC-RACK,
317,DCC支架,DCC-Rack-150,2850x2300(左) DCC-C*2,159100.0,107525.0,K-CEIL-DCC-RACK,
318,DCC支架,DCC-Rack-150,2850x2300(左),164900.0,107525.0,K-CEIL-DCC-RACK,
319,DCC支架,DCC-Rack-200x200,200x200,187543.81,-5791.9,K-CEIL-DCC-RACK,
320,DCC支架,DCC-Rack-200x200,200x200,184593.81,-5791.9,K-CEIL-DCC-RACK,
321,DCC支架,DCC-Rack-200x200,200x200,181643.81,-5791.9,K-CEIL-DCC-RACK,
322,DCC支架,DCC-Rack-200x200,200x200,137143.81,-5791.9,K-CEIL-DCC-RACK,
323,DCC支架,DCC-Rack-200x200,200x200,134193.81,-5791.9,K-CEIL-DCC-RACK,
324,DCC支架,DCC-Rack-150,2850x1800(右) DCC-C*2,29500.0,107525.0,K-CEIL-DCC-RACK,
325,DCC支架,DCC-Rack-150,2850x2600(右) DCC-E*2,35300.0,107525.0,K-CEIL-DCC-RACK,
326,DCC支架,DCC-Rack-150,2850x1800(右) DCC-C*2,42500.0,107525.0,K-CEIL-DCC-RACK,
327,DCC支架,DCC-Rack-150,2850x2600(右) DCC-E*2,36700.0,107525.0,K-CEIL-DCC-RACK,
328,DCC支架,DCC-Rack-150,2850x1800(右) DCC-C*2,43900.0,107525.0,K-CEIL-DCC-RACK,
329,DCC支架,DCC-Rack-150,2850x2600(右) DCC-E*2,49700.0,107525.0,K-CEIL-DCC-RACK,
330,DCC支架,DCC-Rack-150,2850x1800(右) DCC-C*2,79900.0,107525.0,K-CEIL-DCC-RACK,
331,DCC支架,DCC-Rack-150,2850x2600(右) DCC-E*2,85700.0,107525.0,K-CEIL-DCC-RACK,
332,DCC支架,DCC-Rack-150,2850x2600(右) DCC-E*2,87100.0,107525.0,K-CEIL-DCC-RACK,
333,DCC支架,DCC-Rack-150,2850x1800(右) DCC-C*2,92900.0,107525.0,K-CEIL-DCC-RACK,
334,DCC支架,DCC-Rack-150,2850x1800(右) DCC-C*2,94300.0,107525.0,K-CEIL-DCC-RACK,
335,DCC支架,DCC-Rack-150,2850x1800(右) DCC-E*2,100100.0,107525.0,K-CEIL-DCC-RACK,
336,DCC支架,DCC-Rack-150,2850x1800(右) DCC-C*2,101500.0,107525.0,K-CEIL-DCC-RACK,
337,DCC支架,DCC-Rack-150,2850x2600(右) DCC-E*2,107300.0,107525.0,K-CEIL-DCC-RACK,
338,DCC支架,DCC-Rack-200,2850x2300(右) DCC-D*2,198000.0,42739.11,K-CEIL-DCC-RACK,
339,DCC支架,DCC-Rack-150,2850x2300(右) DCC-D,195100.0,42726.74,K-CEIL-DCC-RACK,
340,DCC支架,DCC-Rack-150,2850x1800(左) DCC-D*2,200900.0,42726.74,K-CEIL-DCC-RACK,
341,DCC支架,DCC-Rack-150,DCC-D*2,51100.0,107525.0,K-CEIL-DCC-RACK,
342,DCC支架,DCC-Rack-150,2000*2300(右) DCC-B,56900.0,107525.0,K-CEIL-DCC-RACK,
343,DCC支架,DCC-Rack-200x200,200x200,79543.81,-5791.9,K-CEIL-DCC-RACK,
344,DCC支架,DCC-Rack-200x200,200x200,76593.81,-5791.9,K-CEIL-DCC-RACK,
345,DCC支架,DCC-Rack-200x200,200x200,73643.81,-5791.9,K-CEIL-DCC-RACK,
346,DCC支架,DCC-Rack-150,,51100.0,50875.0,K-CEIL-DCC-RACK,
347,DCC支架,DCC-Rack-150,2000*2300(右) DCC-B,56900.0,50875.0,K-CEIL-DCC-RACK,
348,DCC支架,DCC-Rack-200x200,200x200,79543.81,164191.9,K-CEIL-DCC-RACK,
349,DCC支架,DCC-Rack-200x200,200x200,76593.81,164191.9,K-CEIL-DCC-RACK,
350,DCC支架,DCC-Rack-200x200,200x200,73643.81,164191.9,K-CEIL-DCC-RACK,
351,DCC支架,DCC-Rack-150,2000*2300(右) DCC-B,60900.0,107525.0,K-CEIL-DCC-RACK,
352,DCC支架,DCC-Rack-150,2000*2300(右) DCC-B,60900.0,50875.0,K-CEIL-DCC-RACK,
353,DCC支架,DCC-Rack-200x200,200x200,64406.11,271337.59,K-CEIL-DCC-RACK,
354,DCC支架,DCC-Rack-200,3500x2300(左) DCC-F,90600.0,155635.11,K-CEIL-DCC-RACK,
355,DCC支架,DCC-Rack-200x200,200x200,78806.26,271337.59,K-CEIL-DCC-RACK,
356,DCC支架,DCC-Rack-200,3500x2300(左) DCC-F,97800.07,155635.11,K-CEIL-DCC-RACK,
357,DCC支架,DCC-Rack-200x200,200x200,86006.34,271337.59,K-CEIL-DCC-RACK,
358,DCC支架,DCC-Rack-200,3500x2300(左) DCC-F,105000.15,155635.11,K-CEIL-DCC-RACK,
359,DCC支架,DCC-Rack-200,2850x2300(右) DCC-D*2,46800.0,115661.21,K-CEIL-DCC-RACK,
360,DCC支架,DCC-Rack-150,2850x2300(右) DCC-D,43900.0,115675.0,K-CEIL-DCC-RACK,
361,DCC支架,DCC-Rack-150,2850x2300(右) DCC-D*2,49700.0,115675.0,K-CEIL-DCC-RACK,
362,DCC支架,DCC-Rack-200,2850x2300(右) DCC-D*2,54000.0,115661.21,K-CEIL-DCC-RACK,
363,DCC支架,DCC-Rack-150,2850x2300(右) DCC-D,51100.0,115675.0,K-CEIL-DCC-RACK,
364,DCC支架,DCC-Rack-150,2850x2300(右) DCC-D*2,56900.0,115675.0,K-CEIL-DCC-RACK,
365,DCC支架,DCC-Rack-200,2850x1800(右) DCC-C*2,82800.0,115661.21,K-CEIL-DCC-RACK,
366,DCC支架,DCC-Rack-150,2850x1800(右) DCC-C,79900.0,115675.0,K-CEIL-DCC-RACK,
367,DCC支架,DCC-Rack-150,2850x2600(右) DCC-E*2,85700.0,115675.0,K-CEIL-DCC-RACK,
368,DCC支架,DCC-Rack-150,2850x1800(右) DCC-C*2,144700.0,115675.0,K-CEIL-DCC-RACK,
369,DCC支架,DCC-Rack-150,2850x2600(右) DCC-E*2,157700.0,115676.72,K-CEIL-DCC-RACK,
370,DCC支架,DCC-Rack-150,2850x1800(右) DCC-C*2,151900.0,115675.0,K-CEIL-DCC-RACK,
371,DCC支架,DCC-Rack-150,2850x1800(右) DCC-E*2,222500.0,115676.72,K-CEIL-DCC-RACK,
372,DCC支架,DCC-Rack-150,2850x1800(右) DCC-C*2,216700.0,115675.0,K-CEIL-DCC-RACK,
373,DCC支架,DCC-Rack-200,3500x2300(右) DCC-F,205800.0,2761.79,K-CEIL-DCC-RACK,
374,DCC支架,DCC-Rack-200,MD 1200x2200 DCC-F*2,198600.0,2765.57,K-CEIL-DCC-RACK,
375,DCC支架,DCC-Rack-200x200,200x200,122006.19,118596.27,K-CEIL-DCC-RACK,
376,DCC支架,DCC-Rack-200,MD 1200x2200 DCC-F,140999.85,2765.57,K-CEIL-DCC-RACK,
377,DCC支架,DCC-Rack-200,MD 1200x2200 DCC-F*2,25800.0,2765.26,K-CEIL-DCC-RACK,
378,DCC支架,DCC-Rack-200x200,200x200,6806.19,118595.64,K-CEIL-DCC-RACK,
379,DCC支架,DCC-Rack-200,MD 1200x2200 DCC-F*2,83400.0,2764.94,K-CEIL-DCC-RACK,
380,DCC支架,DCC-Rack-150,2850x1800(右) DCC-C*2,29500.0,50875.0,K-CEIL-DCC-RACK,
381,DCC支架,DCC-Rack-150,2850x1800(右) DCC-E*2,35300.0,50875.0,K-CEIL-DCC-RACK,
382,DCC支架,DCC-Rack-150,2850x1800(右) DCC-C*2,36700.0,50875.0,K-CEIL-DCC-RACK,
383,DCC支架,DCC-Rack-150,2850x1800(右) DCC-E*2,42500.0,50875.0,K-CEIL-DCC-RACK,
384,DCC支架,DCC-Rack-150,2850x1800(右) DCC-C*2,43900.0,50875.0,K-CEIL-DCC-RACK,
385,DCC支架,DCC-Rack-150,2850x2600(右) DCC-E*2,49700.0,50875.0,K-CEIL-DCC-RACK,
386,DCC支架,DCC-Rack-150,2850x2600(右) DCC-E*2,215300.0,50875.0,K-CEIL-DCC-RACK,
387,DCC支架,DCC-Rack-150,2850x2600(右) DCC-E,209500.0,50875.0,K-CEIL-DCC-RACK,
388,DCC支架,DCC-Rack-150,2850x2300(右) DCC-C*2,222500.0,50875.0,K-CEIL-DCC-RACK,
389,DCC支架,DCC-Rack-150,2850x2600(右) DCC-E,216700.0,50875.0,K-CEIL-DCC-RACK,
390,DCC支架,DCC-Rack-200,3500x2300(左) DCC-F*2,40200.0,155635.11,K-CEIL-DCC-RACK,
391,DCC支架,DCC-Rack-200,MD 1200x2200 DCC-F*2,33000.0,155635.11,K-CEIL-DCC-RACK,
392,DCC支架,DCC-Rack-200,3500x2300(右) DCC-F,162602.18,2765.57,K-CEIL-DCC-RACK,
393,DCC支架,DCC-Rack-150,,29500.0,115675.0,K-CEIL-DCC-RACK,
394,DCC支架,DCC-Rack-200,MD 1200x2200 DCC-F,227400.0,2761.79,K-CEIL-DCC-RACK,
395,DCC支架,DCC-Rack-150,2850x2600(右) DCC-E*2,143300.0,42725.01,K-CEIL-DCC-RACK,
396,DCC支架,DCC-Rack-150,2850x1800(左) DCC-C*2,137500.0,42726.74,K-CEIL-DCC-RACK,
397,DCC支架,DCC-Rack-200,2850x2300(右) DCC-D*2,226800.0,50860.57,K-CEIL-DCC-RACK,
398,DCC支架,DCC-Rack-150,2850x2300(右) DCC-D*2,223900.0,50874.68,K-CEIL-DCC-RACK,
399,DCC支架,DCC-Rack-150,,229700.0,50574.68,K-CEIL-DCC-RACK,
400,DCC支架,DCC-Rack-200,,11400.0,155635.11,0-A-C200X100X35X3.0,
401,DCC支架,DCC-Rack-200x200,200x200,-7593.81,271337.59,K-CEIL-DCC-RACK,
402,DCC支架,DCC-Rack-200,,18600.0,155635.11,0-A-C200X100X35X3.0,
403,DCC支架,DCC-Rack-200,DCC-F,213000.0,155635.11,K-CEIL-DCC-RACK,
404,DCC支架,DCC-Rack-200,3500x2300(左) DCC-F,205806.99,155635.11,K-CEIL-DCC-RACK,
405,DCC支架,DCC-Rack-200x200,200x200,231993.81,271337.59,K-CEIL-DCC-RACK,
406,DCC支架,DCC-Rack-200x200,200x200,239193.81,271337.59,K-CEIL-DCC-RACK,
407,DCC支架,DCC-Rack-200,3500x2300(左) DCC-F,220206.99,155635.11,K-CEIL-DCC-RACK,
408,DCC支架,DCC-Rack-200x200,200x200,246393.81,271337.59,K-CEIL-DCC-RACK,
409,DCC支架,DCC-Rack-200,MD 1200x2200 DCC-F,227400.0,155635.11,K-CEIL-DCC-RACK,
410,DCC支架,DCC-Rack-200,MD 1200x2200 DCC-F,112200.24,2765.26,K-CEIL-DCC-RACK,
411,DCC支架,DCC-Rack-200,MD 1200x2200 DCC-F,198599.77,155635.11,K-CEIL-DCC-RACK,
412,DCC支架,DCC-Rack-200,2850x2600(右) DCC-E,90000.0,115661.21,K-CEIL-DCC-RACK,
413,DCC支架,DCC-Rack-200,2850x2600(右) DCC-E*2,97200.11,115660.89,K-CEIL-DCC-RACK,
414,DCC支架,DCC-Rack-200,2850x1800(右) DCC-C*2,205200.0,115659.17,K-CEIL-DCC-RACK,
415,DCC支架,DCC-Rack-200,2850x2600(右) DCC-E*2,226774.64,115659.17,K-CEIL-DCC-RACK,
416,DCC支架,DCC-Rack-200,2850x1800(右) DCC-C*2,3625.0,115660.89,K-CEIL-DCC-RACK,
417,DCC支架,DCC-Rack-200,2850x1800(右) DCC-C*2,73491.34,115660.89,K-CEIL-DCC-RACK,
418,DCC支架,DCC-Rack-200,2850x1800(右) DCC-C*2,118106.0,115660.89,K-CEIL-DCC-RACK,
419,DCC支架,DCC-Rack-200,2850x2600(右) DCC-E,133175.0,115660.89,K-CEIL-DCC-RACK,
420,DCC支架,DCC-Rack-200,2850x1800(右) DCC-C*2,198000.0,115661.21,K-CEIL-DCC-RACK,
421,DCC支架,DCC-Rack-150,2850x2600(右) DCC-E,6500.0,107989.24,K-CEIL-DCC-RACK,
422,DCC支架,DCC-Rack-150,2850x2600(右) DCC-E*2,7900.0,107989.24,K-CEIL-DCC-RACK,
423,DCC支架,DCC-Rack-200,2000*2300(右) DCC-B,58841.23,107539.11,K-CEIL-DCC-RACK,
424,DCC支架,DCC-Rack-150,2000*2300(左) DCC-B,191100.0,107525.0,K-CEIL-DCC-RACK,
425,DCC支架,DCC-Rack-150,2850x2300(左) DCC-C*2,132875.0,107525.0,K-CEIL-DCC-RACK,
426,DCC支架,DCC-Rack-200,2000*2300(右) DCC-B,58850.0,50859.17,K-CEIL-DCC-RACK,
427,DCC支架,DCC-Rack-150,2000*2300(左),191000.0,50874.68,K-CEIL-DCC-RACK,
428,DCC支架,DCC-Rack-200,2850x2300(右) DCC-D*2,118145.79,42739.11,K-CEIL-DCC-RACK,
429,DCC支架,DCC-Rack-200,2850x1800(左) DCC-C*2,133199.89,42740.53,K-CEIL-DCC-RACK,
430,DCC支架,DCC-Rack-200,2850x2300(左) DCC-D*2,46800.0,42739.11,K-CEIL-DCC-RACK,
431,DCC支架,DCC-Rack-200,2000*2300(左) DCC-B,60358.66,42740.85,K-CEIL-DCC-RACK,
432,DCC支架,DCC-Rack-200,2850x2300(右) DCC-D*2,76250.0,42739.43,K-CEIL-DCC-RACK,
433,DCC支架,DCC-Rack-200,2850x2300(右) DCC-D*2,175550.0,42739.11,K-CEIL-DCC-RACK,
434,DCC支架,DCC-Rack-200x200,200x200,14005.81,271337.59,K-CEIL-DCC-RACK,
435,DCC支架,DCC-Rack-200,MD 1200x2200,34500.0,155635.11,K-CEIL-DCC-RACK,
436,DCC支架,DCC-Rack-200x200,200x200,266518.81,271336.23,K-CEIL-DCC-RACK,
437,DCC支架,DCC-Rack-200x200,200x200,179606.19,118592.49,K-CEIL-DCC-RACK,
438,DCC支架,DCC-Rack-150,2850x1800(右),1525.0,115675.0,K-CEIL-DCC-RACK,
439,DCC支架,DCC-Rack-200,2850x1800(右) DCC-C*2,2325.0,115660.89,K-CEIL-DCC-RACK,
440,DCC支架,DCC-Rack-150,,13700.0,115675.0,K-CEIL-DCC-RACK,
441,DCC支架,DCC-Rack-150,,13700.0,115674.68,K-CEIL-DCC-RACK,
442,DCC支架,DCC-Rack-200,,59575.0,115660.89,K-CEIL-DCC-RACK,
443,DCC支架,DCC-Rack-200x200,200x200,53847.6,231491.59,K-CEIL-DCC-RACK,
444,DCC支架,DCC-Rack-150,,94300.0,115675.0,K-CEIL-DCC-RACK,
445,DCC支架,DCC-Rack-150,2850x2600(右) DCC-E,92900.0,115675.0,K-CEIL-DCC-RACK,
446,DCC支架,DCC-Rack-150,,130300.0,115675.0,K-CEIL-DCC-RACK,
447,DCC支架,DCC-Rack-200x200,200x200,125006.37,231493.63,K-CEIL-DCC-RACK,
448,DCC支架,DCC-Rack-200x200,200x200,132206.37,231493.63,K-CEIL-DCC-RACK,
449,DCC支架,DCC-Rack-200x200,200x200,197006.37,231493.63,K-CEIL-DCC-RACK,
450,DCC支架,DCC-Rack-200x200,200x200,249381.31,-8291.59,K-CEIL-DCC-RACK,
451,DCC支架,DCC-Rack-200x200,200x200,242181.31,-8291.59,K-CEIL-DCC-RACK,
452,DCC支架,DCC-Rack-200x200,200x200,234981.31,-8291.59,K-CEIL-DCC-RACK,
453,DCC支架,DCC-Rack-200x200,200x200,227781.31,-8291.59,K-CEIL-DCC-RACK,
454,DCC支架,DCC-Rack-200x200,200x200,220581.31,-8291.59,K-CEIL-DCC-RACK,
455,DCC支架,DCC-Rack-150,2850x2300(左),193700.0,107525.0,K-CEIL-DCC-RACK,
456,DCC支架,DCC-Rack-150,2850x2300(左),173500.0,107475.0,K-CEIL-DCC-RACK,
457,DCC支架,DCC-Rack-200x200,200x200,191781.31,-8291.59,K-CEIL-DCC-RACK,
458,DCC支架,DCC-Rack-200x200,200x200,184581.31,-8291.59,K-CEIL-DCC-RACK,
459,DCC支架,DCC-Rack-200x200,200x200,177381.31,-8291.59,K-CEIL-DCC-RACK,
460,DCC支架,DCC-Rack-200x200,200x200,170181.31,-8291.59,K-CEIL-DCC-RACK,
461,DCC支架,DCC-Rack-200x200,200x200,162981.31,-8291.59,K-CEIL-DCC-RACK,
462,DCC支架,DCC-Rack-150,2850x2300(左),136100.0,107525.0,K-CEIL-DCC-RACK,
463,DCC支架,DCC-Rack-200x200,200x200,126981.31,-8291.59,K-CEIL-DCC-RACK,
464,DCC支架,DCC-Rack-200x200,200x200,119781.31,-8291.59,K-CEIL-DCC-RACK,
465,DCC支架,DCC-Rack-200x200,200x200,112581.31,-8291.59,K-CEIL-DCC-RACK,
466,DCC支架,DCC-Rack-200x200,200x200,105381.31,-8291.59,K-CEIL-DCC-RACK,
467,DCC支架,DCC-Rack-200x200,200x200,98181.31,-8291.59,K-CEIL-DCC-RACK,
468,DCC支架,DCC-Rack-150,2000*2300(右) DCC-B,58300.0,107525.0,K-CEIL-DCC-RACK,
469,DCC支架,DCC-Rack-200x200,200x200,69381.31,-8291.59,K-CEIL-DCC-RACK,
470,DCC支架,DCC-Rack-200x200,200x200,17018.69,-8291.59,K-CEIL-DCC-RACK,
471,DCC支架,DCC-Rack-200x200,200x200,54982.09,-8291.59,K-CEIL-DCC-RACK,
472,DCC支架,DCC-Rack-150,2850x2600(右),1525.0,107989.24,K-CEIL-DCC-RACK,
473,DCC支架,DCC-Rack-200x200,200x200,76581.31,-8291.59,K-CEIL-DCC-RACK,
474,DCC支架,DCC-Rack-200,MD 1200x2200,84900.0,155631.31,K-CEIL-DCC-RACK,
475,DCC支架,DCC-Rack-200,MD 1200x2200,113699.93,155639.11,K-CEIL-DCC-RACK,
476,DCC支架,DCC-Rack-200,MD 1200x2200,171299.87,155639.11,K-CEIL-DCC-RACK,
477,DCC支架,DCC-Rack-200,MD 1200x2200,200099.77,155635.11,K-CEIL-DCC-RACK,
478,DCC支架,DCC-Rack-200,MD 1200x2200,228900.0,155635.11,K-CEIL-DCC-RACK,
479,DCC支架,DCC-Rack-200,2850x2300(右) DCC-D,30775.0,115660.89,K-CEIL-DCC-RACK,
480,DCC支架,DCC-Rack-200,2850x1800(右) DCC-C*2,196699.72,115662.09,K-CEIL-DCC-RACK,
481,DCC支架,DCC-Rack-150,2850x2600(右) DCC-E*2,11125.03,108037.5,K-CEIL-DCC-RACK,
482,DCC支架,DCC-Rack-200,,229000.0,50560.57,K-CEIL-DCC-RACK,
483,DCC支架,DCC-Rack-200x200,200x200,197006.26,166690.18,K-CEIL-DCC-RACK,
484,DCC支架,DCC-Rack-200x200,200x200,189806.26,166690.18,K-CEIL-DCC-RACK,
485,DCC支架,DCC-Rack-200x200,200x200,182606.26,166691.59,K-CEIL-DCC-RACK,
486,DCC支架,DCC-Rack-200x200,200x200,175406.26,166691.27,K-CEIL-DCC-RACK,
487,DCC支架,DCC-Rack-200,2850x2300(右),174174.78,50860.89,K-CEIL-DCC-RACK,
488,DCC支架,DCC-Rack-200x200,200x200,146606.37,166691.27,K-CEIL-DCC-RACK,
489,DCC支架,DCC-Rack-200x200,200x200,139406.26,166691.27,K-CEIL-DCC-RACK,
490,DCC支架,DCC-Rack-200x200,200x200,132206.26,166691.27,K-CEIL-DCC-RACK,
491,DCC支架,DCC-Rack-200x200,200x200,125006.37,166691.27,K-CEIL-DCC-RACK,
492,DCC支架,DCC-Rack-200x200,200x200,117806.26,166691.27,K-CEIL-DCC-RACK,
493,DCC支架,DCC-Rack-200,,120100.11,50860.89,K-CEIL-DCC-RACK,
494,DCC支架,DCC-Rack-200x200,200x200,89006.26,166691.27,K-CEIL-DCC-RACK,
495,DCC支架,DCC-Rack-200x200,200x200,81806.26,166690.18,K-CEIL-DCC-RACK,
496,DCC支架,DCC-Rack-200x200,200x200,74606.26,166690.18,K-CEIL-DCC-RACK,
497,DCC支架,DCC-Rack-200x200,200x200,67406.26,166690.17,K-CEIL-DCC-RACK,
498,DCC支架,DCC-Rack-200x200,200x200,60206.26,166690.17,K-CEIL-DCC-RACK,
499,DCC支架,DCC-Rack-200x200,200x200,53006.26,166691.59,K-CEIL-DCC-RACK,
500,DCC支架,DCC-Rack-200x200,200x200,31406.26,166691.59,K-CEIL-DCC-RACK,
501,DCC支架,DCC-Rack-150,2000*2300(右) DCC-B,58300.0,50875.0,K-CEIL-DCC-RACK,
502,DCC支架,DCC-Rack-200x200,200x200,24206.15,166691.9,K-CEIL-DCC-RACK,
503,DCC支架,DCC-Rack-200x200,200x200,17006.15,166691.9,K-CEIL-DCC-RACK,
504,DCC支架,DCC-Rack-200x200,200x200,9806.15,166691.9,K-CEIL-DCC-RACK,
505,DCC支架,DCC-Rack-200x200,200x200,2606.15,166690.18,K-CEIL-DCC-RACK,
506,DCC支架,DCC-Rack-150,2000x2600(右) DCC-J*2,7900.0,50450.0,K-CEIL-DCC-RACK,
507,DCC支架,DCC-Rack-200x200,200x200,-12618.81,166266.59,K-CEIL-DCC-RACK,
508,DCC支架,DCC-Rack-200x200,200x200,-18943.81,166264.85,K-CEIL-DCC-RACK,
509,DCC支架,DCC-Rack-150,2000x2600(右) DCC-J*2,6500.0,50450.0,K-CEIL-DCC-RACK,
510,DCC支架,DCC-Rack-200x200,200x200,96206.29,166691.27,K-CEIL-DCC-RACK,
511,DCC支架,DCC-Rack-200x200,200x200,110606.26,166691.59,K-CEIL-DCC-RACK,
512,DCC支架,DCC-Rack-200x200,200x200,198068.6,166691.27,K-CEIL-DCC-RACK,
513,DCC支架,DCC-Rack-200x200,200x200,170472.6,166691.27,K-CEIL-DCC-RACK,
514,DCC支架,DCC-Rack-150,2000x2300(右) DCC-B,10000.0,42725.0,K-CEIL-DCC-RACK,
515,DCC支架,DCC-Rack-200,2850x2300(左) DCC-D*2,45175.0,42739.11,K-CEIL-DCC-RACK,
516,DCC支架,DCC-Rack-200x200,200x200,31406.26,-73091.59,K-CEIL-DCC-RACK,
517,DCC支架,DCC-Rack-200,2850x2300(右) DCC-D*2,116845.79,43039.11,K-CEIL-DCC-RACK,
518,DCC支架,DCC-Rack-200,2850x1800(右),77550.0,42739.43,K-CEIL-DCC-RACK,
519,DCC支架,DCC-Rack-150,2000*2300(左) DCC-B,60900.0,42726.74,K-CEIL-DCC-RACK,
520,DCC支架,DCC-Rack-200x200,200x200,117806.26,-73092.21,K-CEIL-DCC-RACK,
521,DCC支架,DCC-Rack-200,2850x2300(右) DCC-D*2,174250.0,43039.11,K-CEIL-DCC-RACK,
522,DCC支架,DCC-Rack-200,,192275.0,42686.58,K-CEIL-DCC-RACK,
523,DCC支架,DCC-Rack-200,,225025.0,43987.37,K-CEIL-DCC-RACK,
524,DCC支架,DCC-Rack-200,MD 1200x2200,27300.0,2765.26,K-CEIL-DCC-RACK,
525,DCC支架,DCC-Rack-200,MD 1200x2200,56100.0,2764.94,K-CEIL-DCC-RACK,
526,DCC支架,DCC-Rack-200,MD 1200x2200,84900.0,2764.94,K-CEIL-DCC-RACK,
527,DCC支架,DCC-Rack-200,MD 1200x2200,113700.24,2765.26,K-CEIL-DCC-RACK,
528,DCC支架,DCC-Rack-200,MD 1200x2200,142499.85,2765.57,K-CEIL-DCC-RACK,
529,DCC支架,DCC-Rack-200,MD 1200x2200,171300.0,2765.26,K-CEIL-DCC-RACK,
530,DCC支架,DCC-Rack-200,MD 1200x2200,200100.0,2754.89,K-CEIL-DCC-RACK,
531,DCC支架,DCC-Rack-200,MD 1200x2200,228900.0,2761.79,K-CEIL-DCC-RACK,
532,DCC支架,DCC-Rack-150,2850x2300(右) DCC-D*2,50974.5,49700.0,K-CEIL-DCC-RACK,
533,DCC支架,DCC-Rack-150,2850x2300(右),132875.0,50875.0,K-CEIL-DCC-RACK,
534,DCC支架,DCC-Rack-200,2850x1800(右) DCC-B,193759.89,48438.79,K-CEIL-DCC-RACK,
535,DCC支架,DCC-Rack-200,2850x1800(左) DCC-C*2,193750.0,110038.11,K-CEIL-DCC-RACK,
536,DCC支架,DCC-Rack-200x200,200x200,158381.21,-8291.59,K-CEIL-DCC-RACK,
537,DCC支架,DCC-Rack-200x200,200x200,153175.6,-8291.59,K-CEIL-DCC-RACK,
538,DCC支架,DCC-Rack-200x200,200x200,215817.6,-8291.59,K-CEIL-DCC-RACK,
539,DCC支架,DCC-Rack-150,2850x2300(左) DCC-D*2,50969.39,108700.0,K-CEIL-DCC-RACK,
540,DCC支架,DCC-Rack-200,2850x1800(左) DCC-C*2,137100.0,109988.95,K-CEIL-DCC-RACK,
541,DCC支架,DCC-Rack-150,2850x2300(右) DCC-B,237651.72,114500.0,K-CEIL-DCC-RACK,
542,DCC支架,DCC-Rack-150,2850x2300(右) DCC-D,237651.72,111650.0,K-CEIL-DCC-RACK,
543,DCC支架,DCC-Rack-150,2850x2300(右) DCC-D,240648.28,111186.32,K-CEIL-DCC-RACK,
544,DCC支架,DCC-Rack-150,2000x2300(右) DCC-B,240648.28,108336.32,K-CEIL-DCC-RACK,
545,DCC支架,DCC-Rack-150,2000x2300(右) DCC-B,238300.0,107525.0,K-CEIL-DCC-RACK,
546,DCC支架,DCC-Rack-150,2000x2300(右) DCC-B,240300.0,107526.72,K-CEIL-DCC-RACK,
547,DCC支架,DCC-Rack-150,2850x2300(右) DCC-D,240648.28,50196.24,K-CEIL-DCC-RACK,
548,DCC支架,DCC-Rack-150,2850x2300(右) DCC-D,240648.28,47346.24,K-CEIL-DCC-RACK,
549,DCC支架,DCC-Rack-150,2850x2300(左) DCC-D,237650.0,46750.0,K-CEIL-DCC-RACK,
550,DCC支架,DCC-Rack-150,2000*2300(右) DCC-B,237651.72,43900.0,K-CEIL-DCC-RACK,
551,DCC支架,DCC-Rack-150,2000*2300(左) DCC-B,238300.0,50875.0,K-CEIL-DCC-RACK,
552,DCC支架,DCC-Rack-150,2850x2300(右) DCC-B,240308.66,50875.0,K-CEIL-DCC-RACK,
553,DCC支架,DCC-Rack-200x200,200x200,3212.01,271337.59,K-CEIL-DCC-RACK,
554,DCC支架,DCC-Rack-200,2850x2600(右) DCC-E*2,95575.0,115660.89,K-CEIL-DCC-RACK,
555,DCC支架,DCC-Rack-200,2850x2600(右) DCC-E,134825.0,115613.21,K-CEIL-DCC-RACK,
556,DCC支架,DCC-Rack-150,2850x2300(右) DCC-D*2,178650.0,113749.68,K-CEIL-DCC-RACK,
557,DCC支架,DCC-Rack-150,2850x1800(右) DCC-C,209500.0,115675.0,K-CEIL-DCC-RACK,
558,DCC支架,DCC-Rack-150,2850x1800(右) DCC-C,215299.88,115675.0,K-CEIL-DCC-RACK,
559,DCC支架,DCC-Rack-200,2850x1800(右) DCC-C,212374.64,115659.17,K-CEIL-DCC-RACK,
560,DCC支架,DCC-Rack-200x200,200x200,146006.26,229566.59,K-CEIL-DCC-RACK,
561,DCC支架,DCC-Rack-200x200,200x200,143056.26,229566.59,K-CEIL-DCC-RACK,
562,DCC支架,DCC-Rack-200x200,200x200,148931.19,229566.59,K-CEIL-DCC-RACK,
563,DCC支架,DCC-Rack-200x200,200x200,150231.19,229566.15,K-CEIL-DCC-RACK,
564,DCC支架,DCC-Rack-200x200,200x200,153156.19,229566.59,K-CEIL-DCC-RACK,
565,DCC支架,DCC-Rack-150,2000x1800(左) DCC-A*2,115900.0,107525.32,K-CEIL-DCC-RACK,
566,DCC支架,DCC-Rack-150,2850x2300(左),120850.0,107525.32,K-CEIL-DCC-RACK,
567,DCC支架,DCC-Rack-200x200,200x200,143493.81,-5791.59,K-CEIL-DCC-RACK,
568,DCC支架,DCC-Rack-200x200,200x200,140531.31,-8291.27,K-CEIL-DCC-RACK,
569,DCC支架,DCC-Rack-200,2850x1800(左) DCC-C*2,108275.08,110039.11,K-CEIL-DCC-RACK,
570,DCC支架,DCC-Rack-200x200,200x200,140543.81,-5791.59,K-CEIL-DCC-RACK,
571,DCC支架,DCC-Rack-200,2850x1800(右) DCC-C,154800.0,42739.11,K-CEIL-DCC-RACK,
572,DCC支架,DCC-Rack-150,2850x1800(右) DCC-C*2,151900.0,42725.0,K-CEIL-DCC-RACK,
573,DCC支架,DCC-Rack-150,2850x1800(右) DCC-C,157700.0,42725.0,K-CEIL-DCC-RACK,
574,DCC支架,DCC-Rack-200,2850x1800(右) DCC-C*2,162000.0,42739.11,K-CEIL-DCC-RACK,
575,DCC支架,DCC-Rack-150,2850x1800(右) DCC-C,159100.0,42725.0,K-CEIL-DCC-RACK,
576,DCC支架,DCC-Rack-150,2850x2600(右) DCC-C*2,164900.0,42725.0,K-CEIL-DCC-RACK,
577,DCC支架,DCC-Rack-200,2850x1800(左) DCC-C,205200.0,42739.11,K-CEIL-DCC-RACK,
578,DCC支架,DCC-Rack-150,2850x1800(左) DCC-C*2,202300.0,42725.0,K-CEIL-DCC-RACK,
579,DCC支架,DCC-Rack-150,2850x1800(左) DCC-C,208100.0,42725.0,K-CEIL-DCC-RACK,
580,DCC支架,DCC-Rack-150,2850x2600(左) DCC-E*2,215300.0,42725.01,K-CEIL-DCC-RACK,
581,DCC支架,DCC-Rack-150,2850x1800(左) DCC-C,209500.0,42726.74,K-CEIL-DCC-RACK,
582,DCC支架,DCC-Rack-200x200,200x200,189806.26,-73092.21,K-CEIL-DCC-RACK,
583,DCC支架,DCC-Rack-150,2850x1800(左) DCC-C,222500.0,42725.01,K-CEIL-DCC-RACK,
584,DCC支架,DCC-Rack-150,2850x2600(左) DCC-E*2,216700.0,42726.74,K-CEIL-DCC-RACK,
585,DCC支架,DCC-Rack-200x200,200x200,197006.26,-73092.21,K-CEIL-DCC-RACK,
586,DCC支架,DCC-Rack-200x200,200x200,201131.19,-71841.59,K-CEIL-DCC-RACK,
587,DCC支架,DCC-Rack-150,,193700.0,115675.0,K-CEIL-DCC-RACK,
588,DCC支架,DCC-Rack-150,,191100.0,115675.0,K-CEIL-DCC-RACK,
589,DCC支架,DCC-Rack-200,MD 1200x2200 DCC-F,53100.0,155639.11,K-CEIL-DCC-RACK,
590,DCC支架,DCC-Rack-200,MD 1200x2200 DCC-F*2,139500.0,155635.11,K-CEIL-DCC-RACK,
591,DCC支架,DCC-Rack-150,2850x1800(右) DCC-C*2,28100.0,107525.0,K-CEIL-DCC-RACK,
592,DCC支架,DCC-Rack-150,2850x2600(右) DCC-E*2,22300.0,107525.0,K-CEIL-DCC-RACK,
593,DCC支架,DCC-Rack-200x200,200x200,2618.69,-8291.59,K-CEIL-DCC-RACK,
594,DCC支架,X-HLP3-CR-F3-LAY-KEQP-02-002_20260401 DCC更新_SPM$0$DCC-Rack-200,3500x2300(右) DCC-F*2,240079.68,2761.79,X-HLP3-CR-F3-LAY-KEQP-02-002_20260401 DCC更新_SPM$0$K-CEIL-DCC-RACK,
595,DCC支架,DCC-Rack-200x200,200x200,28406.19,271337.59,K-CEIL-DCC-RACK,
596,DCC支架,DCC-Rack-200x200,200x200,114806.19,271337.59,K-CEIL-DCC-RACK,
597,DCC支架,DCC-Rack-200,3500x2300(左) DCC-F,54600.0,155639.11,K-CEIL-DCC-RACK,
598,DCC支架,DCC-Rack-200,3500x2300(左) DCC-F*2,141000.0,155635.11,K-CEIL-DCC-RACK,
599,DCC支架,DCC-Rack-200x200,200x200,131243.81,-5791.9,K-CEIL-DCC-RACK,
600,DCC支架,DCC-Rack-200,2850x2300(右) DCC-D*2,118081.68,42975.0,K-CEIL-DCC-RACK,
601,DCC支架,DCC-Rack-200,2850x2300(右) DCC-D*2,175485.89,42975.0,K-CEIL-DCC-RACK,
602,DCC支架,DCC-Rack-200,2850x2300(右) DCC-D*2,226864.11,50625.0,K-CEIL-DCC-RACK,
603,DCC支架,DCC-Rack-200,,130325.0,42740.53,K-CEIL-DCC-RACK,
604,DCC支架,DCC-Rack-150,,64100.0,50875.0,K-CEIL-DCC-RACK,
605,DCC支架,DCC-Rack-150,2850x2600(右) DCC-E*2,11125.0,115675.0,K-CEIL-DCC-RACK,
606,DCC支架,DCC-Rack-150,2850x2600(右) DCC-E*2,11125.0,115674.68,K-CEIL-DCC-RACK,
607,DCC支架,DCC-Rack-150,2850x1800(左),1525.0,50450.0,K-CEIL-DCC-RACK,
608,DCC支架,DCC-Rack-150,2000*2300(右) DCC-B,238300.0,42525.0,K-CEIL-DCC-RACK,
609,DCC支架,DCC-Rack-150,2000*2300(右) DCC-B,240308.66,42525.0,K-CEIL-DCC-RACK,
610,DCC支架,DCC-Rack-150,2000x2300(左) DCC-B,238300.0,115750.0,K-CEIL-DCC-RACK,
611,DCC支架,DCC-Rack-150,2000x2300(左) DCC-B,240300.0,115748.28,K-CEIL-DCC-RACK,
612,DCC设备,DCC3523左接管,,-175749.27,130563.54,0-DCC,
613,DCC设备,DCC3523左接管,,-175749.27,128203.54,0-DCC,
614,DCC设备,DCC3523左接管,DCC 2850x2300(左),-168549.27,128203.54,0-DCC,
615,DCC设备,DCC3523左接管,,-186548.81,130563.54,0-DCC,
616,DCC设备,DCC3523左接管,,-186548.81,128203.54,0-DCC,
617,DCC设备,DCC3523左接管,DCC 2850x2300(右),-172148.81,128203.54,0-DCC,
618,DCC设备,DCC3523左接管,DCC 2850x2300(左),-161349.27,128203.54,0-DCC,
619,DCC设备,DCC2850x2300(右),2850x2300,-118970.54,193745.49,0-DCC,
620,DCC设备,DCC2850x2300(左),2850x2300,-217845.77,196105.49,0-DCC,
621,DCC设备,DCC2850x2300(左),2850x2300,-210649.0,193745.49,0-DCC,
622,DCC设备,DCC2850x2300(左),2850x2300,-217846.0,193745.49,0-DCC,
623,DCC设备,DCC2850x2300(左),2850x2300,-193887.4,196105.49,0-DCC,
624,DCC设备,DCC2850x2300(左),2850x2300,-193887.63,193745.49,0-DCC,
625,DCC设备,DCC2850x1800(右),2850x1800,-76030.93,193745.49,0-DCC,
626,DCC设备,DCC2850x1800(右),2850x1800,-76030.93,195605.49,0-DCC,
627,DCC设备,DCC2850x2600(左),2850x2600,-186690.63,193745.49,0-DCC,
628,DCC设备,DCC2850x2600(左),2850x2600,-186690.63,196405.49,0-DCC,
629,DCC设备,DCC2850x1800(右),2850x1800,-107192.77,181378.49,0-DCC,
630,DCC设备,DCC2850x1800(右),2850x1800,-107192.77,183238.49,0-DCC,
631,DCC设备,DCC2850x1800(右),2850x1800,-104242.77,181378.49,0-DCC,
632,DCC设备,DCC2850x1800(右),2850x1800,-104242.77,183238.49,0-DCC,
633,DCC设备,DCC2850x1800(右),2850x1800,-99992.77,181378.49,0-DCC,
634,DCC设备,DCC2850x1800(右),2850x1800,-99992.77,183238.49,0-DCC,
635,DCC设备,DCC2850x2300(右)水平,2850x2300,-117801.04,252984.54,0-DCC,
636,DCC设备,DCC2850x2300(右)水平,2850x2300,-222283.57,252984.54,0-DCC,
637,DCC设备,DCC2850x2300(右)水平,2850x2300,-110601.15,252984.54,0-DCC,
638,DCC设备,DCC2850x1800(右),2850x1800,-83558.27,181378.49,0-DCC,
639,DCC设备,DCC2850x1800(右),2850x1800,-83558.27,183238.49,0-DCC,
640,DCC设备,DCC2850x2600(左),2850x2600,-194217.97,181378.49,0-DCC,
641,DCC设备,DCC2850x2600(左),2850x2600,-194217.97,184038.49,0-DCC,
642,DCC设备,DCC2850x2300(右)水平,2850x2300,-198652.77,254584.54,0-DCC,
643,DCC设备,DCC2850x2300(右)水平,2850x2300,-201599.07,252984.54,0-DCC,
644,DCC设备,DCC-28.5x26,,54650.0,220020.95,0-DCC,
645,DCC设备,DCC-28.5x26,,64800.11,220020.95,0-DCC,
646,DCC设备,DCC-28.5x26,,115200.11,220022.99,0-DCC,
647,DCC设备,DCC-3523,3500x2300(左) DCC-F,9600.0,2729.68,0-DCC,
648,DCC设备,DCC-3523,3500x2300(左) DCC-F,13200.0,2729.68,0-DCC,
649,DCC设备,DCC-3523,3500x2300(左) DCC-F,2400.0,2729.68,0-DCC,
650,DCC设备,DCC-3523,3500x2300(左) DCC-F,6000.0,2729.68,0-DCC,
651,DCC设备,DCC-3523,3500x2300(左) DCC-F,16800.0,2729.68,0-DCC,
652,DCC设备,DCC-3523,3500x2300(左) DCC-F,20400.0,2729.68,0-DCC,
653,DCC设备,DCC-2923-H,2850x2300(右) DCC-C*2,140674.89,48725.0,0-DCC,
654,DCC设备,DCC-2923-H,2850x2300(右) DCC-C*2,143625.0,48725.0,0-DCC,
655,DCC设备,DCC-2923-H,2850x2300(右) DCC-C*2,144375.0,48724.68,0-DCC,
656,DCC设备,DCC-2923-H,2850x2300(右) DCC-C*2,147325.11,48724.68,0-DCC,
657,DCC设备,DCC-2923-H,2850x2300(右) DCC-C*2,162274.89,48725.0,0-DCC,
658,DCC设备,DCC-2923-H,2850x1800(右) DCC-C*2,161725.0,48725.0,0-DCC,
659,DCC设备,DCC-2923-H,2850x2300(右) DCC-C*2,165975.0,48725.0,0-DCC,
660,DCC设备,DCC-2923-H,2850x2300(右) DCC-C*2,168925.11,48725.0,0-DCC,
661,DCC设备,DCC-2923-H,2850x2300(左) DCC-C*2,140675.11,109675.0,0-DCC,
662,DCC设备,DCC-2923-H,2850x2300(右) DCC-C*2,169474.89,109674.68,0-DCC,
663,DCC设备,DCC-2923-H,2850x2300(右) DCC-C*2,168925.11,109674.68,0-DCC,
664,DCC设备,DCC-2923-H,2850x2300(左) DCC-C*2,198274.89,109675.0,0-DCC,
665,DCC设备,DCC-2923-H,2850x1800(左) DCC-C*2,201225.0,109675.0,0-DCC,
666,DCC设备,DCC-2923-H,2850x2300(右) DCC-C*2,198274.89,48725.0,0-DCC,
667,DCC设备,DCC-2923-H,2850x1800(右) DCC-C*2,201225.0,48725.0,0-DCC,
668,DCC设备,DCC-2923-H,DCC-C*2,119075.22,48724.68,0-DCC,
669,DCC设备,DCC-2923-H,2850x2300(左) DCC-C*2,132575.11,109675.0,0-DCC,
670,DCC设备,DCC-2923-H,DCC-C*2,178750.0,48724.68,0-DCC,
671,DCC设备,DCC-3523,3500x2300(左) DCC-F,20400.0,155671.0,0-DCC,
672,DCC设备,DCC-3523,3500x2300(左) DCC-F,9600.0,155671.0,0-DCC,
673,DCC设备,DCC-3523,3500x2300(左) DCC-F,6000.0,155671.0,0-DCC,
674,DCC设备,DCC-3523,3500x2300(左) DCC-F,2400.0,155671.0,0-DCC,
675,DCC设备,DCC-3523,3500x2300(左) DCC-F,27600.0,155671.0,0-DCC,
676,DCC设备,DCC-3523,3500x2300(左) DCC-F*2,31200.0,155670.93,0-DCC,
677,DCC设备,DCC-3523,3500x2300(左) DCC-F*2,42000.0,155671.0,0-DCC,
678,DCC设备,DCC-3523,3500x2300(左) DCC-F,67200.0,155671.0,0-DCC,
679,DCC设备,DCC-3523,3500x2300(左) DCC-F,63600.0,155671.0,0-DCC,
680,DCC设备,DCC-3523,3500x2300(右) DCC-F*2,214800.0,2725.9,0-DCC,
681,DCC设备,DCC-3523,3500x2300(左) DCC-F,168000.32,155671.0,0-DCC,
682,DCC设备,DCC-3523,3500x2300(左) DCC-F,164392.32,155671.0,0-DCC,
683,DCC设备,DCC-3523,3500x2300(左) DCC-F,157224.26,155671.0,0-DCC,
684,DCC设备,DCC-3523,3500x2300(左) DCC-F,222000.0,155671.0,0-DCC,
685,DCC设备,DCC-3523,3500x2300(左) DCC-F,218400.0,155671.0,0-DCC,
686,DCC设备,DCC-3523,3500x2300(左) DCC-F,207600.0,155671.0,0-DCC,
687,DCC设备,DCC-3523,3500x2300(左) DCC-F,204000.0,155671.0,0-DCC,
688,DCC设备,DCC-3523,3500x2300(左) DCC-F,196806.99,155671.0,0-DCC,
689,DCC设备,DCC-3523,3500x2300(左) DCC-F,240000.0,155669.65,0-DCC,
690,DCC设备,DCC-3523,3500x2300(左) DCC-F,225600.0,155671.0,0-DCC,
691,DCC设备,DCC-2923-H,2850x2300(左) DCC-E,212662.5,109675.0,0-DCC,
692,DCC设备,DCC-2923-H,2850x2300(左) DCC-E,215625.0,109675.0,0-DCC,
693,DCC设备,DCC-2923-H,2850x2300(左) DCC-E*2,219874.89,109675.0,0-DCC,
694,DCC设备,DCC-2923-H,2850x2300(左) DCC-E*2,222825.0,109675.0,0-DCC,
695,DCC设备,DCC-2923-H,2850x2300(左) DCC-E,227050.22,109675.0,0-DCC,
696,DCC设备,DCC-2923-H,2850x2300(左) DCC-E,230025.0,109675.0,0-DCC,
697,DCC设备,DCC-2923-H,2850x2300(左) DCC-C*2,143625.0,109675.0,0-DCC,
698,DCC设备,DCC-3523,3500x2300(左) DCC-F*2,24000.0,2729.37,0-DCC,
699,DCC设备,DCC-3523,3500x2300(左) DCC-F,31200.0,2729.37,0-DCC,
700,DCC设备,DCC-3523,3500x2300(左) DCC-F,34800.0,2729.37,0-DCC,
701,DCC设备,DCC-3523,3500x2300(左) DCC-F,38400.0,2729.37,0-DCC,
702,DCC设备,DCC-3523,3500x2300(左) DCC-F*2,117593.14,2730.32,0-DCC,
703,DCC设备,DCC-3523,3500x2300(左) DCC-F,121193.14,2730.32,0-DCC,
704,DCC设备,DCC-3523,3500x2300(左) DCC-F,124813.13,2730.32,0-DCC,
705,DCC设备,DCC-3523,3500x2300(左) DCC-F,128379.22,2730.32,0-DCC,
706,DCC设备,DCC-3523,3500x2300(左) DCC-F,132004.78,2730.32,0-DCC,
707,DCC设备,DCC-3523,3500x2300(左) DCC-F*2,135604.78,2729.68,0-DCC,
708,DCC设备,DCC-3523,3500x2300 MD 1200x2200 DCC-F,139197.82,2730.32,0-DCC,
709,DCC设备,DCC-3523,3500x2300(右) DCC-F,146397.82,2730.32,0-DCC,
710,DCC设备,DCC-3523,3500x2300(右) DCC-F,149997.82,2730.32,0-DCC,
711,DCC设备,DCC-3523,3500x2300(右) DCC-F*2,153597.82,2730.32,0-DCC,
712,DCC设备,DCC-3523,3500x2300(右) DCC-F,164400.0,2729.37,0-DCC,
713,DCC设备,DCC-3523,3500x2300 MD 1200x2200 DCC-F*2,168000.0,2729.37,0-DCC,
714,DCC设备,DCC-3523,3500x2300(右) DCC-F,178800.0,2729.68,0-DCC,
715,DCC设备,DCC-3523,3500x2300(右) DCC-F,182400.0,2729.68,0-DCC,
716,DCC设备,DCC-3523,3500x2300(右) DCC-F,186000.0,2729.68,0-DCC,
717,DCC设备,DCC-3523,3500x2300(右) DCC-F,189600.0,2729.68,0-DCC,
718,DCC设备,DCC-3523,3500x2300(右) DCC-F*2,193200.0,2729.68,0-DCC,
719,DCC设备,DCC-3523,3500x2300(右) DCC-F,211200.0,2725.9,0-DCC,
720,DCC设备,DCC-3523,3500x2300 MD 1200x2200 DCC-F*2,196800.0,2729.68,0-DCC,
721,DCC设备,DCC-3523,3500x2300(左) DCC-F,110399.93,155671.0,0-DCC,
722,DCC设备,DCC-3523,3500x2300(左) DCC-F,150013.85,155671.0,0-DCC,
723,DCC设备,DCC-3523,3500x2300(左) DCC-F,175193.85,155671.0,0-DCC,
724,DCC设备,DCC-3523,3500x2300(左) DCC-F,182393.23,155671.0,0-DCC,
725,DCC设备,DCC-3523,3500x2300(左) DCC-F,211200.0,155671.0,0-DCC,
726,DCC设备,DCC-3523,3500x2300(左) DCC-F*2,142800.0,155671.0,0-DCC,
727,DCC设备,DCC-3523,3500x2300(左) DCC-F,153613.85,155671.0,0-DCC,
728,DCC设备,DCC-3523,3500x2300(左) DCC-F,178797.55,155671.0,0-DCC,
729,DCC设备,DCC-3523,3500x2300(左) DCC-F,189600.22,155671.0,0-DCC,
730,DCC设备,DCC-2923-H,2850x1800(左) DCC-C*2,178977.67,109675.0,0-DCC,
731,DCC设备,DCC-2023,2000x2300 3500x2300(左) DCC-F,72841.34,2475.69,0-DCC,
732,DCC设备,DCC-3523,3500x2300(左) DCC-F,117599.85,155671.0,0-DCC,
733,DCC设备,DCC-3523,3500x2300(左) DCC-F,131999.93,155671.0,0-DCC,
734,DCC设备,DCC-3523,3500x2300(左) DCC-F,135599.93,155671.0,0-DCC,
735,DCC设备,DCC-3523,3500x2300(左) DCC-F,193204.85,155671.0,0-DCC,
736,DCC设备,DCC-3523,3500x2300(左) DCC-F,232800.0,155669.65,0-DCC,
737,DCC设备,DCC-3523,3500x2300(左) DCC-F,236400.0,155669.65,0-DCC,
738,DCC设备,DCC-28.5x26,,194374.75,220020.95,0-DCC,
739,DCC设备,DCC-3523,3500x2300(左) DCC-F,45600.0,2729.37,0-DCC,
740,DCC设备,DCC-3523,3500x2300(左) DCC-F,49200.0,2729.37,0-DCC,
741,DCC设备,DCC-3523,3500x2300(左) DCC-F,42000.0,2729.37,0-DCC,
742,DCC设备,DCC-3523,3500x2300(左) DCC-F,60000.0,2729.68,0-DCC,
743,DCC设备,DCC-3523,3500x2300(左) DCC-F,63600.0,2729.37,0-DCC,
744,DCC设备,DCC-3523,3500x2300(左) DCC-F,67200.0,2729.37,0-DCC,
745,DCC设备,DCC-3523,3500x2300(左) DCC-F,70800.0,2729.37,0-DCC,
746,DCC设备,DCC-3523,3500x2300(左) DCC-F,74400.0,2729.37,0-DCC,
747,DCC设备,DCC-3523,3500x2300(左) DCC-F,78000.0,2729.37,0-DCC,
748,DCC设备,DCC-3523,3500x2300(左) DCC-F*2,81600.0,2729.37,0-DCC,
749,DCC设备,DCC-3523,3500x2300(左) DCC-F,88800.0,2729.68,0-DCC,
750,DCC设备,DCC-3523,3500x2300(左) DCC-F,92393.06,2729.68,0-DCC,
751,DCC设备,DCC-3523,3500x2300(左) DCC-F,95993.06,2729.68,0-DCC,
752,DCC设备,DCC-3523,3500x2300(左) DCC-F,99586.12,2729.68,0-DCC,
753,DCC设备,DCC-3523,3500x2300(左) DCC-F,103186.12,2729.68,0-DCC,
754,DCC设备,DCC-3523,3500x2300(左) DCC-F,106779.18,2729.68,0-DCC,
755,DCC设备,DCC-3523,3500x2300(左) DCC-F,110379.18,2729.68,0-DCC,
756,DCC设备,DCC-3523,3500x2300(右) DCC-F,175200.0,2729.68,0-DCC,
757,DCC设备,DCC-3523,3500x2300(右) DCC-F,207600.0,2725.9,0-DCC,
758,DCC设备,DCC-3523,3500x2300(右) DCC-F,222000.0,2725.9,0-DCC,
759,DCC设备,DCC-3523,3500x2300(右) DCC-F,218400.0,2725.9,0-DCC,
760,DCC设备,DCC-3523,3500x2300(右) DCC-F,225600.0,2725.9,0-DCC,
761,DCC设备,DCC-3523,3500x2300(右) DCC-F,232800.0,2725.9,0-DCC,
762,DCC设备,DCC-3523,3500x2300(右) DCC-F,236400.0,2725.9,0-DCC,
763,DCC设备,DCC-2923-H,2850x2300(左) DCC-C*2,205480.89,109675.32,0-DCC,
764,DCC设备,DCC-2923-H,2850x2300(左) DCC-E*2,208431.0,109675.32,0-DCC,
765,DCC设备,DCC-2923-H,2850x2300(右) DCC-C*2,205474.89,48725.0,0-DCC,
766,DCC设备,DCC-2923-H,2850x2600(右) DCC-E,208425.0,48725.0,0-DCC,
767,DCC设备,DCC-2923-H,2850x2300(右) DCC-C*2,155074.89,48725.0,0-DCC,
768,DCC设备,DCC-2923-H,2850x1800(右) DCC-C*2,154525.0,48725.0,0-DCC,
769,DCC设备,DCC-2923-H,2850x1800(右) DCC-C*2,136425.0,48725.0,0-DCC,
770,DCC设备,DCC-2923-H,2850x2300(右) DCC-C*2,111874.89,48725.0,0-DCC,
771,DCC设备,DCC-2923-H,2850x2300(右) DCC-C*2,114825.0,48725.0,0-DCC,
772,DCC设备,DCC-2923-H,2850x2300(左) DCC-C*2,147875.11,109675.0,0-DCC,
773,DCC设备,DCC-2923-H,2850x2300(左) DCC-C*2,150825.0,109675.0,0-DCC,
774,DCC设备,DCC-2923-H,2850x2300(左) DCC-C*2,155075.11,109675.0,0-DCC,
775,DCC设备,DCC-2923-H,2850x2300(左) DCC-C*2,158025.0,109675.0,0-DCC,
776,DCC设备,DCC-2923-H,2850x2300(左) DCC-C*2,162275.11,109675.0,0-DCC,
777,DCC设备,DCC-2923-H,2850x1800(左) DCC-C*2,165225.0,109675.0,0-DCC,
778,DCC设备,DCC-2923-H,2850x2300(左) DCC-D*2,57225.0,109675.0,0-DCC,
779,DCC设备,DCC-2923-H,2850x2300(右) DCC-D*2,57225.0,48725.0,0-DCC,
780,DCC设备,DCC-2023,2000x2300,64541.34,220724.31,0-DCC,
781,DCC设备,DCC-2023,2000x2300,55250.0,-62324.31,0-DCC,
782,DCC设备,DCC-3523,3500x2300(左) DCC-F,13200.0,155671.0,0-DCC,
783,DCC设备,DCC-3523,3500x2300(左) DCC-F,16800.0,155671.0,0-DCC,
784,DCC设备,DCC-3523,3500x2300(左) DCC-F,24000.0,155671.0,0-DCC,
785,DCC设备,DCC-3523,3500x2300(左) DCC-F,38400.0,155671.0,0-DCC,
786,DCC设备,DCC-3523,3500x2300(左) DCC-F,49200.0,155671.0,0-DCC,
787,DCC设备,DCC-3523,3500x2300(左) DCC-F,56400.0,155671.0,0-DCC,
788,DCC设备,DCC-3523,3500x2300(左) DCC-F,60000.0,155671.0,0-DCC,
789,DCC设备,DCC-3523,3500x2300(左) DCC-F,70800.0,155671.0,0-DCC,
790,DCC设备,DCC-3523,3500x2300(左) DCC-F,74400.0,155671.0,0-DCC,
791,DCC设备,DCC-3523,3500x2300(左) DCC-F,78000.0,155671.0,0-DCC,
792,DCC设备,DCC-3523,3500x2300(左) DCC-F,81600.0,155671.0,0-DCC,
793,DCC设备,DCC-3523,3500x2300(左) DCC-F,88800.0,155671.0,0-DCC,
794,DCC设备,DCC-3523,3500x2300(左) DCC-F,92400.0,155671.0,0-DCC,
795,DCC设备,DCC-3523,3500x2300(左) DCC-F,96000.07,155671.0,0-DCC,
796,DCC设备,DCC-3523,3500x2300(左) DCC-F,99600.07,155671.0,0-DCC,
797,DCC设备,DCC-3523,3500x2300(左) DCC-F,103200.15,155671.0,0-DCC,
798,DCC设备,DCC-3523,3500x2300(左) DCC-F,106800.15,155671.0,0-DCC,
799,DCC设备,DCC-3523,3500x2300(左) DCC-F,121199.85,155671.0,0-DCC,
800,DCC设备,DCC-3523,3500x2300(左) DCC-F,124799.93,155671.0,0-DCC,
801,DCC设备,DCC-3523,3500x2300(左) DCC-F,128399.93,155671.0,0-DCC,
802,DCC设备,DCC-28.5x26,,122400.11,220022.99,0-DCC,
803,DCC设备,DCC-28.5x26,,187199.89,220022.99,0-DCC,
804,DCC设备,DCC-28.5x26,,-24550.0,220020.95,0-DCC,
805,DCC设备,DCC-28.5x26,,108000.0,-61621.56,0-DCC,
806,DCC设备,DCC-2026,2000x2600 3500x2300(左) DCC-F,105050.0,155221.26,0-DCC,
807,DCC设备,DCC2850x1800(右),2850x1800,-107192.77,169011.49,0-DCC,
808,DCC设备,DCC2850x1800(右),2850x1800,-107192.77,170871.49,0-DCC,
809,DCC设备,DCC2850x1800(右),2850x1800,-104242.77,169011.49,0-DCC,
810,DCC设备,DCC2850x1800(右),2850x1800,-104242.77,170871.49,0-DCC,
811,DCC设备,DCC2850x1800(右),2850x1800,-99992.77,169011.49,0-DCC,
812,DCC设备,DCC2850x1800(右),2850x1800,-99992.77,170871.49,0-DCC,
813,DCC设备,DCC2850x2300(右)水平,2850x2300,-117801.04,240617.54,0-DCC,
814,DCC设备,DCC2850x2300(右)水平,2850x2300,-222283.57,240617.54,0-DCC,
815,DCC设备,DCC2850x2300(右)水平,2850x2300,-110601.15,240617.54,0-DCC,
816,DCC设备,DCC2850x1800(右),2850x1800,-83558.27,169011.49,0-DCC,
817,DCC设备,DCC2850x1800(右),2850x1800,-83558.27,170871.49,0-DCC,
818,DCC设备,DCC2850x2600(左),2850x2600,-194217.97,169011.49,0-DCC,
819,DCC设备,DCC2850x2600(左),2850x2600,-194217.97,171671.49,0-DCC,
820,DCC设备,DCC2850x2300(右)水平,2850x2300,-198652.77,242217.54,0-DCC,
821,DCC设备,DCC2850x2300(右)水平,2850x2300,-201599.07,240617.54,0-DCC,
822,DCC设备,DCC-3523,3500x2300(左) DCC-F*2,52802.78,2728.47,0-DCC,
823,DCC设备,DCC-28.5x26,,57600.0,220020.95,0-DCC,
824,DCC设备,DCC-20x18,MD 1200x2200 DCC-F,112250.0,2475.69,0-DCC,
825,DCC设备,DCC-28.5x26,,100775.0,220020.95,0-DCC,
826,DCC设备,DCC-28.5x26,,107999.89,220020.95,0-DCC,
827,DCC设备,DCC-28.5x26,,126650.0,220021.26,0-DCC,
828,DCC设备,DCC-28.5x26,,129600.0,220021.26,0-DCC,
829,DCC设备,DCC-2923-H,2850x2300(左) DCC-C*2,121175.0,109675.32,0-DCC,
830,DCC设备,DCC-20x18,,112250.0,223224.63,0-DCC,
831,DCC设备,DCC-2018-H,2850x1800(左) DCC-C*2,119075.11,110175.0,0-DCC,
832,DCC设备,DCC-28.5x26,,180000.0,-61621.56,0-DCC,
833,DCC设备,DCC-28.5x26,,182950.0,-61619.52,0-DCC,
834,DCC设备,DCC-28.5x26,,180000.0,-61619.52,0-DCC,
835,DCC设备,DCC-28.5x26,,184249.78,-61620.95,0-DCC,
836,DCC设备,DCC-3523,3500x2300(右) DCC-F*2,241842.85,2725.9,0-DCC,
837,DCC设备,DCC-2026,2000x2600 3500x2300(左) DCC-F,44050.0,3179.05,0-DCC,
838,DCC设备,DCC-2026,2000x2600 3500x2300(左) DCC-F,39400.0,154795.95,0-DCC,
839,DCC隔断/门,DCC-SEC-2300,2300x0,-189345.31,134260.79,0-DCC,
840,DCC隔断/门,DCC-SEC-2300,2300x0,-189345.31,131900.79,0-DCC,
841,DCC隔断/门,DIV-DOOR-1200Wx2200H,,-167045.7,131604.01,K-CEIL-DIV-DOOR_Phase 2,
842,DCC隔断/门,DIV-DOOR-1200Wx2200H,,-149045.7,131604.01,K-CEIL-DIV-DOOR_Phase 2,
843,DCC隔断/门,DIV-DOOR-1000Wx2200H,,-163570.7,119237.01,K-CEIL-DIV-DOOR_Phase 2,
844,DCC隔断/门,DIV-DOOR-1000Wx2200H,,-146808.58,119237.01,K-CEIL-DIV-DOOR_Phase 2,
845,DCC隔断/门,DIV-DOOR-1000Wx2200H,,-160695.7,106870.01,K-CEIL-DIV-DOOR_Phase 2,
846,DCC隔断/门,DCC-SEC-2300,2300x0,-185555.61,111915.05,0-DCC,
847,DCC隔断/门,DCC-SEC-2300,2300x0,-184861.25,109526.79,0-DCC,
848,DCC隔断/门,DCC-SEC-2300,2300x0,-184861.25,107166.79,0-DCC,
849,DCC隔断/门,DCC-SEC-2300,2300x0,-195808.3,109554.82,0-DCC,
850,DCC隔断/门,DCC-SEC-2300,2300x0,-196502.67,107166.79,0-DCC,
851,DCC隔断/门,DCC-SEC-2300,2300x0,-182487.32,131900.79,0-DCC,
852,DCC隔断/门,DIV-DOOR-1000Wx2200H,,-160695.7,94503.01,K-CEIL-DIV-DOOR_Phase 2,
853,其他,200x75,,3525.0,108011.79,Cloud-20250416,
854,其他,200x75,,10875.0,108011.79,Cloud-20250416,
855,其他,200x75,,2225.0,108011.79,Cloud-20250416,
856,其他,200x75,,174469.41,107486.79,Cloud-20250416,
857,其他,X-Wallfe-3F,,0.0,0.0,K-BZ-01,
858,其他,200x75,,2350.0,50411.47,Cloud-20250416,
859,型钢,A$C2DBF4B5B,,-169621.0,131704.01,ANGEL STEEL_75x75x3.0,
860,型钢,A$C2DBF4B5B,,-172870.77,134064.01,ANGEL STEEL_75x75x3.0,
861,型钢,A$C2DBF4B5B,,-154871.0,133864.01,ANGEL STEEL_75x75x3.0,
862,型钢,A$C2DBF4B5B,,-155221.0,133864.01,ANGEL STEEL_75x75x3.0,
863,型钢,A$C2DBF4B5B,,-155221.0,131704.01,ANGEL STEEL_75x75x3.0,
864,型钢,A$C2DBF4B5B,,-147671.0,133864.01,ANGEL STEEL_75x75x3.0,
865,型钢,A$C2DBF4B5B,,-148021.0,133864.01,ANGEL STEEL_75x75x3.0,
866,型钢,A$C2DBF4B5B,,-147671.0,131704.01,ANGEL STEEL_75x75x3.0,
867,型钢,A$C2DBF4B5B,,-144420.77,131704.01,ANGEL STEEL_75x75x3.0,
868,型钢,A$C2DBF4B5B,,-169871.0,121697.01,ANGEL STEEL_75x75x3.0,
869,型钢,A$C2DBF4B5B,,-167295.07,121696.97,ANGEL STEEL_75x75x3.0,
870,型钢,A$C2DBF4B5B,,-169871.0,121497.01,ANGEL STEEL_75x75x3.0,
871,型钢,A$C2DBF4B5B,,-172845.77,119337.01,ANGEL STEEL_75x75x3.0,
872,型钢,A$C2DBF4B5B,,-162670.54,121497.01,ANGEL STEEL_75x75x3.0,
873,型钢,A$C2DBF4B5B,,-162670.54,119337.01,ANGEL STEEL_75x75x3.0,
874,型钢,A$C2DBF4B5B,,-169871.0,123857.01,ANGEL STEEL_75x75x3.0,
875,型钢,A$C2DBF4B5B,,-167245.77,119337.01,ANGEL STEEL_75x75x3.0,
876,型钢,A$C2DBF4B5B,,-160095.77,121497.01,ANGEL STEEL_75x75x3.0,
877,型钢,A$C2DBF4B5B,,-160095.77,119337.01,ANGEL STEEL_75x75x3.0,
878,型钢,A$C2DBF4B5B,,-164345.77,121497.01,ANGEL STEEL_75x75x3.0,
879,型钢,A$C2DBF4B5B,,-163021.0,121497.01,ANGEL STEEL_75x75x3.0,
880,型钢,A$C2DBF4B5B,,-138708.42,119337.01,ANGEL STEEL_75x75x3.0,
881,型钢,A$C2DBF4B5B,,-136133.65,121997.01,ANGEL STEEL_75x75x3.0,
882,型钢,A$C2DBF4B5B,,-136133.65,121797.01,ANGEL STEEL_75x75x3.0,
883,型钢,A$C2DBF4B5B,,-136133.65,119337.01,ANGEL STEEL_75x75x3.0,
884,型钢,A$C2DBF4B5B,,-136133.65,124457.01,ANGEL STEEL_75x75x3.0,
885,型钢,A$C2DBF4B5B,,-141633.65,119337.01,ANGEL STEEL_75x75x3.0,
886,型钢,A$C2DBF4B5B,,-139058.42,119337.01,ANGEL STEEL_75x75x3.0,
887,型钢,A$C2DBF4B5B,,-139058.65,119337.01,ANGEL STEEL_75x75x3.0,
888,型钢,A$C2DBF4B5B,,-141633.42,119337.01,ANGEL STEEL_75x75x3.0,
889,型钢,A$C2DBF4B5B,,-170220.54,123857.01,ANGEL STEEL_75x75x3.0,
890,型钢,A$C2DBF4B5B,,-186365.85,119715.71,ANGEL STEEL_75x75x3.0,
891,型钢,Angle iron,,-185298.53,119715.72,0,
892,型钢,C200X75,,-189532.19,120604.86,0,
893,型钢,A$C2DBF4B5B,,-167295.07,121496.97,ANGEL STEEL_75x75x3.0,
894,型钢,A$C2DBF4B5B,,-170221.0,121697.01,ANGEL STEEL_75x75x3.0,
895,型钢,A$C2DBF4B5B,,-170221.0,121497.01,ANGEL STEEL_75x75x3.0,
896,型钢,A$C2DBF4B5B,,-172845.77,123857.01,ANGEL STEEL_75x75x3.0,
897,型钢,A$C2DBF4B5B,,-167294.57,123856.99,ANGEL STEEL_75x75x3.0,
898,型钢,A$C2DBF4B5B,,-172845.77,121696.97,ANGEL STEEL_75x75x3.0,
899,型钢,A$C2DBF4B5B,,-172845.77,121496.97,ANGEL STEEL_75x75x3.0,
900,型钢,A$C2DBF4B5B,,-166020.77,134064.01,ANGEL STEEL_75x75x3.0,
901,型钢,A$C2DBF4B5B,,-172870.62,134064.01,ANGEL STEEL_75x75x3.0,
902,型钢,A$C2DBF4B5B,,-172870.77,133864.01,ANGEL STEEL_75x75x3.0,
903,型钢,A$C2DBF4B5B,,-166020.77,133864.01,ANGEL STEEL_75x75x3.0,
904,型钢,A$C2DBF4B5B,,-172870.62,133864.01,ANGEL STEEL_75x75x3.0,
905,型钢,A$C2DBF4B5B,,-165670.77,134064.01,ANGEL STEEL_75x75x3.0,
906,型钢,A$C2DBF4B5B,,-165670.77,133864.01,ANGEL STEEL_75x75x3.0,
907,型钢,A$C2DBF4B5B,,-169270.7,134064.01,ANGEL STEEL_75x75x3.0,
908,型钢,A$C2DBF4B5B,,-169620.7,134064.01,ANGEL STEEL_75x75x3.0,
909,型钢,A$C2DBF4B5B,,-169270.7,133864.01,ANGEL STEEL_75x75x3.0,
910,型钢,A$C2DBF4B5B,,-169620.7,133864.01,ANGEL STEEL_75x75x3.0,
911,型钢,A$C2DBF4B5B,,-172870.79,131704.01,ANGEL STEEL_75x75x3.0,
912,型钢,A$C2DBF4B5B,,-166020.75,131704.01,ANGEL STEEL_75x75x3.0,
913,型钢,A$C2DBF4B5B,,-172870.79,136424.05,ANGEL STEEL_75x75x3.0,
914,型钢,A$C2DBF4B5B,,-166020.79,136424.05,ANGEL STEEL_75x75x3.0,
915,型钢,A$C2DBF4B5B,,-172870.64,136424.05,ANGEL STEEL_75x75x3.0,
916,型钢,A$C2DBF4B5B,,-172870.79,136224.06,ANGEL STEEL_75x75x3.0,
917,型钢,A$C2DBF4B5B,,-166020.79,136224.06,ANGEL STEEL_75x75x3.0,
918,型钢,A$C2DBF4B5B,,-172870.64,136224.06,ANGEL STEEL_75x75x3.0,
919,型钢,A$C2DBF4B5B,,-165670.79,136424.05,ANGEL STEEL_75x75x3.0,
920,型钢,A$C2DBF4B5B,,-165670.79,136224.06,ANGEL STEEL_75x75x3.0,
921,型钢,A$C2DBF4B5B,,-165670.79,131704.01,ANGEL STEEL_75x75x3.0,
922,型钢,A$C2DBF4B5B,,-169270.77,136224.04,ANGEL STEEL_75x75x3.0,
923,型钢,A$C2DBF4B5B,,-169620.77,136224.04,ANGEL STEEL_75x75x3.0,
924,型钢,A$C2DBF4B5B,,-162420.77,131703.98,ANGEL STEEL_75x75x3.0,
925,型钢,A$C2DBF4B5B,,-162070.46,134063.98,ANGEL STEEL_75x75x3.0,
926,型钢,A$C2DBF4B5B,,-162420.46,134063.98,ANGEL STEEL_75x75x3.0,
927,型钢,A$C2DBF4B5B,,-162070.46,133863.98,ANGEL STEEL_75x75x3.0,
928,型钢,A$C2DBF4B5B,,-162420.46,133863.98,ANGEL STEEL_75x75x3.0,
929,型钢,A$C2DBF4B5B,,-162070.54,136224.01,ANGEL STEEL_75x75x3.0,
930,型钢,A$C2DBF4B5B,,-162420.54,136224.01,ANGEL STEEL_75x75x3.0,
931,型钢,A$C2DBF4B5B,,-162070.3,131703.98,ANGEL STEEL_75x75x3.0,
932,型钢,A$C2DBF4B5B,,-158820.28,136424.05,ANGEL STEEL_75x75x3.0,
933,型钢,A$C2DBF4B5B,,-158820.28,136224.06,ANGEL STEEL_75x75x3.0,
934,型钢,A$C2DBF4B5B,,-158820.28,134064.05,ANGEL STEEL_75x75x3.0,
935,型钢,A$C2DBF4B5B,,-158820.28,133864.06,ANGEL STEEL_75x75x3.0,
936,型钢,A$C2DBF4B5B,,-158820.28,131704.01,ANGEL STEEL_75x75x3.0,
937,型钢,A$C2DBF4B5B,,-158471.26,131704.01,ANGEL STEEL_75x75x3.0,
938,型钢,A$C2DBF4B5B,,-158471.26,134064.05,ANGEL STEEL_75x75x3.0,
939,型钢,A$C2DBF4B5B,,-158471.26,133864.06,ANGEL STEEL_75x75x3.0,
940,型钢,A$C2DBF4B5B,,-154870.54,131704.01,ANGEL STEEL_75x75x3.0,
941,型钢,A$C2DBF4B5B,,-151620.28,134064.05,ANGEL STEEL_75x75x3.0,
942,型钢,A$C2DBF4B5B,,-151620.28,133864.06,ANGEL STEEL_75x75x3.0,
943,型钢,A$C2DBF4B5B,,-151620.41,131703.7,ANGEL STEEL_75x75x3.0,
944,型钢,A$C2DBF4B5B,,-149770.77,133864.01,ANGEL STEEL_75x75x3.0,
945,型钢,A$C2DBF4B5B,,-150120.77,133864.01,ANGEL STEEL_75x75x3.0,
946,型钢,A$C2DBF4B5B,,-151271.26,134064.05,ANGEL STEEL_75x75x3.0,
947,型钢,A$C2DBF4B5B,,-151271.26,133864.06,ANGEL STEEL_75x75x3.0,
948,型钢,A$C2DBF4B5B,,-144420.28,134064.05,ANGEL STEEL_75x75x3.0,
949,型钢,A$C2DBF4B5B,,-144420.28,133864.06,ANGEL STEEL_75x75x3.0,
950,型钢,A$C2DBF4B5B,,-148021.44,131704.01,ANGEL STEEL_75x75x3.0,
951,型钢,A$C2DBF4B5B,,-149770.59,131704.01,ANGEL STEEL_75x75x3.0,
952,型钢,A$C2DBF4B5B,,-164645.77,121497.01,ANGEL STEEL_75x75x3.0,
953,型钢,A$C2DBF4B5B,,-163021.0,119337.01,ANGEL STEEL_75x75x3.0,
954,型钢,A$C2DBF4B5B,,-165595.77,121497.01,ANGEL STEEL_75x75x3.0,
955,型钢,A$C2DBF4B5B,,-164345.54,119337.01,ANGEL STEEL_75x75x3.0,
956,型钢,A$C2DBF4B5B,,-143333.65,123856.99,ANGEL STEEL_75x75x3.0,
957,型钢,A$C2DBF4B5B,,-143333.65,121497.04,ANGEL STEEL_75x75x3.0,
958,型钢,A$C2DBF4B5B,,-143333.65,121696.99,ANGEL STEEL_75x75x3.0,
959,型钢,A$C2DBF4B5B,,-148833.65,121497.01,ANGEL STEEL_75x75x3.0,
960,型钢,A$C2DBF4B5B,,-146258.89,121697.01,ANGEL STEEL_75x75x3.0,
961,型钢,A$C2DBF4B5B,,-146258.89,121497.01,ANGEL STEEL_75x75x3.0,
962,型钢,A$C2DBF4B5B,,-145908.89,121697.01,ANGEL STEEL_75x75x3.0,
963,型钢,A$C2DBF4B5B,,-145908.89,121497.01,ANGEL STEEL_75x75x3.0,
964,型钢,A$C2DBF4B5B,,-146258.87,119337.01,ANGEL STEEL_75x75x3.0,
965,型钢,A$C2DBF4B5B,,-145908.9,119337.01,ANGEL STEEL_75x75x3.0,
966,型钢,A$C2DBF4B5B,,-143333.65,119337.01,ANGEL STEEL_75x75x3.0,
967,型钢,A$C2DBF4B5B,,-143333.89,119337.01,ANGEL STEEL_75x75x3.0,
968,型钢,A$C2DBF4B5B,,-147533.65,119337.01,ANGEL STEEL_75x75x3.0,
969,型钢,A$C2DBF4B5B,,-147533.42,119337.01,ANGEL STEEL_75x75x3.0,
970,型钢,A$C2DBF4B5B,,-147533.65,121497.01,ANGEL STEEL_75x75x3.0,
971,型钢,A$C2DBF4B5B,,-147533.42,121497.01,ANGEL STEEL_75x75x3.0,
972,型钢,A$C2DBF4B5B,,-147883.65,121497.01,ANGEL STEEL_75x75x3.0,
973,型钢,A$C2DBF4B5B,,-147883.89,121497.01,ANGEL STEEL_75x75x3.0,
974,型钢,A$C2DBF4B5B,,-141633.42,122797.01,ANGEL STEEL_75x75x3.0,
975,型钢,A$C2DBF4B5B,,-141633.42,120997.01,ANGEL STEEL_75x75x3.0,
976,型钢,A$C2DBF4B5B,,-141633.65,121197.01,ANGEL STEEL_75x75x3.0,
977,型钢,A$C2DBF4B5B,,-139061.89,121197.01,ANGEL STEEL_75x75x3.0,
978,型钢,A$C2DBF4B5B,,-139061.89,120997.01,ANGEL STEEL_75x75x3.0,
979,型钢,A$C2DBF4B5B,,-139061.89,122997.01,ANGEL STEEL_75x75x3.0,
980,型钢,A$C2DBF4B5B,,-139061.89,122797.01,ANGEL STEEL_75x75x3.0,
981,型钢,A$C2DBF4B5B,,-138711.89,124657.01,ANGEL STEEL_75x75x3.0,
982,型钢,A$C2DBF4B5B,,-138711.89,124457.01,ANGEL STEEL_75x75x3.0,
983,型钢,A$C2DBF4B5B,,-138711.89,121997.01,ANGEL STEEL_75x75x3.0,
984,型钢,A$C2DBF4B5B,,-138711.89,121797.01,ANGEL STEEL_75x75x3.0,
985,型钢,A$C2DBF4B5B,,-162720.54,109290.01,ANGEL STEEL_75x75x3.0,
986,型钢,A$C2DBF4B5B,,-162720.54,109140.01,ANGEL STEEL_75x75x3.0,
987,型钢,A$C2DBF4B5B,,-161420.77,106970.01,ANGEL STEEL_75x75x3.0,
988,型钢,A$C2DBF4B5B,,-161420.54,106970.01,ANGEL STEEL_75x75x3.0,
989,型钢,A$C2DBF4B5B,,-161420.77,109130.01,ANGEL STEEL_75x75x3.0,
990,型钢,A$C2DBF4B5B,,-161420.54,109130.01,ANGEL STEEL_75x75x3.0,
991,型钢,A$C2DBF4B5B,,-161770.77,109130.01,ANGEL STEEL_75x75x3.0,
992,型钢,A$C2DBF4B5B,,-161771.0,109130.01,ANGEL STEEL_75x75x3.0,
993,型钢,A$C2DBF4B5B,,-165620.54,110490.01,ANGEL STEEL_75x75x3.0,
994,型钢,A$C2DBF4B5B,,-165620.54,108830.01,ANGEL STEEL_75x75x3.0,
995,型钢,A$C2DBF4B5B,,-165620.54,108630.01,ANGEL STEEL_75x75x3.0,
996,型钢,A$C2DBF4B5B,,-165620.54,106970.01,ANGEL STEEL_75x75x3.0,
997,型钢,A$C2DBF4B5B,,-163071.0,108830.01,ANGEL STEEL_75x75x3.0,
998,型钢,A$C2DBF4B5B,,-163071.0,108630.01,ANGEL STEEL_75x75x3.0,
999,型钢,A$C2DBF4B5B,,-163071.0,110690.01,ANGEL STEEL_75x75x3.0,
1000,型钢,A$C2DBF4B5B,,-163071.0,110490.01,ANGEL STEEL_75x75x3.0,
1001,型钢,A$C2DBF4B5B,,-163071.0,106970.01,ANGEL STEEL_75x75x3.0,
1002,型钢,A$C2DBF4B5B,,-172820.43,110490.01,ANGEL STEEL_75x75x3.0,
1003,型钢,A$C2DBF4B5B,,-172820.43,108830.01,ANGEL STEEL_75x75x3.0,
1004,型钢,A$C2DBF4B5B,,-172820.43,108630.01,ANGEL STEEL_75x75x3.0,
1005,型钢,A$C2DBF4B5B,,-172820.43,106970.01,ANGEL STEEL_75x75x3.0,
1006,型钢,A$C2DBF4B5B,,-170221.0,110690.01,ANGEL STEEL_75x75x3.0,
1007,型钢,A$C2DBF4B5B,,-170221.0,110490.01,ANGEL STEEL_75x75x3.0,
1008,型钢,A$C2DBF4B5B,,-170221.0,108830.01,ANGEL STEEL_75x75x3.0,
1009,型钢,A$C2DBF4B5B,,-170221.0,108630.01,ANGEL STEEL_75x75x3.0,
1010,型钢,A$C2DBF4B5B,,-170221.0,106970.01,ANGEL STEEL_75x75x3.0,
1011,型钢,A$C2DBF4B5B,,-169870.09,110690.01,ANGEL STEEL_75x75x3.0,
1012,型钢,A$C2DBF4B5B,,-169870.09,110490.01,ANGEL STEEL_75x75x3.0,
1013,型钢,A$C2DBF4B5B,,-169870.09,108830.01,ANGEL STEEL_75x75x3.0,
1014,型钢,A$C2DBF4B5B,,-169870.09,108630.01,ANGEL STEEL_75x75x3.0,
1015,型钢,A$C2DBF4B5B,,-169870.09,106970.01,ANGEL STEEL_75x75x3.0,
1016,型钢,A$C2DBF4B5B,,-167270.66,110490.01,ANGEL STEEL_75x75x3.0,
1017,型钢,A$C2DBF4B5B,,-167270.66,108830.01,ANGEL STEEL_75x75x3.0,
1018,型钢,A$C2DBF4B5B,,-167270.66,108630.01,ANGEL STEEL_75x75x3.0,
1019,型钢,A$C2DBF4B5B,,-167270.66,106970.01,ANGEL STEEL_75x75x3.0,
1020,型钢,A$C2DBF4B5B,,-146586.04,110690.01,ANGEL STEEL_75x75x3.0,
1021,型钢,A$C2DBF4B5B,,-146586.04,110490.01,ANGEL STEEL_75x75x3.0,
1022,型钢,A$C2DBF4B5B,,-146586.5,108830.01,ANGEL STEEL_75x75x3.0,
1023,型钢,A$C2DBF4B5B,,-146586.5,108630.01,ANGEL STEEL_75x75x3.0,
1024,型钢,A$C2DBF4B5B,,-143636.63,109630.01,ANGEL STEEL_75x75x3.0,
1025,型钢,A$C2DBF4B5B,,-143636.63,109430.01,ANGEL STEEL_75x75x3.0,
1026,型钢,A$C2DBF4B5B,,-143636.63,112090.01,ANGEL STEEL_75x75x3.0,
1027,型钢,A$C2DBF4B5B,,-146235.57,109630.01,ANGEL STEEL_75x75x3.0,
1028,型钢,A$C2DBF4B5B,,-146235.57,109430.01,ANGEL STEEL_75x75x3.0,
1029,型钢,A$C2DBF4B5B,,-146235.57,112090.01,ANGEL STEEL_75x75x3.0,
1030,型钢,A$C2DBF4B5B,,-146235.57,112290.01,ANGEL STEEL_75x75x3.0,
1031,型钢,A$C2DBF4B5B,,-143636.63,106970.01,ANGEL STEEL_75x75x3.0,
1032,型钢,A$C2DBF4B5B,,-146235.57,106970.01,ANGEL STEEL_75x75x3.0,
1033,型钢,A$C2DBF4B5B,,-149186.4,110490.01,ANGEL STEEL_75x75x3.0,
1034,型钢,A$C2DBF4B5B,,-149185.93,108830.01,ANGEL STEEL_75x75x3.0,
1035,型钢,A$C2DBF4B5B,,-149185.93,108630.01,ANGEL STEEL_75x75x3.0,
1036,型钢,A$C2DBF4B5B,,-146586.5,106970.01,ANGEL STEEL_75x75x3.0,
1037,型钢,A$C2DBF4B5B,,-149185.93,106970.01,ANGEL STEEL_75x75x3.0,
1038,型钢,A$C2DBF4B5B,,-145908.89,124057.01,ANGEL STEEL_75x75x3.0,
1039,型钢,A$C2DBF4B5B,,-145908.89,123857.01,ANGEL STEEL_75x75x3.0,
1040,型钢,A$C2DBF4B5B,,-167770.46,131704.01,ANGEL STEEL_75x75x3.0,
1041,型钢,A$C2DBF4B5B,,-168120.77,133864.01,ANGEL STEEL_75x75x3.0,
1042,型钢,A$C2DBF4B5B,,-167770.77,133864.01,ANGEL STEEL_75x75x3.0,
1043,型钢,A$C2DBF4B5B,,-185364.06,111590.24,ANGEL STEEL_75x75x3.0,
1044,型钢,A$C2DBF4B5B,,-187514.43,111590.24,ANGEL STEEL_75x75x3.0,
1045,型钢,A$C2DBF4B5B,,-195999.86,109230.01,ANGEL STEEL_75x75x3.0,
1046,型钢,A$C2DBF4B5B,,-193849.48,109230.01,ANGEL STEEL_75x75x3.0,
1047,型钢,A$C2DBF4B5B,,-162720.54,96923.01,ANGEL STEEL_75x75x3.0,
1048,型钢,A$C2DBF4B5B,,-162720.54,96773.01,ANGEL STEEL_75x75x3.0,
1049,型钢,A$C2DBF4B5B,,-161420.77,94603.01,ANGEL STEEL_75x75x3.0,
1050,型钢,A$C2DBF4B5B,,-161420.54,94603.01,ANGEL STEEL_75x75x3.0,
1051,型钢,A$C2DBF4B5B,,-161420.77,96763.01,ANGEL STEEL_75x75x3.0,
1052,型钢,A$C2DBF4B5B,,-161420.54,96763.01,ANGEL STEEL_75x75x3.0,
1053,型钢,A$C2DBF4B5B,,-161770.77,96763.01,ANGEL STEEL_75x75x3.0,
1054,型钢,A$C2DBF4B5B,,-161771.0,96763.01,ANGEL STEEL_75x75x3.0,
1055,型钢,A$C2DBF4B5B,,-163071.0,96463.01,ANGEL STEEL_75x75x3.0,
1056,型钢,A$C2DBF4B5B,,-163071.0,96263.01,ANGEL STEEL_75x75x3.0,
1057,型钢,A$C2DBF4B5B,,-163071.0,98323.01,ANGEL STEEL_75x75x3.0,
1058,型钢,A$C2DBF4B5B,,-163071.0,98123.01,ANGEL STEEL_75x75x3.0,
1059,型钢,A$C2DBF4B5B,,-163071.0,94603.01,ANGEL STEEL_75x75x3.0,
1060,型钢,A$C2DBF4B5B,,-170221.0,98323.01,ANGEL STEEL_75x75x3.0,
1061,型钢,A$C2DBF4B5B,,-170221.0,98123.01,ANGEL STEEL_75x75x3.0,
1062,型钢,A$C2DBF4B5B,,-170221.0,96463.01,ANGEL STEEL_75x75x3.0,
1063,型钢,A$C2DBF4B5B,,-170221.0,96263.01,ANGEL STEEL_75x75x3.0,
1064,型钢,A$C2DBF4B5B,,-170221.0,94603.01,ANGEL STEEL_75x75x3.0,
1065,型钢,A$C2DBF4B5B,,-169870.09,98323.01,ANGEL STEEL_75x75x3.0,
1066,型钢,A$C2DBF4B5B,,-169870.09,98123.01,ANGEL STEEL_75x75x3.0,
1067,型钢,A$C2DBF4B5B,,-169870.09,96463.01,ANGEL STEEL_75x75x3.0,
1068,型钢,A$C2DBF4B5B,,-169870.09,96263.01,ANGEL STEEL_75x75x3.0,
1069,型钢,A$C2DBF4B5B,,-169870.09,94603.01,ANGEL STEEL_75x75x3.0,
1070,型钢,A$C2DBF4B5B,,-146586.04,98323.01,ANGEL STEEL_75x75x3.0,
1071,型钢,A$C2DBF4B5B,,-146586.04,98123.01,ANGEL STEEL_75x75x3.0,
1072,型钢,A$C2DBF4B5B,,-146586.5,96463.01,ANGEL STEEL_75x75x3.0,
1073,型钢,A$C2DBF4B5B,,-146586.5,96263.01,ANGEL STEEL_75x75x3.0,
1074,型钢,A$C2DBF4B5B,,-146235.57,97263.01,ANGEL STEEL_75x75x3.0,
1075,型钢,A$C2DBF4B5B,,-146235.57,97063.01,ANGEL STEEL_75x75x3.0,
1076,型钢,A$C2DBF4B5B,,-146235.57,99723.01,ANGEL STEEL_75x75x3.0,
1077,型钢,A$C2DBF4B5B,,-146235.57,99923.01,ANGEL STEEL_75x75x3.0,
1078,型钢,A$C2DBF4B5B,,-146235.57,94603.01,ANGEL STEEL_75x75x3.0,
1079,型钢,A$C2DBF4B5B,,-146586.5,94603.01,ANGEL STEEL_75x75x3.0,
1080,型钢,A$C2DBF4B5B,,-172795.77,98122.97,ANGEL STEEL_75x75x3.0,
1081,型钢,A$C2DBF4B5B,,-172795.77,96462.97,ANGEL STEEL_75x75x3.0,
1082,型钢,A$C2DBF4B5B,,-172795.77,96262.97,ANGEL STEEL_75x75x3.0,
1083,型钢,A$C2DBF4B5B,,-172795.77,94602.97,ANGEL STEEL_75x75x3.0,
1084,型钢,A$C2DBF4B5B,,-167295.3,98122.97,ANGEL STEEL_75x75x3.0,
1085,型钢,A$C2DBF4B5B,,-167295.3,96462.97,ANGEL STEEL_75x75x3.0,
1086,型钢,A$C2DBF4B5B,,-167295.3,96262.97,ANGEL STEEL_75x75x3.0,
1087,型钢,A$C2DBF4B5B,,-167295.3,94602.97,ANGEL STEEL_75x75x3.0,
1088,型钢,A$C2DBF4B5B,,-165595.77,98122.97,ANGEL STEEL_75x75x3.0,
1089,型钢,A$C2DBF4B5B,,-165595.77,96462.97,ANGEL STEEL_75x75x3.0,
1090,型钢,A$C2DBF4B5B,,-165595.77,96262.97,ANGEL STEEL_75x75x3.0,
1091,型钢,A$C2DBF4B5B,,-165595.77,94602.97,ANGEL STEEL_75x75x3.0,
1092,型钢,A$C2DBF4B5B,,-149161.27,98122.97,ANGEL STEEL_75x75x3.0,
1093,型钢,A$C2DBF4B5B,,-149161.27,96462.97,ANGEL STEEL_75x75x3.0,
1094,型钢,A$C2DBF4B5B,,-149161.27,96262.97,ANGEL STEEL_75x75x3.0,
1095,型钢,A$C2DBF4B5B,,-149161.27,94602.97,ANGEL STEEL_75x75x3.0,
1096,型钢,A$C2DBF4B5B,,-143660.8,99722.97,ANGEL STEEL_75x75x3.0,
1097,型钢,A$C2DBF4B5B,,-143660.8,97262.97,ANGEL STEEL_75x75x3.0,
1098,型钢,A$C2DBF4B5B,,-143660.8,97062.97,ANGEL STEEL_75x75x3.0,
1099,型钢,A$C2DBF4B5B,,-143660.8,94602.97,ANGEL STEEL_75x75x3.0,
1100,柱,柱底找平,,-173045.77,131554.01,0-DCC-STRUC-T,
1101,柱,柱底找平,,-158645.77,131554.01,0-DCC-STRUC-T,
1102,柱,柱底找平,,-151445.77,131554.01,0-DCC-STRUC-T,
1103,柱,H-方柱-200x8-X4,,-173045.77,132783.53,K-CEIL-DCC-RACK,
1104,柱,H-方柱-200x8-X3,,-158645.77,132783.53,K-CEIL-DCC-RACK,
1105,柱,H-方柱-200x8-X5,,-151445.77,132783.53,K-CEIL-DCC-RACK,
1106,柱,柱底找平,,-144245.77,131554.01,0-DCC-STRUC-T,
1107,柱,H-方柱-200x8-X6,,-144245.77,132783.53,K-CEIL-DCC-RACK,
1108,柱,柱底找平,,-172995.66,106820.01,0-DCC-STRUC-T,
1109,柱,柱底找平,,-167095.66,106820.01,0-DCC-STRUC-T,
1110,柱,柱底找平,,-165795.78,106820.01,0-DCC-STRUC-T,
1111,柱,柱底找平,,-149361.16,106820.01,0-DCC-STRUC-T,
1112,柱,柱底找平,,-143461.16,106820.01,0-DCC-STRUC-T,
1113,柱,H-方柱-200x8-X8,,-170045.54,108049.53,K-CEIL-DCC-RACK,
1114,柱,H-方柱-200x8-X11,,-162895.54,108049.53,K-CEIL-DCC-RACK,
1115,柱,柱底找平,,-162895.54,106820.01,0-DCC-STRUC-T,
1116,柱,柱底找平,,-170045.54,106820.01,0-DCC-STRUC-T,
1117,柱,H-方柱-200x8-X13,,-146411.04,108049.53,K-CEIL-DCC-RACK,
1118,柱,柱底找平,,-146411.04,106820.01,0-DCC-STRUC-T,
1119,柱,柱底找平,,-165845.77,131554.01,0-DCC-STRUC-T,
1120,柱,H-方柱-200x8-X3,,-165845.77,132783.53,K-CEIL-DCC-RACK,
1121,柱,柱底找平,,-146083.89,119187.01,0-DCC-STRUC-T,
1122,柱,H-方柱-200x8-X3,,-146083.89,120416.53,K-CEIL-DCC-RACK,
1123,柱,柱底找平,,-138886.89,119187.01,0-DCC-STRUC-T,
1124,柱,H-方柱-200x8-X3,,-138886.89,120416.53,K-CEIL-DCC-RACK,
1125,柱,H-方柱-200x8-X8,,-170045.54,95682.53,K-CEIL-DCC-RACK,
1126,柱,H-方柱-200x8-X11,,-162895.54,95682.53,K-CEIL-DCC-RACK,
1127,柱,柱底找平,,-162895.54,94453.01,0-DCC-STRUC-T,
1128,柱,柱底找平,,-170045.54,94453.01,0-DCC-STRUC-T,
1129,柱,H-方柱-200x8-X13,,-146411.04,95682.53,K-CEIL-DCC-RACK,
1130,柱,柱底找平,,-146411.04,94453.01,0-DCC-STRUC-T,
1131,检修门,MD2-1022,1000x2200,44015.98,42706.01,K-PART-DOOR,
1132,检修门,MD2-1022,1000x2200,77409.02,42706.33,K-PART-DOOR,
1133,检修门,MD2-1022,1000x2200,116986.77,43006.01,K-PART-DOOR,
1134,检修门,MD2-1022,1000x2200,223865.98,43956.01,K-PART-DOOR,
1135,检修门,MD2-1022,1000x2200,50988.38,108815.98,K-PART-DOOR,
1136,检修门,MD2-1022,1000x2200,118941.09,50893.99,K-PART-DOOR,
1137,检修门,MD2-1022,1000x2200,115709.02,110005.69,K-PART-DOOR,
1138,检修门,MD2-1022,1000x2200,143465.98,48443.99,K-PART-DOOR,
1139,检修门,MD2-1022,1000x2200,174610.39,107456.01,K-PART-DOOR,
1140,检修门,MD2-1022,1000x2200,2465.98,115693.99,K-PART-DOOR,
1141,检修门,MD2-1022,1000x2200,58415.98,115693.99,K-PART-DOOR,
1142,检修门,MD2-1022,1000x2200,174390.98,43006.01,K-PART-DOOR,
1143,检修门,MD2-1022,1000x2200,196840.7,115695.19,K-PART-DOOR,
1144,检修门,MD2-1022,1000x2200,2490.98,50442.25,K-PART-DOOR,
1145,检修门,MD2-1022,1000x2200,193900.87,48442.95,K-PART-DOOR,
1146,检修门,MD2-1022,1000x2200,194909.02,110006.01,K-PART-DOOR,
1147,检修门,MD2-1022,1000x2200,174315.77,50896.67,K-PART-DOOR,
1148,检修门,MD1-1222,1200x2200,113245.36,155648.4,K-PART-DOOR,
1149,检修门,MD2-1022,1000x2200,191115.98,42653.48,K-PART-DOOR,
1150,检修门,MD2-1022,1000x2200,136959.02,109955.85,K-PART-DOOR,
1151,检修门,MD2-1022,1000x2200,50993.49,49584.02,K-PART-DOOR,
1152,检修门,MD1-1222,1200x2200,84445.43,155640.6,K-PART-DOOR,
1153,检修门,MD1-1222,1200x2200,199645.43,2745.6,K-PART-DOOR,
1154,检修门,MD1-1222,1200x2200,26845.43,2755.97,K-PART-DOOR,
1155,检修门,MD2-1022,1000x2200,2365.98,107981.01,K-PART-DOOR,
1156,检修门,MD1-1222,1200x2200,34045.43,155644.41,K-PART-DOOR,
1157,检修门,MD2-1022,1000x2200,29615.98,115693.99,K-PART-DOOR,
1158,检修门,MD2-1022,1000x2200,158569.57,45704.02,K-PART-DOOR,
1159,检修门,MD1-1222,1200x2200,170845.31,155648.4,K-PART-DOOR,
1160,检修门,MD1-1222,1200x2200,199645.2,155644.4,K-PART-DOOR,
1161,检修门,MD1-1222,1200x2200,228445.43,155644.4,K-PART-DOOR,
1162,检修门,MD1-1222,1200x2200,55645.43,2755.65,K-PART-DOOR,
1163,检修门,MD1-1222,1200x2200,84445.43,2755.65,K-PART-DOOR,
1164,检修门,MD1-1222,1200x2200,113245.67,2755.97,K-PART-DOOR,
1165,检修门,MD1-1222,1200x2200,142045.28,2756.28,K-PART-DOOR,
1166,检修门,MD1-1222,1200x2200,228445.43,2752.5,K-PART-DOOR,
1167,检修门,MD1-1222,1200x2200,170845.43,2755.97,K-PART-DOOR,
1168,检修门,MD2-1022,1000x2200,108018.99,46665.98,K-PART-DOOR,
1169,检修门,MD2-1022,1000x2200,216509.02,109954.4,K-PART-DOOR,
1170,检修门,MD2-1022,1000x2200,94415.98,115693.99,K-PART-DOOR,
1171,检修门,MD2-1022,1000x2200,135984.02,115646.31,K-PART-DOOR,
1172,检修门,MD2-1022,1000x2200,172684.02,113768.99,K-PART-DOOR,
1173,检修门,X-HLP3-CR-F3-LAY-KEQP-02-002_20260401 DCC更新_SPM$0$MD1-1222,1200x2200 3500x2300(左) DCC-F,54145.43,155648.4,X-HLP3-CR-F3-LAY-KEQP-02-002_20260401 DCC更新_SPM$0$K-PART-DOOR,
1174,检修门,X-HLP3-CR-F3-LAY-KEQP-02-002_20260401 DCC更新_SPM$0$MD1-1222,1200x2200 3500x2300(左) DCC-F*2,140545.43,155648.4,X-HLP3-CR-F3-LAY-KEQP-02-002_20260401 DCC更新_SPM$0$K-PART-DOOR,
1175,检修门,MD2-1022,1000x2200,144131.09,113683.48,K-PART-DOOR,
1176,检修门,MD2-1022,1000x2200,108169.07,108765.98,K-PART-DOOR,
1177,检修门,MD2-1022,1000x2200,3450.1,46618.99,K-PART-DOOR,
1178,类型标记,TYPE 2,,-167088.49,121711.97,0-BG,
1179,类型标记,TYPE 2,,-173052.77,121711.97,0-BG,
1180,类型标记,TYPE 2,,-167088.47,124071.97,0-BG,
1181,类型标记,TYPE 2,,-173052.75,124071.97,0-BG,
1182,类型标记,TYPE 2,,-159881.92,109336.14,0-BG,
1183,类型标记,TYPE 2,,-159888.77,121711.97,0-BG,
1184,类型标记,TYPE 2,,-165802.77,121711.97,0-BG,
1185,类型标记,TYPE 2,,-143127.81,124071.97,0-BG,
1186,类型标记,TYPE 2,,-143127.81,121712.01,0-BG,
1187,类型标记,TYPE 2,,-149040.65,121711.97,0-BG,
1188,类型标记,TYPE 2,,-141840.65,123011.97,0-BG,
1189,类型标记,TYPE 2,,-141840.65,121211.97,0-BG,
1190,类型标记,TYPE 2,,-135926.65,124671.97,0-BG,
1191,类型标记,TYPE 2,,-135926.65,122011.97,0-BG,
1192,类型标记,TYPE 2,,-159881.92,96969.14,0-BG,
1193,类型标记,TYPE 2,,-173002.77,98337.97,0-BG,
1194,类型标记,TYPE 2,,-173002.77,96477.97,0-BG,
1195,类型标记,TYPE 2,,-167088.3,98337.97,0-BG,
1196,类型标记,TYPE 2,,-167088.3,96477.97,0-BG,
1197,类型标记,TYPE 2,,-165802.77,98337.97,0-BG,
1198,类型标记,TYPE 2,,-165802.77,96477.97,0-BG,
1199,类型标记,TYPE 2,,-149368.27,98337.97,0-BG,
1200,类型标记,TYPE 2,,-149368.27,96477.97,0-BG,
1201,类型标记,TYPE 2,,-143453.8,99937.97,0-BG,
1202,类型标记,TYPE 2,,-143453.8,97277.97,0-BG,
1203,紧固件/螺栓,M12,,-189537.1,137644.01,0,
1204,紧固件/螺栓,M12,,-189809.14,137644.01,0,
1205,紧固件/螺栓,M12,,-189809.14,131593.53,0,
1206,紧固件/螺栓,M12,,-189537.1,131593.53,0,
1207,紧固件/螺栓,H10_40,,-189608.02,131558.01,ANCHOR BOLTS,
1208,紧固件/螺栓,X-HL-SM-F1-SEC-00-01$0$A$C4EA80240,200x4000,-189558.44,134464.95,X-HL-SM-F1-SEC-00-01$0$BOLTS,
1209,紧固件/螺栓,X-HL-SM-F1-SEC-00-01$0$A$C147C6879,6800x7900,-189585.72,134463.63,X-HL-SM-F1-SEC-00-01$0$BOLTS,
1210,紧固件/螺栓,X-HL-SM-F1-SEC-00-01$0$A$C4EA80240,200x4000,-189558.44,134726.13,X-HL-SM-F1-SEC-00-01$0$BOLTS,
1211,紧固件/螺栓,X-HL-SM-F1-SEC-00-01$0$A$C147C6879,6800x7900,-189585.72,134724.81,X-HL-SM-F1-SEC-00-01$0$BOLTS,
1212,紧固件/螺栓,X-HL-SM-F1-SEC-00-01$0$A$C4EA80240,200x4000,-189558.44,134987.32,X-HL-SM-F1-SEC-00-01$0$BOLTS,
1213,紧固件/螺栓,X-HL-SM-F1-SEC-00-01$0$A$C147C6879,6800x7900,-189585.72,134986.0,X-HL-SM-F1-SEC-00-01$0$BOLTS,
1214,紧固件/螺栓,X-HL-SM-F1-SEC-00-01$0$A$C4EA80240,200x4000,-189558.44,135248.51,X-HL-SM-F1-SEC-00-01$0$BOLTS,
1215,紧固件/螺栓,X-HL-SM-F1-SEC-00-01$0$A$C147C6879,6800x7900,-189585.72,135247.19,X-HL-SM-F1-SEC-00-01$0$BOLTS,
1216,紧固件/螺栓,X-HL-SM-F1-SEC-00-01$0$A$C4EA80240,200x4000,-189558.44,135509.7,X-HL-SM-F1-SEC-00-01$0$BOLTS,
1217,紧固件/螺栓,X-HL-SM-F1-SEC-00-01$0$A$C147C6879,6800x7900,-189585.72,135508.38,X-HL-SM-F1-SEC-00-01$0$BOLTS,
1218,紧固件/螺栓,X-HL-SM-F1-SEC-00-01$0$A$C4EA80240,200x4000,-189558.44,135770.88,X-HL-SM-F1-SEC-00-01$0$BOLTS,
1219,紧固件/螺栓,X-HL-SM-F1-SEC-00-01$0$A$C147C6879,6800x7900,-189585.72,135769.56,X-HL-SM-F1-SEC-00-01$0$BOLTS,
1220,紧固件/螺栓,X-HL-SM-F1-SEC-00-01$0$A$C4EA80240,200x4000,-189558.44,136032.07,X-HL-SM-F1-SEC-00-01$0$BOLTS,
1221,紧固件/螺栓,X-HL-SM-F1-SEC-00-01$0$A$C147C6879,6800x7900,-189585.72,136030.75,X-HL-SM-F1-SEC-00-01$0$BOLTS,
1222,紧固件/螺栓,X-HL-SM-F1-SEC-00-01$0$A$C4EA80240,200x4000,-189558.44,132094.95,X-HL-SM-F1-SEC-00-01$0$BOLTS,
1223,紧固件/螺栓,X-HL-SM-F1-SEC-00-01$0$A$C147C6879,6800x7900,-189585.72,132093.63,X-HL-SM-F1-SEC-00-01$0$BOLTS,
1224,紧固件/螺栓,X-HL-SM-F1-SEC-00-01$0$A$C4EA80240,200x4000,-189558.44,132356.13,X-HL-SM-F1-SEC-00-01$0$BOLTS,
1225,紧固件/螺栓,X-HL-SM-F1-SEC-00-01$0$A$C147C6879,6800x7900,-189585.72,132354.81,X-HL-SM-F1-SEC-00-01$0$BOLTS,
1226,紧固件/螺栓,X-HL-SM-F1-SEC-00-01$0$A$C4EA80240,200x4000,-189558.44,132617.32,X-HL-SM-F1-SEC-00-01$0$BOLTS,
1227,紧固件/螺栓,X-HL-SM-F1-SEC-00-01$0$A$C147C6879,6800x7900,-189585.72,132616.0,X-HL-SM-F1-SEC-00-01$0$BOLTS,
1228,紧固件/螺栓,X-HL-SM-F1-SEC-00-01$0$A$C4EA80240,200x4000,-189558.44,132878.51,X-HL-SM-F1-SEC-00-01$0$BOLTS,
1229,紧固件/螺栓,X-HL-SM-F1-SEC-00-01$0$A$C147C6879,6800x7900,-189585.72,132877.19,X-HL-SM-F1-SEC-00-01$0$BOLTS,
1230,紧固件/螺栓,X-HL-SM-F1-SEC-00-01$0$A$C4EA80240,200x4000,-189558.44,133139.7,X-HL-SM-F1-SEC-00-01$0$BOLTS,
1231,紧固件/螺栓,X-HL-SM-F1-SEC-00-01$0$A$C147C6879,6800x7900,-189585.72,133138.38,X-HL-SM-F1-SEC-00-01$0$BOLTS,
1232,紧固件/螺栓,X-HL-SM-F1-SEC-00-01$0$A$C4EA80240,200x4000,-189558.44,133400.88,X-HL-SM-F1-SEC-00-01$0$BOLTS,
1233,紧固件/螺栓,X-HL-SM-F1-SEC-00-01$0$A$C147C6879,6800x7900,-189585.72,133399.56,X-HL-SM-F1-SEC-00-01$0$BOLTS,
1234,紧固件/螺栓,X-HL-SM-F1-SEC-00-01$0$A$C4EA80240,200x4000,-189558.44,133662.07,X-HL-SM-F1-SEC-00-01$0$BOLTS,
1235,紧固件/螺栓,X-HL-SM-F1-SEC-00-01$0$A$C147C6879,6800x7900,-189585.72,133660.75,X-HL-SM-F1-SEC-00-01$0$BOLTS,
1236,紧固件/螺栓,X-HL-SM-F1-SEC-00-01$0$A$C4EA80240,200x4000,-189557.94,134203.76,X-HL-SM-F1-SEC-00-01$0$BOLTS,
1237,紧固件/螺栓,X-HL-SM-F1-SEC-00-01$0$A$C147C6879,6800x7900,-189585.22,134202.44,X-HL-SM-F1-SEC-00-01$0$BOLTS,
1238,紧固件/螺栓,X-HL-SM-F1-SEC-00-01$0$A$C4EA80240,200x4000,-189558.44,131833.76,X-HL-SM-F1-SEC-00-01$0$BOLTS,
1239,紧固件/螺栓,X-HL-SM-F1-SEC-00-01$0$A$C147C6879,6800x7900,-189585.72,131832.44,X-HL-SM-F1-SEC-00-01$0$BOLTS,
1240,紧固件/螺栓,X-HL-SM-F1-SEC-00-01$0$A$C4EA80240,200x4000,-189550.44,131680.3,X-HL-SM-F1-SEC-00-01$0$BOLTS,
1241,紧固件/螺栓,X-HL-SM-F1-SEC-00-01$0$A$C147C6879,6800x7900,-189586.72,131678.98,X-HL-SM-F1-SEC-00-01$0$BOLTS,
1242,紧固件/螺栓,X-HL-SM-F1-SEC-00-01$0$A$C4EA80240,200x4000,-189550.44,133917.8,X-HL-SM-F1-SEC-00-01$0$BOLTS,
1243,紧固件/螺栓,X-HL-SM-F1-SEC-00-01$0$A$C147C6879,6800x7900,-189586.72,133916.48,X-HL-SM-F1-SEC-00-01$0$BOLTS,
1244,紧固件/螺栓,X-HL-SM-F1-SEC-00-01$0$A$C4EA80240,200x4000,-189550.44,134015.22,X-HL-SM-F1-SEC-00-01$0$BOLTS,
1245,紧固件/螺栓,X-HL-SM-F1-SEC-00-01$0$A$C147C6879,6800x7900,-189586.72,134016.54,X-HL-SM-F1-SEC-00-01$0$BOLTS,
1246,紧固件/螺栓,X-HL-SM-F1-SEC-00-01$0$A$C4EA80240,200x4000,-189550.44,136241.27,X-HL-SM-F1-SEC-00-01$0$BOLTS,
1247,紧固件/螺栓,X-HL-SM-F1-SEC-00-01$0$A$C147C6879,6800x7900,-189586.72,136242.59,X-HL-SM-F1-SEC-00-01$0$BOLTS,
1248,紧固件/螺栓,M12,,-151377.14,131593.53,0-DCC-STRUC-T,
1249,紧固件/螺栓,M12,,-151514.4,131593.53,0-DCC-STRUC-T,
1250,紧固件/螺栓,M12,,-172977.14,131593.53,0-DCC-STRUC-T,
1251,紧固件/螺栓,M12,,-173114.4,131593.53,0-DCC-STRUC-T,
1252,紧固件/螺栓,A$C4EA80240,200x4000,-169605.02,131687.33,BOLTS,
1253,紧固件/螺栓,A$C147C6879,6800x7900,-169603.7,131719.61,BOLTS,
1254,紧固件/螺栓,A$C4EA80240,200x4000,-169529.32,131734.99,BOLTS,
1255,紧固件/螺栓,A$C147C6879,6800x7900,-169561.6,131736.31,BOLTS,
1256,紧固件/螺栓,H10_40,,-173121.23,137644.01,ANCHOR BOLTS,
1257,紧固件/螺栓,H10_40,,-172970.31,137644.01,ANCHOR BOLTS,
1258,紧固件/螺栓,A$C4EA80240,200x4000,-172886.75,134047.33,BOLTS,
1259,紧固件/螺栓,A$C147C6879,6800x7900,-172888.07,134079.61,BOLTS,
1260,紧固件/螺栓,A$C4EA80240,200x4000,-172962.45,134094.99,BOLTS,
1261,紧固件/螺栓,A$C147C6879,6800x7900,-172930.17,134096.31,BOLTS,
1262,紧固件/螺栓,H10_40,,-158721.23,137644.01,ANCHOR BOLTS,
1263,紧固件/螺栓,H10_40,,-158570.31,137644.01,ANCHOR BOLTS,
1264,紧固件/螺栓,H10_40,,-151521.23,137644.01,ANCHOR BOLTS,
1265,紧固件/螺栓,H10_40,,-151370.31,137644.01,ANCHOR BOLTS,
1266,紧固件/螺栓,M12,,-158577.14,131593.53,0-DCC-STRUC-T,
1267,紧固件/螺栓,M12,,-158714.4,131593.53,0-DCC-STRUC-T,
1268,紧固件/螺栓,A$C4EA80240,200x4000,-154886.99,133880.7,BOLTS,
1269,紧固件/螺栓,A$C147C6879,6800x7900,-154888.31,133848.41,BOLTS,
1270,紧固件/螺栓,A$C4EA80240,200x4000,-154962.69,133833.03,BOLTS,
1271,紧固件/螺栓,A$C147C6879,6800x7900,-154930.4,133831.71,BOLTS,
1272,紧固件/螺栓,A$C4EA80240,200x4000,-155205.02,133880.7,BOLTS,
1273,紧固件/螺栓,A$C147C6879,6800x7900,-155203.7,133848.41,BOLTS,
1274,紧固件/螺栓,A$C4EA80240,200x4000,-155129.32,133833.03,BOLTS,
1275,紧固件/螺栓,A$C147C6879,6800x7900,-155161.6,133831.71,BOLTS,
1276,紧固件/螺栓,A$C4EA80240,200x4000,-155205.02,131687.33,BOLTS,
1277,紧固件/螺栓,A$C147C6879,6800x7900,-155203.7,131719.61,BOLTS,
1278,紧固件/螺栓,A$C4EA80240,200x4000,-155129.32,131734.99,BOLTS,
1279,紧固件/螺栓,A$C147C6879,6800x7900,-155161.6,131736.31,BOLTS,
1280,紧固件/螺栓,M12,,-144177.14,131593.53,0-DCC-STRUC-T,
1281,紧固件/螺栓,M12,,-144314.4,131593.53,0-DCC-STRUC-T,
1282,紧固件/螺栓,H10_40,,-144321.23,137644.01,ANCHOR BOLTS,
1283,紧固件/螺栓,H10_40,,-144170.31,137644.01,ANCHOR BOLTS,
1284,紧固件/螺栓,A$C4EA80240,200x4000,-147686.99,133880.7,BOLTS,
1285,紧固件/螺栓,A$C147C6879,6800x7900,-147688.31,133848.41,BOLTS,
1286,紧固件/螺栓,A$C4EA80240,200x4000,-147762.69,133833.03,BOLTS,
1287,紧固件/螺栓,A$C147C6879,6800x7900,-147730.4,133831.71,BOLTS,
1288,紧固件/螺栓,A$C4EA80240,200x4000,-148005.02,133880.7,BOLTS,
1289,紧固件/螺栓,A$C147C6879,6800x7900,-148003.7,133848.41,BOLTS,
1290,紧固件/螺栓,A$C4EA80240,200x4000,-147929.32,133833.03,BOLTS,
1291,紧固件/螺栓,A$C147C6879,6800x7900,-147961.6,133831.71,BOLTS,
1292,紧固件/螺栓,A$C4EA80240,200x4000,-147686.99,131687.33,BOLTS,
1293,紧固件/螺栓,A$C147C6879,6800x7900,-147688.31,131719.61,BOLTS,
1294,紧固件/螺栓,A$C4EA80240,200x4000,-147762.69,131734.99,BOLTS,
1295,紧固件/螺栓,A$C147C6879,6800x7900,-147730.4,131736.31,BOLTS,
1296,紧固件/螺栓,A$C4EA80240,200x4000,-144404.79,131687.33,BOLTS,
1297,紧固件/螺栓,A$C147C6879,6800x7900,-144403.47,131719.61,BOLTS,
1298,紧固件/螺栓,A$C4EA80240,200x4000,-144329.09,131734.99,BOLTS,
1299,紧固件/螺栓,A$C147C6879,6800x7900,-144361.37,131736.31,BOLTS,
1300,紧固件/螺栓,A$C4EA80240,200x4000,-169886.99,121680.33,BOLTS,
1301,紧固件/螺栓,A$C147C6879,6800x7900,-169888.31,121712.61,BOLTS,
1302,紧固件/螺栓,A$C4EA80240,200x4000,-169962.69,121727.99,BOLTS,
1303,紧固件/螺栓,A$C147C6879,6800x7900,-169930.4,121729.31,BOLTS,
1304,紧固件/螺栓,A$C4EA80240,200x4000,-167279.09,121680.28,BOLTS,
1305,紧固件/螺栓,A$C147C6879,6800x7900,-167277.77,121712.57,BOLTS,
1306,紧固件/螺栓,A$C4EA80240,200x4000,-167203.39,121727.95,BOLTS,
1307,紧固件/螺栓,A$C147C6879,6800x7900,-167235.67,121729.27,BOLTS,
1308,紧固件/螺栓,A$C4EA80240,200x4000,-169886.99,121513.7,BOLTS,
1309,紧固件/螺栓,A$C147C6879,6800x7900,-169888.31,121481.41,BOLTS,
1310,紧固件/螺栓,A$C4EA80240,200x4000,-169962.69,121466.03,BOLTS,
1311,紧固件/螺栓,A$C147C6879,6800x7900,-169930.4,121464.71,BOLTS,
1312,紧固件/螺栓,A$C4EA80240,200x4000,-172861.75,119320.33,BOLTS,
1313,紧固件/螺栓,A$C147C6879,6800x7900,-172863.07,119352.61,BOLTS,
1314,紧固件/螺栓,A$C4EA80240,200x4000,-172937.45,119367.99,BOLTS,
1315,紧固件/螺栓,A$C147C6879,6800x7900,-172905.17,119369.31,BOLTS,
1316,紧固件/螺栓,A$C4EA80240,200x4000,-162686.52,121513.7,BOLTS,
1317,紧固件/螺栓,A$C147C6879,6800x7900,-162687.84,121481.41,BOLTS,
1318,紧固件/螺栓,A$C4EA80240,200x4000,-162762.22,121466.03,BOLTS,
1319,紧固件/螺栓,A$C147C6879,6800x7900,-162729.94,121464.71,BOLTS,
1320,紧固件/螺栓,A$C4EA80240,200x4000,-162686.52,119320.33,BOLTS,
1321,紧固件/螺栓,A$C147C6879,6800x7900,-162687.84,119352.61,BOLTS,
1322,紧固件/螺栓,A$C4EA80240,200x4000,-162762.22,119367.99,BOLTS,
1323,紧固件/螺栓,A$C147C6879,6800x7900,-162729.94,119369.31,BOLTS,
1324,紧固件/螺栓,A$C4EA80240,200x4000,-169886.99,123873.7,BOLTS,
1325,紧固件/螺栓,A$C147C6879,6800x7900,-169888.31,123841.41,BOLTS,
1326,紧固件/螺栓,A$C4EA80240,200x4000,-169962.69,123826.03,BOLTS,
1327,紧固件/螺栓,A$C147C6879,6800x7900,-169930.4,123824.71,BOLTS,
1328,紧固件/螺栓,A$C4EA80240,200x4000,-167229.79,119322.97,BOLTS,
1329,紧固件/螺栓,A$C147C6879,6800x7900,-167228.47,119355.26,BOLTS,
1330,紧固件/螺栓,A$C4EA80240,200x4000,-167154.09,119367.99,BOLTS,
1331,紧固件/螺栓,A$C147C6879,6800x7900,-167186.37,119369.31,BOLTS,
1332,紧固件/螺栓,A$C4EA80240,200x4000,-160079.79,121513.7,BOLTS,
1333,紧固件/螺栓,A$C147C6879,6800x7900,-160078.47,121481.41,BOLTS,
1334,紧固件/螺栓,A$C4EA80240,200x4000,-160004.09,121466.03,BOLTS,
1335,紧固件/螺栓,A$C147C6879,6800x7900,-160036.37,121464.71,BOLTS,
1336,紧固件/螺栓,A$C4EA80240,200x4000,-160079.79,119320.33,BOLTS,
1337,紧固件/螺栓,A$C147C6879,6800x7900,-160078.47,119352.61,BOLTS,
1338,紧固件/螺栓,A$C4EA80240,200x4000,-160004.09,119367.99,BOLTS,
1339,紧固件/螺栓,A$C147C6879,6800x7900,-160036.37,119369.31,BOLTS,
1340,紧固件/螺栓,A$C4EA80240,200x4000,-164361.75,121513.7,BOLTS,
1341,紧固件/螺栓,A$C147C6879,6800x7900,-164363.07,121481.41,BOLTS,
1342,紧固件/螺栓,A$C4EA80240,200x4000,-164437.45,121466.03,BOLTS,
1343,紧固件/螺栓,A$C147C6879,6800x7900,-164405.17,121464.71,BOLTS,
1344,紧固件/螺栓,A$C4EA80240,200x4000,-163005.02,121513.7,BOLTS,
1345,紧固件/螺栓,A$C147C6879,6800x7900,-163003.7,121481.41,BOLTS,
1346,紧固件/螺栓,A$C4EA80240,200x4000,-162929.32,121466.03,BOLTS,
1347,紧固件/螺栓,A$C147C6879,6800x7900,-162961.6,121464.71,BOLTS,
1348,紧固件/螺栓,A$C4EA80240,200x4000,-138724.4,119320.33,BOLTS,
1349,紧固件/螺栓,A$C147C6879,6800x7900,-138725.72,119352.61,BOLTS,
1350,紧固件/螺栓,A$C4EA80240,200x4000,-138800.1,119367.99,BOLTS,
1351,紧固件/螺栓,A$C147C6879,6800x7900,-138767.82,119369.31,BOLTS,
1352,紧固件/螺栓,A$C4EA80240,200x4000,-136117.67,121980.33,BOLTS,
1353,紧固件/螺栓,A$C147C6879,6800x7900,-136116.35,122012.61,BOLTS,
1354,紧固件/螺栓,A$C4EA80240,200x4000,-136041.97,122027.99,BOLTS,
1355,紧固件/螺栓,A$C147C6879,6800x7900,-136074.25,122029.31,BOLTS,
1356,紧固件/螺栓,A$C4EA80240,200x4000,-136117.67,121813.7,BOLTS,
1357,紧固件/螺栓,A$C147C6879,6800x7900,-136116.35,121781.41,BOLTS,
1358,紧固件/螺栓,A$C4EA80240,200x4000,-136041.97,121766.03,BOLTS,
1359,紧固件/螺栓,A$C147C6879,6800x7900,-136074.25,121764.71,BOLTS,
1360,紧固件/螺栓,A$C4EA80240,200x4000,-136117.67,119320.33,BOLTS,
1361,紧固件/螺栓,A$C147C6879,6800x7900,-136116.35,119352.61,BOLTS,
1362,紧固件/螺栓,A$C4EA80240,200x4000,-136041.97,119367.99,BOLTS,
1363,紧固件/螺栓,A$C147C6879,6800x7900,-136074.25,119369.31,BOLTS,
1364,紧固件/螺栓,A$C4EA80240,200x4000,-136117.67,124473.7,BOLTS,
1365,紧固件/螺栓,A$C147C6879,6800x7900,-136116.35,124441.41,BOLTS,
1366,紧固件/螺栓,A$C4EA80240,200x4000,-136041.97,124426.03,BOLTS,
1367,紧固件/螺栓,A$C147C6879,6800x7900,-136074.25,124424.71,BOLTS,
1368,紧固件/螺栓,A$C4EA80240,200x4000,-141649.64,119320.33,BOLTS,
1369,紧固件/螺栓,A$C147C6879,6800x7900,-141650.96,119352.61,BOLTS,
1370,紧固件/螺栓,A$C4EA80240,200x4000,-141725.34,119367.99,BOLTS,
1371,紧固件/螺栓,A$C147C6879,6800x7900,-141693.05,119369.31,BOLTS,
1372,紧固件/螺栓,A$C4EA80240,200x4000,-139042.44,119320.33,BOLTS,
1373,紧固件/螺栓,A$C147C6879,6800x7900,-139041.12,119352.61,BOLTS,
1374,紧固件/螺栓,A$C4EA80240,200x4000,-138966.74,119367.99,BOLTS,
1375,紧固件/螺栓,A$C147C6879,6800x7900,-138999.02,119369.31,BOLTS,
1376,紧固件/螺栓,A$C4EA80240,200x4000,-139042.67,119320.33,BOLTS,
1377,紧固件/螺栓,A$C147C6879,6800x7900,-139041.35,119352.61,BOLTS,
1378,紧固件/螺栓,A$C4EA80240,200x4000,-138966.97,119367.99,BOLTS,
1379,紧固件/螺栓,A$C147C6879,6800x7900,-138999.25,119369.31,BOLTS,
1380,紧固件/螺栓,A$C4EA80240,200x4000,-141649.4,119320.33,BOLTS,
1381,紧固件/螺栓,A$C147C6879,6800x7900,-141650.72,119352.61,BOLTS,
1382,紧固件/螺栓,A$C4EA80240,200x4000,-141725.1,119367.99,BOLTS,
1383,紧固件/螺栓,A$C147C6879,6800x7900,-141692.82,119369.31,BOLTS,
1384,紧固件/螺栓,M12,,-172927.03,106859.53,0-DCC-STRUC-T,
1385,紧固件/螺栓,M12,,-173064.29,106859.53,0-DCC-STRUC-T,
1386,紧固件/螺栓,M12,,-167027.03,106859.53,0-DCC-STRUC-T,
1387,紧固件/螺栓,M12,,-167164.29,106859.53,0-DCC-STRUC-T,
1388,紧固件/螺栓,M12,,-165727.14,106859.53,0-DCC-STRUC-T,
1389,紧固件/螺栓,M12,,-165864.41,106859.53,0-DCC-STRUC-T,
1390,紧固件/螺栓,化学锚栓连接板,,-231295.54,230573.49,K-CEIL-DCC-RACK,
1391,紧固件/螺栓,化学锚栓连接板,,-238445.54,230573.49,K-CEIL-DCC-RACK,
1392,紧固件/螺栓,M12,,-149292.53,106859.53,0-DCC-STRUC-T,
1393,紧固件/螺栓,M12,,-149429.79,106859.53,0-DCC-STRUC-T,
1394,紧固件/螺栓,M12,,-143392.53,106859.53,0-DCC-STRUC-T,
1395,紧固件/螺栓,M12,,-143529.79,106859.53,0-DCC-STRUC-T,
1396,紧固件/螺栓,化学锚栓连接板,,-214811.04,230573.49,K-CEIL-DCC-RACK,
1397,紧固件/螺栓,M12,,-162826.9,106859.53,0-DCC-STRUC-T,
1398,紧固件/螺栓,M12,,-162964.17,106859.53,0-DCC-STRUC-T,
1399,紧固件/螺栓,M12,,-169976.9,106859.53,0-DCC-STRUC-T,
1400,紧固件/螺栓,M12,,-170114.17,106859.53,0-DCC-STRUC-T,
1401,紧固件/螺栓,M12,,-146342.4,106859.53,0-DCC-STRUC-T,
1402,紧固件/螺栓,M12,,-146479.67,106859.53,0-DCC-STRUC-T,
1403,紧固件/螺栓,A$C4EA80240,200x4000,-170204.55,123873.7,BOLTS,
1404,紧固件/螺栓,A$C147C6879,6800x7900,-170203.23,123841.41,BOLTS,
1405,紧固件/螺栓,A$C4EA80240,200x4000,-170128.85,123826.03,BOLTS,
1406,紧固件/螺栓,A$C147C6879,6800x7900,-170161.14,123824.71,BOLTS,
1407,紧固件/螺栓,M12,,-187553.42,106859.53,0,
1408,紧固件/螺栓,M12,,-187825.45,106859.53,0,
1409,紧固件/螺栓,M12,,-187825.45,112910.01,0,
1410,紧固件/螺栓,M12,,-187553.42,112910.01,0,
1411,紧固件/螺栓,M12,,-185053.04,106859.53,0,
1412,紧固件/螺栓,M12,,-185325.08,106859.53,0,
1413,紧固件/螺栓,H10_40,,-185126.56,106824.01,ANCHOR BOLTS,
1414,紧固件/螺栓,X-HL-SM-F1-SEC-00-01$0$A$C4EA80240,200x4000,-185074.37,109730.95,X-HL-SM-F1-SEC-00-01$0$BOLTS,
1415,紧固件/螺栓,X-HL-SM-F1-SEC-00-01$0$A$C147C6879,6800x7900,-185101.66,109729.63,X-HL-SM-F1-SEC-00-01$0$BOLTS,
1416,紧固件/螺栓,X-HL-SM-F1-SEC-00-01$0$A$C4EA80240,200x4000,-185074.37,109992.13,X-HL-SM-F1-SEC-00-01$0$BOLTS,
1417,紧固件/螺栓,X-HL-SM-F1-SEC-00-01$0$A$C147C6879,6800x7900,-185101.66,109990.81,X-HL-SM-F1-SEC-00-01$0$BOLTS,
1418,紧固件/螺栓,X-HL-SM-F1-SEC-00-01$0$A$C4EA80240,200x4000,-185074.37,110253.32,X-HL-SM-F1-SEC-00-01$0$BOLTS,
1419,紧固件/螺栓,X-HL-SM-F1-SEC-00-01$0$A$C147C6879,6800x7900,-185101.66,110252.0,X-HL-SM-F1-SEC-00-01$0$BOLTS,
1420,紧固件/螺栓,X-HL-SM-F1-SEC-00-01$0$A$C4EA80240,200x4000,-185074.37,110514.51,X-HL-SM-F1-SEC-00-01$0$BOLTS,
1421,紧固件/螺栓,X-HL-SM-F1-SEC-00-01$0$A$C147C6879,6800x7900,-185101.66,110513.19,X-HL-SM-F1-SEC-00-01$0$BOLTS,
1422,紧固件/螺栓,X-HL-SM-F1-SEC-00-01$0$A$C4EA80240,200x4000,-185074.37,110775.7,X-HL-SM-F1-SEC-00-01$0$BOLTS,
1423,紧固件/螺栓,X-HL-SM-F1-SEC-00-01$0$A$C147C6879,6800x7900,-185101.66,110774.38,X-HL-SM-F1-SEC-00-01$0$BOLTS,
1424,紧固件/螺栓,X-HL-SM-F1-SEC-00-01$0$A$C4EA80240,200x4000,-185074.37,111036.88,X-HL-SM-F1-SEC-00-01$0$BOLTS,
1425,紧固件/螺栓,X-HL-SM-F1-SEC-00-01$0$A$C147C6879,6800x7900,-185101.66,111035.56,X-HL-SM-F1-SEC-00-01$0$BOLTS,
1426,紧固件/螺栓,X-HL-SM-F1-SEC-00-01$0$A$C4EA80240,200x4000,-185074.37,111298.07,X-HL-SM-F1-SEC-00-01$0$BOLTS,
1427,紧固件/螺栓,X-HL-SM-F1-SEC-00-01$0$A$C147C6879,6800x7900,-185101.66,111296.75,X-HL-SM-F1-SEC-00-01$0$BOLTS,
1428,紧固件/螺栓,X-HL-SM-F1-SEC-00-01$0$A$C4EA80240,200x4000,-185074.37,107360.95,X-HL-SM-F1-SEC-00-01$0$BOLTS,
1429,紧固件/螺栓,X-HL-SM-F1-SEC-00-01$0$A$C147C6879,6800x7900,-185101.66,107359.63,X-HL-SM-F1-SEC-00-01$0$BOLTS,
1430,紧固件/螺栓,X-HL-SM-F1-SEC-00-01$0$A$C4EA80240,200x4000,-185074.37,107622.13,X-HL-SM-F1-SEC-00-01$0$BOLTS,
1431,紧固件/螺栓,X-HL-SM-F1-SEC-00-01$0$A$C147C6879,6800x7900,-185101.66,107620.81,X-HL-SM-F1-SEC-00-01$0$BOLTS,
1432,紧固件/螺栓,X-HL-SM-F1-SEC-00-01$0$A$C4EA80240,200x4000,-185074.37,107883.32,X-HL-SM-F1-SEC-00-01$0$BOLTS,
1433,紧固件/螺栓,X-HL-SM-F1-SEC-00-01$0$A$C147C6879,6800x7900,-185101.66,107882.0,X-HL-SM-F1-SEC-00-01$0$BOLTS,
1434,紧固件/螺栓,X-HL-SM-F1-SEC-00-01$0$A$C4EA80240,200x4000,-185074.37,108144.51,X-HL-SM-F1-SEC-00-01$0$BOLTS,
1435,紧固件/螺栓,X-HL-SM-F1-SEC-00-01$0$A$C147C6879,6800x7900,-185101.66,108143.19,X-HL-SM-F1-SEC-00-01$0$BOLTS,
1436,紧固件/螺栓,X-HL-SM-F1-SEC-00-01$0$A$C4EA80240,200x4000,-185074.37,108405.7,X-HL-SM-F1-SEC-00-01$0$BOLTS,
1437,紧固件/螺栓,X-HL-SM-F1-SEC-00-01$0$A$C147C6879,6800x7900,-185101.66,108404.38,X-HL-SM-F1-SEC-00-01$0$BOLTS,
1438,紧固件/螺栓,X-HL-SM-F1-SEC-00-01$0$A$C4EA80240,200x4000,-185074.37,108666.88,X-HL-SM-F1-SEC-00-01$0$BOLTS,
1439,紧固件/螺栓,X-HL-SM-F1-SEC-00-01$0$A$C147C6879,6800x7900,-185101.66,108665.56,X-HL-SM-F1-SEC-00-01$0$BOLTS,
1440,紧固件/螺栓,X-HL-SM-F1-SEC-00-01$0$A$C4EA80240,200x4000,-185074.37,108928.07,X-HL-SM-F1-SEC-00-01$0$BOLTS,
1441,紧固件/螺栓,X-HL-SM-F1-SEC-00-01$0$A$C147C6879,6800x7900,-185101.66,108926.75,X-HL-SM-F1-SEC-00-01$0$BOLTS,
1442,紧固件/螺栓,X-HL-SM-F1-SEC-00-01$0$A$C4EA80240,200x4000,-185073.87,109469.76,X-HL-SM-F1-SEC-00-01$0$BOLTS,
1443,紧固件/螺栓,X-HL-SM-F1-SEC-00-01$0$A$C147C6879,6800x7900,-185101.16,109468.44,X-HL-SM-F1-SEC-00-01$0$BOLTS,
1444,紧固件/螺栓,X-HL-SM-F1-SEC-00-01$0$A$C4EA80240,200x4000,-185074.37,107099.76,X-HL-SM-F1-SEC-00-01$0$BOLTS,
1445,紧固件/螺栓,X-HL-SM-F1-SEC-00-01$0$A$C147C6879,6800x7900,-185101.66,107098.44,X-HL-SM-F1-SEC-00-01$0$BOLTS,
1446,紧固件/螺栓,X-HL-SM-F1-SEC-00-01$0$A$C4EA80240,200x4000,-185066.37,106946.3,X-HL-SM-F1-SEC-00-01$0$BOLTS,
1447,紧固件/螺栓,X-HL-SM-F1-SEC-00-01$0$A$C147C6879,6800x7900,-185102.66,106944.98,X-HL-SM-F1-SEC-00-01$0$BOLTS,
1448,紧固件/螺栓,X-HL-SM-F1-SEC-00-01$0$A$C4EA80240,200x4000,-185066.37,109183.8,X-HL-SM-F1-SEC-00-01$0$BOLTS,
1449,紧固件/螺栓,X-HL-SM-F1-SEC-00-01$0$A$C147C6879,6800x7900,-185102.66,109182.48,X-HL-SM-F1-SEC-00-01$0$BOLTS,
1450,紧固件/螺栓,X-HL-SM-F1-SEC-00-01$0$A$C4EA80240,200x4000,-185066.37,109281.22,X-HL-SM-F1-SEC-00-01$0$BOLTS,
1451,紧固件/螺栓,X-HL-SM-F1-SEC-00-01$0$A$C147C6879,6800x7900,-185102.66,109282.54,X-HL-SM-F1-SEC-00-01$0$BOLTS,
1452,紧固件/螺栓,X-HL-SM-F1-SEC-00-01$0$A$C4EA80240,200x4000,-185066.37,111507.27,X-HL-SM-F1-SEC-00-01$0$BOLTS,
1453,紧固件/螺栓,X-HL-SM-F1-SEC-00-01$0$A$C147C6879,6800x7900,-185102.66,111508.59,X-HL-SM-F1-SEC-00-01$0$BOLTS,
1454,紧固件/螺栓,X-HL-SM-F1-SEC-00-01$0$A$C4EA80240,200x4000,-187306.89,111702.92,X-HL-SM-F1-SEC-00-01$0$BOLTS,
1455,紧固件/螺栓,X-HL-SM-F1-SEC-00-01$0$A$C147C6879,6800x7900,-187305.57,111675.64,X-HL-SM-F1-SEC-00-01$0$BOLTS,
1456,紧固件/螺栓,X-HL-SM-F1-SEC-00-01$0$A$C4EA80240,200x4000,-187568.08,111702.92,X-HL-SM-F1-SEC-00-01$0$BOLTS,
1457,紧固件/螺栓,X-HL-SM-F1-SEC-00-01$0$A$C147C6879,6800x7900,-187566.76,111675.64,X-HL-SM-F1-SEC-00-01$0$BOLTS,
1458,紧固件/螺栓,X-HL-SM-F1-SEC-00-01$0$A$C4EA80240,200x4000,-187045.7,111702.92,X-HL-SM-F1-SEC-00-01$0$BOLTS,
1459,紧固件/螺栓,X-HL-SM-F1-SEC-00-01$0$A$C147C6879,6800x7900,-187044.38,111675.64,X-HL-SM-F1-SEC-00-01$0$BOLTS,
1460,紧固件/螺栓,X-HL-SM-F1-SEC-00-01$0$A$C4EA80240,200x4000,-186784.51,111702.92,X-HL-SM-F1-SEC-00-01$0$BOLTS,
1461,紧固件/螺栓,X-HL-SM-F1-SEC-00-01$0$A$C147C6879,6800x7900,-186783.19,111675.64,X-HL-SM-F1-SEC-00-01$0$BOLTS,
1462,紧固件/螺栓,X-HL-SM-F1-SEC-00-01$0$A$C4EA80240,200x4000,-186523.33,111702.92,X-HL-SM-F1-SEC-00-01$0$BOLTS,
1463,紧固件/螺栓,X-HL-SM-F1-SEC-00-01$0$A$C147C6879,6800x7900,-186522.01,111675.64,X-HL-SM-F1-SEC-00-01$0$BOLTS,
1464,紧固件/螺栓,X-HL-SM-F1-SEC-00-01$0$A$C4EA80240,200x4000,-186262.14,111702.92,X-HL-SM-F1-SEC-00-01$0$BOLTS,
1465,紧固件/螺栓,X-HL-SM-F1-SEC-00-01$0$A$C147C6879,6800x7900,-186260.82,111675.64,X-HL-SM-F1-SEC-00-01$0$BOLTS,
1466,紧固件/螺栓,X-HL-SM-F1-SEC-00-01$0$A$C4EA80240,200x4000,-186000.95,111702.92,X-HL-SM-F1-SEC-00-01$0$BOLTS,
1467,紧固件/螺栓,X-HL-SM-F1-SEC-00-01$0$A$C147C6879,6800x7900,-185999.63,111675.64,X-HL-SM-F1-SEC-00-01$0$BOLTS,
1468,紧固件/螺栓,X-HL-SM-F1-SEC-00-01$0$A$C4EA80240,200x4000,-185739.76,111702.92,X-HL-SM-F1-SEC-00-01$0$BOLTS,
1469,紧固件/螺栓,X-HL-SM-F1-SEC-00-01$0$A$C147C6879,6800x7900,-185738.44,111675.64,X-HL-SM-F1-SEC-00-01$0$BOLTS,
1470,紧固件/螺栓,X-HL-SM-F1-SEC-00-01$0$A$C4EA80240,200x4000,-185478.58,111702.92,X-HL-SM-F1-SEC-00-01$0$BOLTS,
1471,紧固件/螺栓,X-HL-SM-F1-SEC-00-01$0$A$C147C6879,6800x7900,-185477.26,111675.64,X-HL-SM-F1-SEC-00-01$0$BOLTS,
1472,紧固件/螺栓,X-HL-SM-F1-SEC-00-01$0$A$C4EA80240,200x4000,-185338.08,111702.92,X-HL-SM-F1-SEC-00-01$0$BOLTS,
1473,紧固件/螺栓,X-HL-SM-F1-SEC-00-01$0$A$C147C6879,6800x7900,-185336.76,111675.64,X-HL-SM-F1-SEC-00-01$0$BOLTS,
1474,紧固件/螺栓,M12,,-193810.5,106859.53,0,
1475,紧固件/螺栓,M12,,-193538.46,106859.53,0,
1476,紧固件/螺栓,M12,,-193538.46,112910.01,0,
1477,紧固件/螺栓,M12,,-193810.5,112910.01,0,
1478,紧固件/螺栓,M12,,-196310.88,106859.53,0,
1479,紧固件/螺栓,M12,,-196038.84,106859.53,0,
1480,紧固件/螺栓,H10_40,,-196240.42,106824.01,ANCHOR BOLTS,
1481,紧固件/螺栓,X-HL-SM-F1-SEC-00-01$0$A$C4EA80240,200x4000,-196289.54,107360.95,X-HL-SM-F1-SEC-00-01$0$BOLTS,
1482,紧固件/螺栓,X-HL-SM-F1-SEC-00-01$0$A$C147C6879,6800x7900,-196262.26,107359.63,X-HL-SM-F1-SEC-00-01$0$BOLTS,
1483,紧固件/螺栓,X-HL-SM-F1-SEC-00-01$0$A$C4EA80240,200x4000,-196289.54,107622.13,X-HL-SM-F1-SEC-00-01$0$BOLTS,
1484,紧固件/螺栓,X-HL-SM-F1-SEC-00-01$0$A$C147C6879,6800x7900,-196262.26,107620.81,X-HL-SM-F1-SEC-00-01$0$BOLTS,
1485,紧固件/螺栓,X-HL-SM-F1-SEC-00-01$0$A$C4EA80240,200x4000,-196289.54,107883.32,X-HL-SM-F1-SEC-00-01$0$BOLTS,
1486,紧固件/螺栓,X-HL-SM-F1-SEC-00-01$0$A$C147C6879,6800x7900,-196262.26,107882.0,X-HL-SM-F1-SEC-00-01$0$BOLTS,
1487,紧固件/螺栓,X-HL-SM-F1-SEC-00-01$0$A$C4EA80240,200x4000,-196289.54,108144.51,X-HL-SM-F1-SEC-00-01$0$BOLTS,
1488,紧固件/螺栓,X-HL-SM-F1-SEC-00-01$0$A$C147C6879,6800x7900,-196262.26,108143.19,X-HL-SM-F1-SEC-00-01$0$BOLTS,
1489,紧固件/螺栓,X-HL-SM-F1-SEC-00-01$0$A$C4EA80240,200x4000,-196289.54,108405.7,X-HL-SM-F1-SEC-00-01$0$BOLTS,
1490,紧固件/螺栓,X-HL-SM-F1-SEC-00-01$0$A$C147C6879,6800x7900,-196262.26,108404.38,X-HL-SM-F1-SEC-00-01$0$BOLTS,
1491,紧固件/螺栓,X-HL-SM-F1-SEC-00-01$0$A$C4EA80240,200x4000,-196289.54,108666.88,X-HL-SM-F1-SEC-00-01$0$BOLTS,
1492,紧固件/螺栓,X-HL-SM-F1-SEC-00-01$0$A$C147C6879,6800x7900,-196262.26,108665.56,X-HL-SM-F1-SEC-00-01$0$BOLTS,
1493,紧固件/螺栓,X-HL-SM-F1-SEC-00-01$0$A$C4EA80240,200x4000,-196289.54,108928.07,X-HL-SM-F1-SEC-00-01$0$BOLTS,
1494,紧固件/螺栓,X-HL-SM-F1-SEC-00-01$0$A$C147C6879,6800x7900,-196262.26,108926.75,X-HL-SM-F1-SEC-00-01$0$BOLTS,
1495,紧固件/螺栓,X-HL-SM-F1-SEC-00-01$0$A$C4EA80240,200x4000,-196289.54,107099.76,X-HL-SM-F1-SEC-00-01$0$BOLTS,
1496,紧固件/螺栓,X-HL-SM-F1-SEC-00-01$0$A$C147C6879,6800x7900,-196262.26,107098.44,X-HL-SM-F1-SEC-00-01$0$BOLTS,
1497,紧固件/螺栓,X-HL-SM-F1-SEC-00-01$0$A$C4EA80240,200x4000,-196297.54,106946.3,X-HL-SM-F1-SEC-00-01$0$BOLTS,
1498,紧固件/螺栓,X-HL-SM-F1-SEC-00-01$0$A$C147C6879,6800x7900,-196261.26,106944.98,X-HL-SM-F1-SEC-00-01$0$BOLTS,
1499,紧固件/螺栓,X-HL-SM-F1-SEC-00-01$0$A$C4EA80240,200x4000,-196297.54,109183.8,X-HL-SM-F1-SEC-00-01$0$BOLTS,
1500,紧固件/螺栓,X-HL-SM-F1-SEC-00-01$0$A$C147C6879,6800x7900,-196261.26,109182.48,X-HL-SM-F1-SEC-00-01$0$BOLTS,
1501,紧固件/螺栓,X-HL-SM-F1-SEC-00-01$0$A$C4EA80240,200x4000,-194057.03,109342.7,X-HL-SM-F1-SEC-00-01$0$BOLTS,
1502,紧固件/螺栓,X-HL-SM-F1-SEC-00-01$0$A$C147C6879,6800x7900,-194058.35,109315.41,X-HL-SM-F1-SEC-00-01$0$BOLTS,
1503,紧固件/螺栓,X-HL-SM-F1-SEC-00-01$0$A$C4EA80240,200x4000,-193795.84,109342.7,X-HL-SM-F1-SEC-00-01$0$BOLTS,
1504,紧固件/螺栓,X-HL-SM-F1-SEC-00-01$0$A$C147C6879,6800x7900,-193797.16,109315.41,X-HL-SM-F1-SEC-00-01$0$BOLTS,
1505,紧固件/螺栓,X-HL-SM-F1-SEC-00-01$0$A$C4EA80240,200x4000,-194318.22,109342.7,X-HL-SM-F1-SEC-00-01$0$BOLTS,
1506,紧固件/螺栓,X-HL-SM-F1-SEC-00-01$0$A$C147C6879,6800x7900,-194319.53,109315.41,X-HL-SM-F1-SEC-00-01$0$BOLTS,
1507,紧固件/螺栓,X-HL-SM-F1-SEC-00-01$0$A$C4EA80240,200x4000,-194579.4,109342.7,X-HL-SM-F1-SEC-00-01$0$BOLTS,
1508,紧固件/螺栓,X-HL-SM-F1-SEC-00-01$0$A$C147C6879,6800x7900,-194580.72,109315.41,X-HL-SM-F1-SEC-00-01$0$BOLTS,
1509,紧固件/螺栓,X-HL-SM-F1-SEC-00-01$0$A$C4EA80240,200x4000,-194840.59,109342.7,X-HL-SM-F1-SEC-00-01$0$BOLTS,
1510,紧固件/螺栓,X-HL-SM-F1-SEC-00-01$0$A$C147C6879,6800x7900,-194841.91,109315.41,X-HL-SM-F1-SEC-00-01$0$BOLTS,
1511,紧固件/螺栓,X-HL-SM-F1-SEC-00-01$0$A$C4EA80240,200x4000,-195101.78,109342.7,X-HL-SM-F1-SEC-00-01$0$BOLTS,
1512,紧固件/螺栓,X-HL-SM-F1-SEC-00-01$0$A$C147C6879,6800x7900,-195103.1,109315.41,X-HL-SM-F1-SEC-00-01$0$BOLTS,
1513,紧固件/螺栓,X-HL-SM-F1-SEC-00-01$0$A$C4EA80240,200x4000,-195362.97,109342.7,X-HL-SM-F1-SEC-00-01$0$BOLTS,
1514,紧固件/螺栓,X-HL-SM-F1-SEC-00-01$0$A$C147C6879,6800x7900,-195364.28,109315.41,X-HL-SM-F1-SEC-00-01$0$BOLTS,
1515,紧固件/螺栓,X-HL-SM-F1-SEC-00-01$0$A$C4EA80240,200x4000,-195624.15,109342.7,X-HL-SM-F1-SEC-00-01$0$BOLTS,
1516,紧固件/螺栓,X-HL-SM-F1-SEC-00-01$0$A$C147C6879,6800x7900,-195625.47,109315.41,X-HL-SM-F1-SEC-00-01$0$BOLTS,
1517,紧固件/螺栓,X-HL-SM-F1-SEC-00-01$0$A$C4EA80240,200x4000,-195885.34,109342.7,X-HL-SM-F1-SEC-00-01$0$BOLTS,
1518,紧固件/螺栓,X-HL-SM-F1-SEC-00-01$0$A$C147C6879,6800x7900,-195886.66,109315.41,X-HL-SM-F1-SEC-00-01$0$BOLTS,
1519,紧固件/螺栓,X-HL-SM-F1-SEC-00-01$0$A$C4EA80240,200x4000,-196025.84,109342.7,X-HL-SM-F1-SEC-00-01$0$BOLTS,
1520,紧固件/螺栓,X-HL-SM-F1-SEC-00-01$0$A$C147C6879,6800x7900,-196027.16,109315.41,X-HL-SM-F1-SEC-00-01$0$BOLTS,
1521,紧固件/螺栓,M12,,-182679.11,137644.01,0,
1522,紧固件/螺栓,M12,,-182951.14,137644.01,0,
1523,紧固件/螺栓,M12,,-182951.14,131593.53,0,
1524,紧固件/螺栓,M12,,-182679.11,131593.53,0,
1525,紧固件/螺栓,H10_40,,-182750.02,131558.01,ANCHOR BOLTS,
1526,紧固件/螺栓,X-HL-SM-F1-SEC-00-01$0$A$C4EA80240,200x4000,-182700.44,132094.95,X-HL-SM-F1-SEC-00-01$0$BOLTS,
1527,紧固件/螺栓,X-HL-SM-F1-SEC-00-01$0$A$C147C6879,6800x7900,-182727.72,132093.63,X-HL-SM-F1-SEC-00-01$0$BOLTS,
1528,紧固件/螺栓,X-HL-SM-F1-SEC-00-01$0$A$C4EA80240,200x4000,-182700.44,132356.13,X-HL-SM-F1-SEC-00-01$0$BOLTS,
1529,紧固件/螺栓,X-HL-SM-F1-SEC-00-01$0$A$C147C6879,6800x7900,-182727.72,132354.81,X-HL-SM-F1-SEC-00-01$0$BOLTS,
1530,紧固件/螺栓,X-HL-SM-F1-SEC-00-01$0$A$C4EA80240,200x4000,-182700.44,132617.32,X-HL-SM-F1-SEC-00-01$0$BOLTS,
1531,紧固件/螺栓,X-HL-SM-F1-SEC-00-01$0$A$C147C6879,6800x7900,-182727.72,132616.0,X-HL-SM-F1-SEC-00-01$0$BOLTS,
1532,紧固件/螺栓,X-HL-SM-F1-SEC-00-01$0$A$C4EA80240,200x4000,-182700.44,132878.51,X-HL-SM-F1-SEC-00-01$0$BOLTS,
1533,紧固件/螺栓,X-HL-SM-F1-SEC-00-01$0$A$C147C6879,6800x7900,-182727.72,132877.19,X-HL-SM-F1-SEC-00-01$0$BOLTS,
1534,紧固件/螺栓,X-HL-SM-F1-SEC-00-01$0$A$C4EA80240,200x4000,-182700.44,133139.7,X-HL-SM-F1-SEC-00-01$0$BOLTS,
1535,紧固件/螺栓,X-HL-SM-F1-SEC-00-01$0$A$C147C6879,6800x7900,-182727.72,133138.38,X-HL-SM-F1-SEC-00-01$0$BOLTS,
1536,紧固件/螺栓,X-HL-SM-F1-SEC-00-01$0$A$C4EA80240,200x4000,-182700.44,133400.88,X-HL-SM-F1-SEC-00-01$0$BOLTS,
1537,紧固件/螺栓,X-HL-SM-F1-SEC-00-01$0$A$C147C6879,6800x7900,-182727.72,133399.56,X-HL-SM-F1-SEC-00-01$0$BOLTS,
1538,紧固件/螺栓,X-HL-SM-F1-SEC-00-01$0$A$C4EA80240,200x4000,-182700.44,133662.07,X-HL-SM-F1-SEC-00-01$0$BOLTS,
1539,紧固件/螺栓,X-HL-SM-F1-SEC-00-01$0$A$C147C6879,6800x7900,-182727.72,133660.75,X-HL-SM-F1-SEC-00-01$0$BOLTS,
1540,紧固件/螺栓,X-HL-SM-F1-SEC-00-01$0$A$C4EA80240,200x4000,-182700.44,131833.76,X-HL-SM-F1-SEC-00-01$0$BOLTS,
1541,紧固件/螺栓,X-HL-SM-F1-SEC-00-01$0$A$C147C6879,6800x7900,-182727.72,131832.44,X-HL-SM-F1-SEC-00-01$0$BOLTS,
1542,紧固件/螺栓,X-HL-SM-F1-SEC-00-01$0$A$C4EA80240,200x4000,-182692.44,131680.3,X-HL-SM-F1-SEC-00-01$0$BOLTS,
1543,紧固件/螺栓,X-HL-SM-F1-SEC-00-01$0$A$C147C6879,6800x7900,-182728.72,131678.98,X-HL-SM-F1-SEC-00-01$0$BOLTS,
1544,紧固件/螺栓,X-HL-SM-F1-SEC-00-01$0$A$C4EA80240,200x4000,-182692.44,133917.8,X-HL-SM-F1-SEC-00-01$0$BOLTS,
1545,紧固件/螺栓,X-HL-SM-F1-SEC-00-01$0$A$C147C6879,6800x7900,-182728.72,133916.48,X-HL-SM-F1-SEC-00-01$0$BOLTS,
1546,紧固件/螺栓,X-HL-SM-F1-SEC-00-01$0$A$C4EA80240,200x4000,-188980.55,124512.41,X-HL-SM-F1-SEC-00-01$0$BOLTS,
1547,紧固件/螺栓,X-HL-SM-F1-SEC-00-01$0$A$C4EA80240,200x4000,-188300.63,124512.41,X-HL-SM-F1-SEC-00-01$0$BOLTS,
1548,紧固件/螺栓,A$C4EA80240,200x4000,-186285.94,119632.29,BOLTS,
1549,紧固件/螺栓,A$C147C6879,6800x7900,-186279.35,119793.71,BOLTS,
1550,紧固件/螺栓,A$C4EA80240,200x4000,-185907.43,119870.63,BOLTS,
1551,紧固件/螺栓,A$C147C6879,6800x7900,-186068.85,119877.22,BOLTS,
1552,紧固件/螺栓,X-HL-SM-F1-SEC-00-01$0$A$C4EA80240,200x4000,-192108.99,120542.19,X-HL-SM-F1-SEC-00-01$0$BOLTS,
1553,紧固件/螺栓,X-HL-SM-F1-SEC-00-01$0$A$C147C6879,6800x7900,-192111.63,120469.62,X-HL-SM-F1-SEC-00-01$0$BOLTS,
1554,紧固件/螺栓,X-HL-SM-F1-SEC-00-01$0$A$C4EA80240,200x4000,-189500.07,120514.9,X-HL-SM-F1-SEC-00-01$0$BOLTS,
1555,紧固件/螺栓,X-HL-SM-F1-SEC-00-01$0$A$C147C6879,6800x7900,-189581.19,120511.6,X-HL-SM-F1-SEC-00-01$0$BOLTS,
1556,紧固件/螺栓,X-HL-SM-F1-SEC-00-01$0$A$C4EA80240,200x4000,-192299.16,120624.98,X-HL-SM-F1-SEC-00-01$0$BOLTS,
1557,紧固件/螺栓,X-HL-SM-F1-SEC-00-01$0$A$C4EA80240,200x4000,-192196.66,118713.25,X-HL-SM-F1-SEC-00-01$0$BOLTS,
1558,紧固件/螺栓,X-HL-SM-F1-SEC-00-01$0$A$C4EA80240,200x4000,-192196.66,118164.39,X-HL-SM-F1-SEC-00-01$0$BOLTS,
1559,紧固件/螺栓,X-HL-SM-F1-SEC-00-01$0$A$C4EA80240,200x4000,-189500.07,120694.81,X-HL-SM-F1-SEC-00-01$0$BOLTS,
1560,紧固件/螺栓,X-HL-SM-F1-SEC-00-01$0$A$C147C6879,6800x7900,-189581.19,120698.11,X-HL-SM-F1-SEC-00-01$0$BOLTS,
1561,紧固件/螺栓,H10_40,,-165921.23,137644.01,ANCHOR BOLTS,
1562,紧固件/螺栓,H10_40,,-165770.31,137644.01,ANCHOR BOLTS,
1563,紧固件/螺栓,M12,,-165777.14,131593.53,0-DCC-STRUC-T,
1564,紧固件/螺栓,M12,,-165914.4,131593.53,0-DCC-STRUC-T,
1565,紧固件/螺栓,H10_40,,-146159.35,125277.01,ANCHOR BOLTS,
1566,紧固件/螺栓,H10_40,,-146008.42,125277.01,ANCHOR BOLTS,
1567,紧固件/螺栓,M12,,-146015.26,119226.53,0-DCC-STRUC-T,
1568,紧固件/螺栓,M12,,-146152.52,119226.53,0-DCC-STRUC-T,
1569,紧固件/螺栓,H10_40,,-138962.35,125277.01,ANCHOR BOLTS,
1570,紧固件/螺栓,H10_40,,-138811.42,125277.01,ANCHOR BOLTS,
1571,紧固件/螺栓,M12,,-138818.26,119226.53,0-DCC-STRUC-T,
1572,紧固件/螺栓,M12,,-138955.52,119226.53,0-DCC-STRUC-T,
1573,紧固件/螺栓,A$C4EA80240,200x4000,-167279.09,121513.65,BOLTS,
1574,紧固件/螺栓,A$C147C6879,6800x7900,-167277.77,121481.37,BOLTS,
1575,紧固件/螺栓,A$C4EA80240,200x4000,-167203.39,121465.98,BOLTS,
1576,紧固件/螺栓,A$C147C6879,6800x7900,-167235.67,121464.67,BOLTS,
1577,紧固件/螺栓,A$C4EA80240,200x4000,-170205.02,121680.33,BOLTS,
1578,紧固件/螺栓,A$C147C6879,6800x7900,-170203.7,121712.61,BOLTS,
1579,紧固件/螺栓,A$C4EA80240,200x4000,-170129.32,121727.99,BOLTS,
1580,紧固件/螺栓,A$C147C6879,6800x7900,-170161.6,121729.31,BOLTS,
1581,紧固件/螺栓,A$C4EA80240,200x4000,-170205.02,121513.7,BOLTS,
1582,紧固件/螺栓,A$C147C6879,6800x7900,-170203.7,121481.41,BOLTS,
1583,紧固件/螺栓,A$C4EA80240,200x4000,-170129.32,121466.03,BOLTS,
1584,紧固件/螺栓,A$C147C6879,6800x7900,-170161.6,121464.71,BOLTS,
1585,紧固件/螺栓,A$C4EA80240,200x4000,-172861.75,123873.69,BOLTS,
1586,紧固件/螺栓,A$C147C6879,6800x7900,-172863.07,123841.41,BOLTS,
1587,紧固件/螺栓,A$C4EA80240,200x4000,-172937.45,123826.03,BOLTS,
1588,紧固件/螺栓,A$C147C6879,6800x7900,-172905.17,123824.71,BOLTS,
1589,紧固件/螺栓,A$C4EA80240,200x4000,-167278.59,123873.67,BOLTS,
1590,紧固件/螺栓,A$C147C6879,6800x7900,-167277.27,123841.39,BOLTS,
1591,紧固件/螺栓,A$C4EA80240,200x4000,-167202.89,123826.01,BOLTS,
1592,紧固件/螺栓,A$C147C6879,6800x7900,-167235.17,123824.69,BOLTS,
1593,紧固件/螺栓,A$C4EA80240,200x4000,-172861.75,121680.28,BOLTS,
1594,紧固件/螺栓,A$C147C6879,6800x7900,-172863.07,121712.57,BOLTS,
1595,紧固件/螺栓,A$C4EA80240,200x4000,-172937.45,121727.95,BOLTS,
1596,紧固件/螺栓,A$C147C6879,6800x7900,-172905.17,121729.27,BOLTS,
1597,紧固件/螺栓,A$C4EA80240,200x4000,-172861.75,121513.65,BOLTS,
1598,紧固件/螺栓,A$C147C6879,6800x7900,-172863.07,121481.37,BOLTS,
1599,紧固件/螺栓,A$C4EA80240,200x4000,-172937.45,121465.98,BOLTS,
1600,紧固件/螺栓,A$C147C6879,6800x7900,-172905.17,121464.67,BOLTS,
1601,紧固件/螺栓,A$C4EA80240,200x4000,-166004.79,134047.33,BOLTS,
1602,紧固件/螺栓,A$C147C6879,6800x7900,-166003.47,134079.61,BOLTS,
1603,紧固件/螺栓,A$C4EA80240,200x4000,-172886.61,134047.33,BOLTS,
1604,紧固件/螺栓,A$C147C6879,6800x7900,-172887.92,134079.61,BOLTS,
1605,紧固件/螺栓,A$C4EA80240,200x4000,-172886.75,133880.7,BOLTS,
1606,紧固件/螺栓,A$C147C6879,6800x7900,-172888.07,133848.41,BOLTS,
1607,紧固件/螺栓,A$C4EA80240,200x4000,-172962.45,133833.03,BOLTS,
1608,紧固件/螺栓,A$C147C6879,6800x7900,-172930.17,133831.71,BOLTS,
1609,紧固件/螺栓,A$C4EA80240,200x4000,-166004.79,133880.7,BOLTS,
1610,紧固件/螺栓,A$C147C6879,6800x7900,-166003.47,133848.41,BOLTS,
1611,紧固件/螺栓,A$C4EA80240,200x4000,-172886.61,133880.7,BOLTS,
1612,紧固件/螺栓,A$C147C6879,6800x7900,-172887.92,133848.41,BOLTS,
1613,紧固件/螺栓,A$C4EA80240,200x4000,-165686.75,134047.33,BOLTS,
1614,紧固件/螺栓,A$C147C6879,6800x7900,-165688.07,134079.61,BOLTS,
1615,紧固件/螺栓,A$C4EA80240,200x4000,-165686.75,133880.7,BOLTS,
1616,紧固件/螺栓,A$C147C6879,6800x7900,-165688.07,133848.41,BOLTS,
1617,紧固件/螺栓,A$C4EA80240,200x4000,-169286.68,134047.33,BOLTS,
1618,紧固件/螺栓,A$C147C6879,6800x7900,-169288.0,134079.61,BOLTS,
1619,紧固件/螺栓,A$C4EA80240,200x4000,-169362.38,134094.99,BOLTS,
1620,紧固件/螺栓,A$C147C6879,6800x7900,-169330.1,134096.31,BOLTS,
1621,紧固件/螺栓,A$C4EA80240,200x4000,-169604.71,134047.33,BOLTS,
1622,紧固件/螺栓,A$C147C6879,6800x7900,-169603.39,134079.61,BOLTS,
1623,紧固件/螺栓,A$C4EA80240,200x4000,-169529.01,134094.99,BOLTS,
1624,紧固件/螺栓,A$C147C6879,6800x7900,-169561.3,134096.31,BOLTS,
1625,紧固件/螺栓,A$C4EA80240,200x4000,-169286.68,133880.7,BOLTS,
1626,紧固件/螺栓,A$C147C6879,6800x7900,-169288.0,133848.41,BOLTS,
1627,紧固件/螺栓,A$C4EA80240,200x4000,-169362.38,133833.03,BOLTS,
1628,紧固件/螺栓,A$C147C6879,6800x7900,-169330.1,133831.71,BOLTS,
1629,紧固件/螺栓,A$C4EA80240,200x4000,-169604.71,133880.7,BOLTS,
1630,紧固件/螺栓,A$C147C6879,6800x7900,-169603.39,133848.41,BOLTS,
1631,紧固件/螺栓,A$C4EA80240,200x4000,-169529.01,133833.03,BOLTS,
1632,紧固件/螺栓,A$C147C6879,6800x7900,-169561.3,133831.71,BOLTS,
1633,紧固件/螺栓,A$C4EA80240,200x4000,-172886.77,131687.33,BOLTS,
1634,紧固件/螺栓,A$C147C6879,6800x7900,-172888.09,131719.61,BOLTS,
1635,紧固件/螺栓,H10_40,,-172295.82,131554.37,ANCHOR BOLTS,
1636,紧固件/螺栓,H10_40,,-171645.82,131554.37,ANCHOR BOLTS,
1637,紧固件/螺栓,H10_40,,-170995.82,131554.37,ANCHOR BOLTS,
1638,紧固件/螺栓,H10_40,,-170345.82,131554.37,ANCHOR BOLTS,
1639,紧固件/螺栓,H10_40,,-169695.82,131554.37,ANCHOR BOLTS,
1640,紧固件/螺栓,A$C4EA80240,200x4000,-166004.77,131687.33,BOLTS,
1641,紧固件/螺栓,A$C147C6879,6800x7900,-166003.45,131719.61,BOLTS,
1642,紧固件/螺栓,A$C4EA80240,200x4000,-172886.77,136407.37,BOLTS,
1643,紧固件/螺栓,A$C147C6879,6800x7900,-172888.09,136439.65,BOLTS,
1644,紧固件/螺栓,A$C4EA80240,200x4000,-172962.47,136455.04,BOLTS,
1645,紧固件/螺栓,A$C147C6879,6800x7900,-172930.19,136456.36,BOLTS,
1646,紧固件/螺栓,A$C4EA80240,200x4000,-166004.81,136407.37,BOLTS,
1647,紧固件/螺栓,A$C147C6879,6800x7900,-166003.49,136439.65,BOLTS,
1648,紧固件/螺栓,A$C4EA80240,200x4000,-172886.62,136407.37,BOLTS,
1649,紧固件/螺栓,A$C147C6879,6800x7900,-172887.94,136439.65,BOLTS,
1650,紧固件/螺栓,A$C4EA80240,200x4000,-172886.77,136240.74,BOLTS,
1651,紧固件/螺栓,A$C147C6879,6800x7900,-172888.09,136208.46,BOLTS,
1652,紧固件/螺栓,A$C4EA80240,200x4000,-172962.47,136193.07,BOLTS,
1653,紧固件/螺栓,A$C147C6879,6800x7900,-172930.19,136191.75,BOLTS,
1654,紧固件/螺栓,A$C4EA80240,200x4000,-166004.81,136240.74,BOLTS,
1655,紧固件/螺栓,A$C147C6879,6800x7900,-166003.49,136208.46,BOLTS,
1656,紧固件/螺栓,A$C4EA80240,200x4000,-172886.62,136240.74,BOLTS,
1657,紧固件/螺栓,A$C147C6879,6800x7900,-172887.94,136208.46,BOLTS,
1658,紧固件/螺栓,A$C4EA80240,200x4000,-165686.77,136407.37,BOLTS,
1659,紧固件/螺栓,A$C147C6879,6800x7900,-165688.09,136439.65,BOLTS,
1660,紧固件/螺栓,A$C4EA80240,200x4000,-165686.77,136240.74,BOLTS,
1661,紧固件/螺栓,A$C147C6879,6800x7900,-165688.09,136208.46,BOLTS,
1662,紧固件/螺栓,A$C4EA80240,200x4000,-165686.77,131687.33,BOLTS,
1663,紧固件/螺栓,A$C147C6879,6800x7900,-165688.09,131719.61,BOLTS,
1664,紧固件/螺栓,A$C4EA80240,200x4000,-169286.75,136240.73,BOLTS,
1665,紧固件/螺栓,A$C147C6879,6800x7900,-169288.07,136208.44,BOLTS,
1666,紧固件/螺栓,A$C4EA80240,200x4000,-169362.45,136193.06,BOLTS,
1667,紧固件/螺栓,A$C147C6879,6800x7900,-169330.17,136191.74,BOLTS,
1668,紧固件/螺栓,A$C4EA80240,200x4000,-169604.79,136240.73,BOLTS,
1669,紧固件/螺栓,A$C147C6879,6800x7900,-169603.47,136208.44,BOLTS,
1670,紧固件/螺栓,A$C4EA80240,200x4000,-169529.09,136193.06,BOLTS,
1671,紧固件/螺栓,A$C147C6879,6800x7900,-169561.37,136191.74,BOLTS,
1672,紧固件/螺栓,H10_40,,-167745.77,131554.37,ANCHOR BOLTS,
1673,紧固件/螺栓,H10_40,,-167095.77,131554.37,ANCHOR BOLTS,
1674,紧固件/螺栓,H10_40,,-166445.77,131554.37,ANCHOR BOLTS,
1675,紧固件/螺栓,A$C4EA80240,200x4000,-162404.79,131687.3,BOLTS,
1676,紧固件/螺栓,A$C147C6879,6800x7900,-162403.47,131719.58,BOLTS,
1677,紧固件/螺栓,A$C4EA80240,200x4000,-162329.09,131734.96,BOLTS,
1678,紧固件/螺栓,A$C147C6879,6800x7900,-162361.37,131736.28,BOLTS,
1679,紧固件/螺栓,A$C4EA80240,200x4000,-162086.45,134047.3,BOLTS,
1680,紧固件/螺栓,A$C147C6879,6800x7900,-162087.76,134079.58,BOLTS,
1681,紧固件/螺栓,A$C4EA80240,200x4000,-162162.15,134094.96,BOLTS,
1682,紧固件/螺栓,A$C147C6879,6800x7900,-162129.86,134096.28,BOLTS,
1683,紧固件/螺栓,A$C4EA80240,200x4000,-162404.48,134047.3,BOLTS,
1684,紧固件/螺栓,A$C147C6879,6800x7900,-162403.16,134079.58,BOLTS,
1685,紧固件/螺栓,A$C4EA80240,200x4000,-162328.78,134094.96,BOLTS,
1686,紧固件/螺栓,A$C147C6879,6800x7900,-162361.06,134096.28,BOLTS,
1687,紧固件/螺栓,A$C4EA80240,200x4000,-162086.45,133880.67,BOLTS,
1688,紧固件/螺栓,A$C147C6879,6800x7900,-162087.76,133848.38,BOLTS,
1689,紧固件/螺栓,A$C4EA80240,200x4000,-162162.15,133833.0,BOLTS,
1690,紧固件/螺栓,A$C147C6879,6800x7900,-162129.86,133831.68,BOLTS,
1691,紧固件/螺栓,A$C4EA80240,200x4000,-162404.48,133880.67,BOLTS,
1692,紧固件/螺栓,A$C147C6879,6800x7900,-162403.16,133848.38,BOLTS,
1693,紧固件/螺栓,A$C4EA80240,200x4000,-162328.78,133833.0,BOLTS,
1694,紧固件/螺栓,A$C147C6879,6800x7900,-162361.06,133831.68,BOLTS,
1695,紧固件/螺栓,A$C4EA80240,200x4000,-162086.52,136240.7,BOLTS,
1696,紧固件/螺栓,A$C147C6879,6800x7900,-162087.84,136208.41,BOLTS,
1697,紧固件/螺栓,A$C4EA80240,200x4000,-162162.22,136193.03,BOLTS,
1698,紧固件/螺栓,A$C147C6879,6800x7900,-162129.94,136191.71,BOLTS,
1699,紧固件/螺栓,A$C4EA80240,200x4000,-162404.55,136240.7,BOLTS,
1700,紧固件/螺栓,A$C147C6879,6800x7900,-162403.23,136208.41,BOLTS,
1701,紧固件/螺栓,A$C4EA80240,200x4000,-162328.85,136193.03,BOLTS,
1702,紧固件/螺栓,A$C147C6879,6800x7900,-162361.14,136191.71,BOLTS,
1703,紧固件/螺栓,A$C4EA80240,200x4000,-162086.28,131687.3,BOLTS,
1704,紧固件/螺栓,A$C147C6879,6800x7900,-162087.6,131719.58,BOLTS,
1705,紧固件/螺栓,A$C4EA80240,200x4000,-162161.99,131734.96,BOLTS,
1706,紧固件/螺栓,A$C147C6879,6800x7900,-162129.7,131736.28,BOLTS,
1707,紧固件/螺栓,A$C4EA80240,200x4000,-158804.3,136407.37,BOLTS,
1708,紧固件/螺栓,A$C147C6879,6800x7900,-158802.98,136439.65,BOLTS,
1709,紧固件/螺栓,A$C4EA80240,200x4000,-158804.3,136240.74,BOLTS,
1710,紧固件/螺栓,A$C147C6879,6800x7900,-158802.98,136208.46,BOLTS,
1711,紧固件/螺栓,A$C4EA80240,200x4000,-158804.3,134047.37,BOLTS,
1712,紧固件/螺栓,A$C147C6879,6800x7900,-158802.98,134079.65,BOLTS,
1713,紧固件/螺栓,A$C4EA80240,200x4000,-158804.3,133880.74,BOLTS,
1714,紧固件/螺栓,A$C147C6879,6800x7900,-158802.98,133848.45,BOLTS,
1715,紧固件/螺栓,A$C4EA80240,200x4000,-158804.3,131687.33,BOLTS,
1716,紧固件/螺栓,A$C147C6879,6800x7900,-158802.98,131719.61,BOLTS,
1717,紧固件/螺栓,A$C4EA80240,200x4000,-158487.24,131687.33,BOLTS,
1718,紧固件/螺栓,A$C147C6879,6800x7900,-158488.56,131719.61,BOLTS,
1719,紧固件/螺栓,A$C4EA80240,200x4000,-158487.24,134047.37,BOLTS,
1720,紧固件/螺栓,A$C147C6879,6800x7900,-158488.56,134079.65,BOLTS,
1721,紧固件/螺栓,A$C4EA80240,200x4000,-158487.24,133880.74,BOLTS,
1722,紧固件/螺栓,A$C147C6879,6800x7900,-158488.56,133848.45,BOLTS,
1723,紧固件/螺栓,A$C4EA80240,200x4000,-154886.52,131687.33,BOLTS,
1724,紧固件/螺栓,A$C147C6879,6800x7900,-154887.84,131719.61,BOLTS,
1725,紧固件/螺栓,A$C4EA80240,200x4000,-154962.22,131734.99,BOLTS,
1726,紧固件/螺栓,A$C147C6879,6800x7900,-154929.94,131736.31,BOLTS,
1727,紧固件/螺栓,H10_40,,-165095.77,131554.37,ANCHOR BOLTS,
1728,紧固件/螺栓,H10_40,,-164445.77,131554.37,ANCHOR BOLTS,
1729,紧固件/螺栓,H10_40,,-163795.77,131554.37,ANCHOR BOLTS,
1730,紧固件/螺栓,H10_40,,-163145.77,131554.37,ANCHOR BOLTS,
1731,紧固件/螺栓,H10_40,,-162495.77,131554.37,ANCHOR BOLTS,
1732,紧固件/螺栓,H10_40,,-161845.77,131554.37,ANCHOR BOLTS,
1733,紧固件/螺栓,H10_40,,-161195.77,131552.61,ANCHOR BOLTS,
1734,紧固件/螺栓,H10_40,,-160545.77,131554.37,ANCHOR BOLTS,
1735,紧固件/螺栓,H10_40,,-159895.77,131554.37,ANCHOR BOLTS,
1736,紧固件/螺栓,H10_40,,-159245.77,131554.37,ANCHOR BOLTS,
1737,紧固件/螺栓,H10_40,,-157895.77,131554.37,ANCHOR BOLTS,
1738,紧固件/螺栓,H10_40,,-157245.77,131554.37,ANCHOR BOLTS,
1739,紧固件/螺栓,H10_40,,-156595.77,131554.37,ANCHOR BOLTS,
1740,紧固件/螺栓,H10_40,,-155945.77,131554.37,ANCHOR BOLTS,
1741,紧固件/螺栓,H10_40,,-155295.77,131554.37,ANCHOR BOLTS,
1742,紧固件/螺栓,H10_40,,-154645.77,131554.37,ANCHOR BOLTS,
1743,紧固件/螺栓,H10_40,,-153995.77,131552.61,ANCHOR BOLTS,
1744,紧固件/螺栓,H10_40,,-153345.77,131554.37,ANCHOR BOLTS,
1745,紧固件/螺栓,H10_40,,-152695.77,131554.37,ANCHOR BOLTS,
1746,紧固件/螺栓,H10_40,,-152045.77,131554.37,ANCHOR BOLTS,
1747,紧固件/螺栓,A$C4EA80240,200x4000,-151604.3,134047.37,BOLTS,
1748,紧固件/螺栓,A$C147C6879,6800x7900,-151602.98,134079.65,BOLTS,
1749,紧固件/螺栓,A$C4EA80240,200x4000,-151604.3,133880.74,BOLTS,
1750,紧固件/螺栓,A$C147C6879,6800x7900,-151602.98,133848.45,BOLTS,
1751,紧固件/螺栓,A$C4EA80240,200x4000,-151604.42,131687.02,BOLTS,
1752,紧固件/螺栓,A$C147C6879,6800x7900,-151603.1,131719.3,BOLTS,
1753,紧固件/螺栓,A$C4EA80240,200x4000,-149786.75,133880.7,BOLTS,
1754,紧固件/螺栓,A$C147C6879,6800x7900,-149788.07,133848.41,BOLTS,
1755,紧固件/螺栓,A$C4EA80240,200x4000,-149862.45,133833.03,BOLTS,
1756,紧固件/螺栓,A$C147C6879,6800x7900,-149830.17,133831.71,BOLTS,
1757,紧固件/螺栓,A$C4EA80240,200x4000,-150104.79,133880.7,BOLTS,
1758,紧固件/螺栓,A$C147C6879,6800x7900,-150103.47,133848.41,BOLTS,
1759,紧固件/螺栓,A$C4EA80240,200x4000,-150029.09,133833.03,BOLTS,
1760,紧固件/螺栓,A$C147C6879,6800x7900,-150061.37,133831.71,BOLTS,
1761,紧固件/螺栓,A$C4EA80240,200x4000,-151287.24,134047.37,BOLTS,
1762,紧固件/螺栓,A$C147C6879,6800x7900,-151288.56,134079.65,BOLTS,
1763,紧固件/螺栓,A$C4EA80240,200x4000,-151287.24,133880.74,BOLTS,
1764,紧固件/螺栓,A$C147C6879,6800x7900,-151288.56,133848.45,BOLTS,
1765,紧固件/螺栓,A$C4EA80240,200x4000,-144404.3,134047.37,BOLTS,
1766,紧固件/螺栓,A$C147C6879,6800x7900,-144402.98,134079.65,BOLTS,
1767,紧固件/螺栓,A$C4EA80240,200x4000,-144404.3,133880.74,BOLTS,
1768,紧固件/螺栓,A$C147C6879,6800x7900,-144402.98,133848.45,BOLTS,
1769,紧固件/螺栓,A$C4EA80240,200x4000,-148005.46,131687.33,BOLTS,
1770,紧固件/螺栓,A$C147C6879,6800x7900,-148004.14,131719.61,BOLTS,
1771,紧固件/螺栓,A$C4EA80240,200x4000,-147929.76,131734.99,BOLTS,
1772,紧固件/螺栓,A$C147C6879,6800x7900,-147962.04,131736.31,BOLTS,
1773,紧固件/螺栓,H10_40,,-149395.77,131554.37,ANCHOR BOLTS,
1774,紧固件/螺栓,H10_40,,-148745.77,131554.37,ANCHOR BOLTS,
1775,紧固件/螺栓,H10_40,,-148095.77,131554.37,ANCHOR BOLTS,
1776,紧固件/螺栓,H10_40,,-147445.77,131554.37,ANCHOR BOLTS,
1777,紧固件/螺栓,H10_40,,-146795.77,131552.61,ANCHOR BOLTS,
1778,紧固件/螺栓,H10_40,,-146145.77,131554.37,ANCHOR BOLTS,
1779,紧固件/螺栓,H10_40,,-145495.77,131554.37,ANCHOR BOLTS,
1780,紧固件/螺栓,H10_40,,-144845.77,131554.37,ANCHOR BOLTS,
1781,紧固件/螺栓,A$C4EA80240,200x4000,-149786.57,131687.33,BOLTS,
1782,紧固件/螺栓,A$C147C6879,6800x7900,-149787.89,131719.61,BOLTS,
1783,紧固件/螺栓,A$C4EA80240,200x4000,-149862.27,131734.99,BOLTS,
1784,紧固件/螺栓,A$C147C6879,6800x7900,-149829.99,131736.31,BOLTS,
1785,紧固件/螺栓,H10_40,,-172420.79,119187.37,ANCHOR BOLTS,
1786,紧固件/螺栓,H10_40,,-171770.79,119187.37,ANCHOR BOLTS,
1787,紧固件/螺栓,H10_40,,-171120.79,119187.37,ANCHOR BOLTS,
1788,紧固件/螺栓,H10_40,,-170470.79,119187.37,ANCHOR BOLTS,
1789,紧固件/螺栓,H10_40,,-173020.79,119187.37,ANCHOR BOLTS,
1790,紧固件/螺栓,H10_40,,-169820.79,119187.37,ANCHOR BOLTS,
1791,紧固件/螺栓,H10_40,,-169170.79,119187.37,ANCHOR BOLTS,
1792,紧固件/螺栓,H10_40,,-168520.79,119187.37,ANCHOR BOLTS,
1793,紧固件/螺栓,H10_40,,-167870.79,119186.73,ANCHOR BOLTS,
1794,紧固件/螺栓,H10_40,,-167220.79,119186.73,ANCHOR BOLTS,
1795,紧固件/螺栓,A$C4EA80240,200x4000,-164629.79,121513.7,BOLTS,
1796,紧固件/螺栓,A$C147C6879,6800x7900,-164628.47,121481.41,BOLTS,
1797,紧固件/螺栓,A$C4EA80240,200x4000,-164554.09,121466.03,BOLTS,
1798,紧固件/螺栓,A$C147C6879,6800x7900,-164586.37,121464.71,BOLTS,
1799,紧固件/螺栓,A$C4EA80240,200x4000,-163005.02,119320.33,BOLTS,
1800,紧固件/螺栓,A$C147C6879,6800x7900,-163003.7,119352.61,BOLTS,
1801,紧固件/螺栓,A$C4EA80240,200x4000,-162929.32,119367.99,BOLTS,
1802,紧固件/螺栓,A$C147C6879,6800x7900,-162961.6,119369.31,BOLTS,
1803,紧固件/螺栓,A$C4EA80240,200x4000,-165611.75,121513.7,BOLTS,
1804,紧固件/螺栓,A$C147C6879,6800x7900,-165613.07,121481.41,BOLTS,
1805,紧固件/螺栓,A$C4EA80240,200x4000,-165687.45,121466.03,BOLTS,
1806,紧固件/螺栓,A$C147C6879,6800x7900,-165655.17,121464.71,BOLTS,
1807,紧固件/螺栓,A$C4EA80240,200x4000,-164361.52,119320.33,BOLTS,
1808,紧固件/螺栓,A$C147C6879,6800x7900,-164362.84,119352.61,BOLTS,
1809,紧固件/螺栓,A$C4EA80240,200x4000,-164437.22,119367.99,BOLTS,
1810,紧固件/螺栓,A$C147C6879,6800x7900,-164404.94,119369.31,BOLTS,
1811,紧固件/螺栓,H10_40,,-162570.81,119187.37,ANCHOR BOLTS,
1812,紧固件/螺栓,H10_40,,-161920.81,119187.37,ANCHOR BOLTS,
1813,紧固件/螺栓,H10_40,,-161270.81,119187.37,ANCHOR BOLTS,
1814,紧固件/螺栓,H10_40,,-160620.81,119186.73,ANCHOR BOLTS,
1815,紧固件/螺栓,H10_40,,-159970.81,119186.73,ANCHOR BOLTS,
1816,紧固件/螺栓,H10_40,,-164370.77,119187.37,ANCHOR BOLTS,
1817,紧固件/螺栓,H10_40,,-163870.81,119187.37,ANCHOR BOLTS,
1818,紧固件/螺栓,H10_40,,-163220.81,119187.37,ANCHOR BOLTS,
1819,紧固件/螺栓,A$C4EA80240,200x4000,-143317.67,123873.67,BOLTS,
1820,紧固件/螺栓,A$C147C6879,6800x7900,-143316.35,123841.39,BOLTS,
1821,紧固件/螺栓,A$C4EA80240,200x4000,-143241.97,123826.01,BOLTS,
1822,紧固件/螺栓,A$C147C6879,6800x7900,-143274.25,123824.69,BOLTS,
1823,紧固件/螺栓,A$C4EA80240,200x4000,-143317.67,121513.72,BOLTS,
1824,紧固件/螺栓,A$C147C6879,6800x7900,-143316.35,121481.44,BOLTS,
1825,紧固件/螺栓,A$C4EA80240,200x4000,-143241.97,121466.05,BOLTS,
1826,紧固件/螺栓,A$C147C6879,6800x7900,-143274.25,121464.73,BOLTS,
1827,紧固件/螺栓,A$C4EA80240,200x4000,-143317.67,121680.3,BOLTS,
1828,紧固件/螺栓,A$C147C6879,6800x7900,-143316.35,121712.59,BOLTS,
1829,紧固件/螺栓,A$C4EA80240,200x4000,-143241.97,121727.97,BOLTS,
1830,紧固件/螺栓,A$C147C6879,6800x7900,-143274.25,121729.29,BOLTS,
1831,紧固件/螺栓,A$C4EA80240,200x4000,-148849.64,121513.7,BOLTS,
1832,紧固件/螺栓,A$C147C6879,6800x7900,-148850.96,121481.41,BOLTS,
1833,紧固件/螺栓,A$C4EA80240,200x4000,-148925.34,121466.03,BOLTS,
1834,紧固件/螺栓,A$C147C6879,6800x7900,-148893.05,121464.71,BOLTS,
1835,紧固件/螺栓,A$C4EA80240,200x4000,-146242.9,121680.33,BOLTS,
1836,紧固件/螺栓,A$C147C6879,6800x7900,-146241.59,121712.61,BOLTS,
1837,紧固件/螺栓,A$C4EA80240,200x4000,-146242.9,121513.7,BOLTS,
1838,紧固件/螺栓,A$C147C6879,6800x7900,-146241.59,121481.41,BOLTS,
1839,紧固件/螺栓,A$C4EA80240,200x4000,-145924.87,121680.33,BOLTS,
1840,紧固件/螺栓,A$C147C6879,6800x7900,-145926.19,121712.61,BOLTS,
1841,紧固件/螺栓,A$C4EA80240,200x4000,-145924.87,121513.7,BOLTS,
1842,紧固件/螺栓,A$C147C6879,6800x7900,-145926.19,121481.41,BOLTS,
1843,紧固件/螺栓,A$C4EA80240,200x4000,-146242.89,119320.33,BOLTS,
1844,紧固件/螺栓,A$C147C6879,6800x7900,-146241.57,119352.61,BOLTS,
1845,紧固件/螺栓,A$C4EA80240,200x4000,-145924.89,119320.33,BOLTS,
1846,紧固件/螺栓,A$C147C6879,6800x7900,-145926.21,119352.61,BOLTS,
1847,紧固件/螺栓,A$C4EA80240,200x4000,-143317.67,119320.33,BOLTS,
1848,紧固件/螺栓,A$C147C6879,6800x7900,-143316.35,119352.61,BOLTS,
1849,紧固件/螺栓,A$C4EA80240,200x4000,-143241.97,119367.99,BOLTS,
1850,紧固件/螺栓,A$C147C6879,6800x7900,-143274.25,119369.31,BOLTS,
1851,紧固件/螺栓,A$C4EA80240,200x4000,-143317.9,119320.33,BOLTS,
1852,紧固件/螺栓,A$C147C6879,6800x7900,-143316.59,119352.61,BOLTS,
1853,紧固件/螺栓,A$C4EA80240,200x4000,-143242.2,119367.99,BOLTS,
1854,紧固件/螺栓,A$C147C6879,6800x7900,-143274.49,119369.31,BOLTS,
1855,紧固件/螺栓,A$C4EA80240,200x4000,-147549.64,119320.33,BOLTS,
1856,紧固件/螺栓,A$C147C6879,6800x7900,-147550.96,119352.61,BOLTS,
1857,紧固件/螺栓,A$C4EA80240,200x4000,-147625.34,119367.99,BOLTS,
1858,紧固件/螺栓,A$C147C6879,6800x7900,-147593.05,119369.31,BOLTS,
1859,紧固件/螺栓,A$C4EA80240,200x4000,-147549.4,119320.33,BOLTS,
1860,紧固件/螺栓,A$C147C6879,6800x7900,-147550.72,119352.61,BOLTS,
1861,紧固件/螺栓,A$C4EA80240,200x4000,-147625.1,119367.99,BOLTS,
1862,紧固件/螺栓,A$C147C6879,6800x7900,-147592.82,119369.31,BOLTS,
1863,紧固件/螺栓,H10_40,,-145261.95,119187.37,ANCHOR BOLTS,
1864,紧固件/螺栓,H10_40,,-144611.95,119187.37,ANCHOR BOLTS,
1865,紧固件/螺栓,H10_40,,-143961.95,119186.73,ANCHOR BOLTS,
1866,紧固件/螺栓,H10_40,,-143311.95,119186.73,ANCHOR BOLTS,
1867,紧固件/螺栓,H10_40,,-147561.91,119187.37,ANCHOR BOLTS,
1868,紧固件/螺栓,H10_40,,-146933.89,119187.37,ANCHOR BOLTS,
1869,紧固件/螺栓,H10_40,,-146283.89,119187.37,ANCHOR BOLTS,
1870,紧固件/螺栓,A$C4EA80240,200x4000,-147549.64,121513.7,BOLTS,
1871,紧固件/螺栓,A$C147C6879,6800x7900,-147550.96,121481.41,BOLTS,
1872,紧固件/螺栓,A$C4EA80240,200x4000,-147625.34,121466.03,BOLTS,
1873,紧固件/螺栓,A$C147C6879,6800x7900,-147593.05,121464.71,BOLTS,
1874,紧固件/螺栓,A$C4EA80240,200x4000,-147549.4,121513.7,BOLTS,
1875,紧固件/螺栓,A$C147C6879,6800x7900,-147550.72,121481.41,BOLTS,
1876,紧固件/螺栓,A$C4EA80240,200x4000,-147625.1,121466.03,BOLTS,
1877,紧固件/螺栓,A$C147C6879,6800x7900,-147592.82,121464.71,BOLTS,
1878,紧固件/螺栓,A$C4EA80240,200x4000,-147867.67,121513.7,BOLTS,
1879,紧固件/螺栓,A$C147C6879,6800x7900,-147866.35,121481.41,BOLTS,
1880,紧固件/螺栓,A$C4EA80240,200x4000,-147791.97,121466.03,BOLTS,
1881,紧固件/螺栓,A$C147C6879,6800x7900,-147824.25,121464.71,BOLTS,
1882,紧固件/螺栓,A$C4EA80240,200x4000,-147867.9,121513.7,BOLTS,
1883,紧固件/螺栓,A$C147C6879,6800x7900,-147866.59,121481.41,BOLTS,
1884,紧固件/螺栓,A$C4EA80240,200x4000,-147792.2,121466.03,BOLTS,
1885,紧固件/螺栓,A$C147C6879,6800x7900,-147824.49,121464.71,BOLTS,
1886,紧固件/螺栓,A$C4EA80240,200x4000,-141649.4,122813.7,BOLTS,
1887,紧固件/螺栓,A$C147C6879,6800x7900,-141650.72,122781.41,BOLTS,
1888,紧固件/螺栓,A$C4EA80240,200x4000,-141725.1,122766.03,BOLTS,
1889,紧固件/螺栓,A$C147C6879,6800x7900,-141692.82,122764.71,BOLTS,
1890,紧固件/螺栓,A$C4EA80240,200x4000,-141649.4,121013.7,BOLTS,
1891,紧固件/螺栓,A$C147C6879,6800x7900,-141650.72,120981.41,BOLTS,
1892,紧固件/螺栓,A$C4EA80240,200x4000,-141725.1,120966.03,BOLTS,
1893,紧固件/螺栓,A$C147C6879,6800x7900,-141692.82,120964.71,BOLTS,
1894,紧固件/螺栓,A$C4EA80240,200x4000,-141649.64,121180.33,BOLTS,
1895,紧固件/螺栓,A$C147C6879,6800x7900,-141650.96,121212.61,BOLTS,
1896,紧固件/螺栓,A$C4EA80240,200x4000,-141725.34,121227.99,BOLTS,
1897,紧固件/螺栓,A$C147C6879,6800x7900,-141693.05,121229.31,BOLTS,
1898,紧固件/螺栓,H10_40,,-145911.95,119187.37,ANCHOR BOLTS,
1899,紧固件/螺栓,H10_40,,-138061.95,119187.37,ANCHOR BOLTS,
1900,紧固件/螺栓,H10_40,,-137411.95,119187.37,ANCHOR BOLTS,
1901,紧固件/螺栓,H10_40,,-136761.95,119186.73,ANCHOR BOLTS,
1902,紧固件/螺栓,H10_40,,-136111.95,119186.73,ANCHOR BOLTS,
1903,紧固件/螺栓,H10_40,,-138711.95,119187.37,ANCHOR BOLTS,
1904,紧固件/螺栓,H10_40,,-141150.19,119187.37,ANCHOR BOLTS,
1905,紧固件/螺栓,H10_40,,-140500.19,119187.37,ANCHOR BOLTS,
1906,紧固件/螺栓,H10_40,,-139850.19,119186.73,ANCHOR BOLTS,
1907,紧固件/螺栓,H10_40,,-139200.19,119186.73,ANCHOR BOLTS,
1908,紧固件/螺栓,H10_40,,-141800.19,119187.37,ANCHOR BOLTS,
1909,紧固件/螺栓,A$C4EA80240,200x4000,-139045.9,121180.33,BOLTS,
1910,紧固件/螺栓,A$C147C6879,6800x7900,-139044.59,121212.61,BOLTS,
1911,紧固件/螺栓,A$C4EA80240,200x4000,-139045.9,121013.7,BOLTS,
1912,紧固件/螺栓,A$C147C6879,6800x7900,-139044.59,120981.41,BOLTS,
1913,紧固件/螺栓,A$C4EA80240,200x4000,-139045.9,122980.33,BOLTS,
1914,紧固件/螺栓,A$C147C6879,6800x7900,-139044.59,123012.61,BOLTS,
1915,紧固件/螺栓,A$C4EA80240,200x4000,-139045.9,122813.7,BOLTS,
1916,紧固件/螺栓,A$C147C6879,6800x7900,-139044.59,122781.41,BOLTS,
1917,紧固件/螺栓,A$C4EA80240,200x4000,-138727.87,124640.33,BOLTS,
1918,紧固件/螺栓,A$C147C6879,6800x7900,-138729.19,124672.61,BOLTS,
1919,紧固件/螺栓,A$C4EA80240,200x4000,-138727.87,124473.7,BOLTS,
1920,紧固件/螺栓,A$C147C6879,6800x7900,-138729.19,124441.41,BOLTS,
1921,紧固件/螺栓,A$C4EA80240,200x4000,-138727.87,121980.33,BOLTS,
1922,紧固件/螺栓,A$C147C6879,6800x7900,-138729.19,122012.61,BOLTS,
1923,紧固件/螺栓,A$C4EA80240,200x4000,-138727.87,121813.7,BOLTS,
1924,紧固件/螺栓,A$C147C6879,6800x7900,-138729.19,121781.41,BOLTS,
1925,紧固件/螺栓,A$C4EA80240,200x4000,-162736.52,109273.33,BOLTS,
1926,紧固件/螺栓,A$C147C6879,6800x7900,-162737.84,109305.61,BOLTS,
1927,紧固件/螺栓,A$C4EA80240,200x4000,-162736.52,109156.7,BOLTS,
1928,紧固件/螺栓,A$C147C6879,6800x7900,-162737.84,109124.41,BOLTS,
1929,紧固件/螺栓,A$C4EA80240,200x4000,-161436.75,106953.33,BOLTS,
1930,紧固件/螺栓,A$C147C6879,6800x7900,-161438.07,106985.61,BOLTS,
1931,紧固件/螺栓,A$C4EA80240,200x4000,-161512.45,107000.99,BOLTS,
1932,紧固件/螺栓,A$C147C6879,6800x7900,-161480.17,107002.31,BOLTS,
1933,紧固件/螺栓,A$C4EA80240,200x4000,-161436.52,106953.33,BOLTS,
1934,紧固件/螺栓,A$C147C6879,6800x7900,-161437.84,106985.61,BOLTS,
1935,紧固件/螺栓,A$C4EA80240,200x4000,-161512.22,107000.99,BOLTS,
1936,紧固件/螺栓,A$C147C6879,6800x7900,-161479.94,107002.31,BOLTS,
1937,紧固件/螺栓,A$C4EA80240,200x4000,-161436.75,109146.7,BOLTS,
1938,紧固件/螺栓,A$C147C6879,6800x7900,-161438.07,109114.41,BOLTS,
1939,紧固件/螺栓,A$C4EA80240,200x4000,-161512.45,109099.03,BOLTS,
1940,紧固件/螺栓,A$C147C6879,6800x7900,-161480.17,109097.71,BOLTS,
1941,紧固件/螺栓,A$C4EA80240,200x4000,-161436.52,109146.7,BOLTS,
1942,紧固件/螺栓,A$C147C6879,6800x7900,-161437.84,109114.41,BOLTS,
1943,紧固件/螺栓,A$C4EA80240,200x4000,-161512.22,109099.03,BOLTS,
1944,紧固件/螺栓,A$C147C6879,6800x7900,-161479.94,109097.71,BOLTS,
1945,紧固件/螺栓,A$C4EA80240,200x4000,-161754.79,109146.7,BOLTS,
1946,紧固件/螺栓,A$C147C6879,6800x7900,-161753.47,109114.41,BOLTS,
1947,紧固件/螺栓,A$C4EA80240,200x4000,-161679.09,109099.03,BOLTS,
1948,紧固件/螺栓,A$C147C6879,6800x7900,-161711.37,109097.71,BOLTS,
1949,紧固件/螺栓,A$C4EA80240,200x4000,-161755.02,109146.7,BOLTS,
1950,紧固件/螺栓,A$C147C6879,6800x7900,-161753.7,109114.41,BOLTS,
1951,紧固件/螺栓,A$C4EA80240,200x4000,-161679.32,109099.03,BOLTS,
1952,紧固件/螺栓,A$C147C6879,6800x7900,-161711.6,109097.71,BOLTS,
1953,紧固件/螺栓,A$C4EA80240,200x4000,-165636.52,110506.7,BOLTS,
1954,紧固件/螺栓,A$C147C6879,6800x7900,-165637.84,110474.41,BOLTS,
1955,紧固件/螺栓,A$C4EA80240,200x4000,-165636.52,108813.33,BOLTS,
1956,紧固件/螺栓,A$C147C6879,6800x7900,-165637.84,108845.61,BOLTS,
1957,紧固件/螺栓,A$C4EA80240,200x4000,-165636.52,108646.7,BOLTS,
1958,紧固件/螺栓,A$C147C6879,6800x7900,-165637.84,108614.41,BOLTS,
1959,紧固件/螺栓,A$C4EA80240,200x4000,-165636.52,106953.33,BOLTS,
1960,紧固件/螺栓,A$C147C6879,6800x7900,-165637.84,106985.61,BOLTS,
1961,紧固件/螺栓,A$C4EA80240,200x4000,-163055.02,108813.33,BOLTS,
1962,紧固件/螺栓,A$C147C6879,6800x7900,-163053.7,108845.61,BOLTS,
1963,紧固件/螺栓,A$C4EA80240,200x4000,-163055.02,108646.7,BOLTS,
1964,紧固件/螺栓,A$C147C6879,6800x7900,-163053.7,108614.41,BOLTS,
1965,紧固件/螺栓,A$C4EA80240,200x4000,-163055.02,110673.33,BOLTS,
1966,紧固件/螺栓,A$C147C6879,6800x7900,-163053.7,110705.61,BOLTS,
1967,紧固件/螺栓,A$C4EA80240,200x4000,-163055.02,110506.7,BOLTS,
1968,紧固件/螺栓,A$C147C6879,6800x7900,-163053.7,110474.41,BOLTS,
1969,紧固件/螺栓,A$C4EA80240,200x4000,-163055.02,106953.33,BOLTS,
1970,紧固件/螺栓,A$C147C6879,6800x7900,-163053.7,106985.61,BOLTS,
1971,紧固件/螺栓,A$C4EA80240,200x4000,-172836.41,110506.7,BOLTS,
1972,紧固件/螺栓,A$C147C6879,6800x7900,-172837.73,110474.41,BOLTS,
1973,紧固件/螺栓,A$C4EA80240,200x4000,-172836.41,108813.33,BOLTS,
1974,紧固件/螺栓,A$C147C6879,6800x7900,-172837.73,108845.61,BOLTS,
1975,紧固件/螺栓,A$C4EA80240,200x4000,-172836.41,108646.7,BOLTS,
1976,紧固件/螺栓,A$C147C6879,6800x7900,-172837.73,108614.41,BOLTS,
1977,紧固件/螺栓,A$C4EA80240,200x4000,-172836.41,106953.33,BOLTS,
1978,紧固件/螺栓,A$C147C6879,6800x7900,-172837.73,106985.61,BOLTS,
1979,紧固件/螺栓,A$C4EA80240,200x4000,-170205.02,110673.33,BOLTS,
1980,紧固件/螺栓,A$C147C6879,6800x7900,-170203.7,110705.61,BOLTS,
1981,紧固件/螺栓,A$C4EA80240,200x4000,-170205.02,110506.7,BOLTS,
1982,紧固件/螺栓,A$C147C6879,6800x7900,-170203.7,110474.41,BOLTS,
1983,紧固件/螺栓,A$C4EA80240,200x4000,-170205.02,108813.33,BOLTS,
1984,紧固件/螺栓,A$C147C6879,6800x7900,-170203.7,108845.61,BOLTS,
1985,紧固件/螺栓,A$C4EA80240,200x4000,-170205.02,108646.7,BOLTS,
1986,紧固件/螺栓,A$C147C6879,6800x7900,-170203.7,108614.41,BOLTS,
1987,紧固件/螺栓,A$C4EA80240,200x4000,-170205.02,106953.33,BOLTS,
1988,紧固件/螺栓,A$C147C6879,6800x7900,-170203.7,106985.61,BOLTS,
1989,紧固件/螺栓,A$C4EA80240,200x4000,-169886.07,110673.33,BOLTS,
1990,紧固件/螺栓,A$C147C6879,6800x7900,-169887.39,110705.61,BOLTS,
1991,紧固件/螺栓,A$C4EA80240,200x4000,-169886.07,110506.7,BOLTS,
1992,紧固件/螺栓,A$C147C6879,6800x7900,-169887.39,110474.41,BOLTS,
1993,紧固件/螺栓,A$C4EA80240,200x4000,-169886.07,108813.33,BOLTS,
1994,紧固件/螺栓,A$C147C6879,6800x7900,-169887.39,108845.61,BOLTS,
1995,紧固件/螺栓,A$C4EA80240,200x4000,-169886.07,108646.7,BOLTS,
1996,紧固件/螺栓,A$C147C6879,6800x7900,-169887.39,108614.41,BOLTS,
1997,紧固件/螺栓,A$C4EA80240,200x4000,-169886.07,106953.33,BOLTS,
1998,紧固件/螺栓,A$C147C6879,6800x7900,-169887.39,106985.61,BOLTS,
1999,紧固件/螺栓,A$C4EA80240,200x4000,-167254.68,110506.7,BOLTS,
2000,紧固件/螺栓,A$C147C6879,6800x7900,-167253.36,110474.41,BOLTS,
2001,紧固件/螺栓,A$C4EA80240,200x4000,-167254.68,108813.33,BOLTS,
2002,紧固件/螺栓,A$C147C6879,6800x7900,-167253.36,108845.61,BOLTS,
2003,紧固件/螺栓,A$C4EA80240,200x4000,-167254.68,108646.7,BOLTS,
2004,紧固件/螺栓,A$C147C6879,6800x7900,-167253.36,108614.41,BOLTS,
2005,紧固件/螺栓,A$C4EA80240,200x4000,-167254.68,106953.33,BOLTS,
2006,紧固件/螺栓,A$C147C6879,6800x7900,-167253.36,106985.61,BOLTS,
2007,紧固件/螺栓,A$C4EA80240,200x4000,-146570.05,110673.33,BOLTS,
2008,紧固件/螺栓,A$C147C6879,6800x7900,-146568.73,110705.61,BOLTS,
2009,紧固件/螺栓,A$C4EA80240,200x4000,-146570.05,110506.7,BOLTS,
2010,紧固件/螺栓,A$C147C6879,6800x7900,-146568.73,110474.41,BOLTS,
2011,紧固件/螺栓,A$C4EA80240,200x4000,-146570.52,108813.33,BOLTS,
2012,紧固件/螺栓,A$C147C6879,6800x7900,-146569.2,108845.61,BOLTS,
2013,紧固件/螺栓,A$C4EA80240,200x4000,-146570.52,108646.7,BOLTS,
2014,紧固件/螺栓,A$C147C6879,6800x7900,-146569.2,108614.41,BOLTS,
2015,紧固件/螺栓,A$C4EA80240,200x4000,-143620.65,109613.33,BOLTS,
2016,紧固件/螺栓,A$C147C6879,6800x7900,-143619.33,109645.61,BOLTS,
2017,紧固件/螺栓,A$C4EA80240,200x4000,-143620.65,109446.7,BOLTS,
2018,紧固件/螺栓,A$C147C6879,6800x7900,-143619.33,109414.41,BOLTS,
2019,紧固件/螺栓,A$C4EA80240,200x4000,-143620.65,112106.7,BOLTS,
2020,紧固件/螺栓,A$C147C6879,6800x7900,-143619.33,112074.41,BOLTS,
2021,紧固件/螺栓,A$C4EA80240,200x4000,-146251.55,109613.33,BOLTS,
2022,紧固件/螺栓,A$C147C6879,6800x7900,-146252.87,109645.61,BOLTS,
2023,紧固件/螺栓,A$C4EA80240,200x4000,-146251.55,109446.7,BOLTS,
2024,紧固件/螺栓,A$C147C6879,6800x7900,-146252.87,109414.41,BOLTS,
2025,紧固件/螺栓,A$C4EA80240,200x4000,-146251.55,112106.7,BOLTS,
2026,紧固件/螺栓,A$C147C6879,6800x7900,-146252.87,112074.41,BOLTS,
2027,紧固件/螺栓,A$C4EA80240,200x4000,-146251.55,112273.33,BOLTS,
2028,紧固件/螺栓,A$C147C6879,6800x7900,-146252.87,112305.61,BOLTS,
2029,紧固件/螺栓,A$C4EA80240,200x4000,-143620.65,106953.33,BOLTS,
2030,紧固件/螺栓,A$C147C6879,6800x7900,-143619.33,106985.61,BOLTS,
2031,紧固件/螺栓,A$C4EA80240,200x4000,-146251.55,106953.33,BOLTS,
2032,紧固件/螺栓,A$C147C6879,6800x7900,-146252.87,106985.61,BOLTS,
2033,紧固件/螺栓,A$C4EA80240,200x4000,-149202.38,110506.7,BOLTS,
2034,紧固件/螺栓,A$C147C6879,6800x7900,-149203.7,110474.41,BOLTS,
2035,紧固件/螺栓,A$C4EA80240,200x4000,-149201.91,108813.33,BOLTS,
2036,紧固件/螺栓,A$C147C6879,6800x7900,-149203.23,108845.61,BOLTS,
2037,紧固件/螺栓,A$C4EA80240,200x4000,-149201.91,108646.7,BOLTS,
2038,紧固件/螺栓,A$C147C6879,6800x7900,-149203.23,108614.41,BOLTS,
2039,紧固件/螺栓,A$C4EA80240,200x4000,-146570.52,106953.33,BOLTS,
2040,紧固件/螺栓,A$C147C6879,6800x7900,-146569.2,106985.61,BOLTS,
2041,紧固件/螺栓,A$C4EA80240,200x4000,-149201.91,106953.33,BOLTS,
2042,紧固件/螺栓,A$C147C6879,6800x7900,-149203.23,106985.61,BOLTS,
2043,紧固件/螺栓,H10_40,,-172245.68,106820.37,ANCHOR BOLTS,
2044,紧固件/螺栓,H10_40,,-171595.68,106820.37,ANCHOR BOLTS,
2045,紧固件/螺栓,H10_40,,-170945.68,106820.37,ANCHOR BOLTS,
2046,紧固件/螺栓,H10_40,,-170295.68,106820.37,ANCHOR BOLTS,
2047,紧固件/螺栓,H10_40,,-172845.68,106820.37,ANCHOR BOLTS,
2048,紧固件/螺栓,H10_40,,-169645.68,106820.37,ANCHOR BOLTS,
2049,紧固件/螺栓,H10_40,,-168995.68,106820.37,ANCHOR BOLTS,
2050,紧固件/螺栓,H10_40,,-168345.68,106820.37,ANCHOR BOLTS,
2051,紧固件/螺栓,H10_40,,-167695.68,106819.73,ANCHOR BOLTS,
2052,紧固件/螺栓,H10_40,,-167258.95,106819.73,ANCHOR BOLTS,
2053,紧固件/螺栓,H10_40,,-165045.79,106820.37,ANCHOR BOLTS,
2054,紧固件/螺栓,H10_40,,-164395.79,106820.37,ANCHOR BOLTS,
2055,紧固件/螺栓,H10_40,,-163745.79,106820.37,ANCHOR BOLTS,
2056,紧固件/螺栓,H10_40,,-163095.79,106820.37,ANCHOR BOLTS,
2057,紧固件/螺栓,H10_40,,-165645.79,106820.37,ANCHOR BOLTS,
2058,紧固件/螺栓,H10_40,,-160720.77,106820.4,ANCHOR BOLTS,
2059,紧固件/螺栓,H10_40,,-160070.77,106819.76,ANCHOR BOLTS,
2060,紧固件/螺栓,H10_40,,-161370.77,106820.4,ANCHOR BOLTS,
2061,紧固件/螺栓,H10_40,,-148611.18,106820.37,ANCHOR BOLTS,
2062,紧固件/螺栓,H10_40,,-147961.18,106820.37,ANCHOR BOLTS,
2063,紧固件/螺栓,H10_40,,-147311.18,106820.37,ANCHOR BOLTS,
2064,紧固件/螺栓,H10_40,,-146661.18,106820.37,ANCHOR BOLTS,
2065,紧固件/螺栓,H10_40,,-149211.18,106820.37,ANCHOR BOLTS,
2066,紧固件/螺栓,H10_40,,-146011.18,106820.37,ANCHOR BOLTS,
2067,紧固件/螺栓,H10_40,,-145361.18,106820.37,ANCHOR BOLTS,
2068,紧固件/螺栓,H10_40,,-144711.18,106820.37,ANCHOR BOLTS,
2069,紧固件/螺栓,H10_40,,-144061.18,106819.73,ANCHOR BOLTS,
2070,紧固件/螺栓,H10_40,,-143624.45,106819.73,ANCHOR BOLTS,
2071,紧固件/螺栓,A$C4EA80240,200x4000,-145924.87,124040.33,BOLTS,
2072,紧固件/螺栓,A$C147C6879,6800x7900,-145926.19,124072.61,BOLTS,
2073,紧固件/螺栓,A$C4EA80240,200x4000,-145924.87,123873.7,BOLTS,
2074,紧固件/螺栓,A$C147C6879,6800x7900,-145926.19,123841.41,BOLTS,
2075,紧固件/螺栓,A$C4EA80240,200x4000,-167786.45,131687.33,BOLTS,
2076,紧固件/螺栓,A$C147C6879,6800x7900,-167787.76,131719.61,BOLTS,
2077,紧固件/螺栓,A$C4EA80240,200x4000,-167862.15,131734.99,BOLTS,
2078,紧固件/螺栓,A$C147C6879,6800x7900,-167829.86,131736.31,BOLTS,
2079,紧固件/螺栓,A$C4EA80240,200x4000,-168104.79,133880.7,BOLTS,
2080,紧固件/螺栓,A$C147C6879,6800x7900,-168103.47,133848.41,BOLTS,
2081,紧固件/螺栓,A$C4EA80240,200x4000,-168029.09,133833.03,BOLTS,
2082,紧固件/螺栓,A$C147C6879,6800x7900,-168061.37,133831.71,BOLTS,
2083,紧固件/螺栓,A$C4EA80240,200x4000,-167786.75,133880.7,BOLTS,
2084,紧固件/螺栓,A$C147C6879,6800x7900,-167788.07,133848.41,BOLTS,
2085,紧固件/螺栓,A$C4EA80240,200x4000,-167862.45,133833.03,BOLTS,
2086,紧固件/螺栓,A$C147C6879,6800x7900,-167830.17,133831.71,BOLTS,
2087,紧固件/螺栓,A$C4EA80240,200x4000,-185348.08,111606.92,BOLTS,
2088,紧固件/螺栓,A$C147C6879,6800x7900,-185346.76,111574.64,BOLTS,
2089,紧固件/螺栓,A$C4EA80240,200x4000,-187530.42,111606.92,BOLTS,
2090,紧固件/螺栓,A$C147C6879,6800x7900,-187531.74,111574.64,BOLTS,
2091,紧固件/螺栓,A$C4EA80240,200x4000,-196015.84,109246.7,BOLTS,
2092,紧固件/螺栓,A$C147C6879,6800x7900,-196017.16,109214.41,BOLTS,
2093,紧固件/螺栓,A$C4EA80240,200x4000,-193833.5,109246.7,BOLTS,
2094,紧固件/螺栓,A$C147C6879,6800x7900,-193832.18,109214.41,BOLTS,
2095,紧固件/螺栓,化学锚栓连接板,,-231295.54,218206.49,K-CEIL-DCC-RACK,
2096,紧固件/螺栓,化学锚栓连接板,,-238445.54,218206.49,K-CEIL-DCC-RACK,
2097,紧固件/螺栓,化学锚栓连接板,,-214811.04,218206.49,K-CEIL-DCC-RACK,
2098,紧固件/螺栓,M12,,-162826.9,94492.53,0-DCC-STRUC-T,
2099,紧固件/螺栓,M12,,-162964.17,94492.53,0-DCC-STRUC-T,
2100,紧固件/螺栓,M12,,-169976.9,94492.53,0-DCC-STRUC-T,
2101,紧固件/螺栓,M12,,-170114.17,94492.53,0-DCC-STRUC-T,
2102,紧固件/螺栓,M12,,-146342.4,94492.53,0-DCC-STRUC-T,
2103,紧固件/螺栓,M12,,-146479.67,94492.53,0-DCC-STRUC-T,
2104,紧固件/螺栓,A$C4EA80240,200x4000,-162736.52,96906.33,BOLTS,
2105,紧固件/螺栓,A$C147C6879,6800x7900,-162737.84,96938.61,BOLTS,
2106,紧固件/螺栓,A$C4EA80240,200x4000,-162736.52,96789.7,BOLTS,
2107,紧固件/螺栓,A$C147C6879,6800x7900,-162737.84,96757.41,BOLTS,
2108,紧固件/螺栓,A$C4EA80240,200x4000,-161436.75,94586.33,BOLTS,
2109,紧固件/螺栓,A$C147C6879,6800x7900,-161438.07,94618.61,BOLTS,
2110,紧固件/螺栓,A$C4EA80240,200x4000,-161512.45,94633.99,BOLTS,
2111,紧固件/螺栓,A$C147C6879,6800x7900,-161480.17,94635.31,BOLTS,
2112,紧固件/螺栓,A$C4EA80240,200x4000,-161436.52,94586.33,BOLTS,
2113,紧固件/螺栓,A$C147C6879,6800x7900,-161437.84,94618.61,BOLTS,
2114,紧固件/螺栓,A$C4EA80240,200x4000,-161512.22,94633.99,BOLTS,
2115,紧固件/螺栓,A$C147C6879,6800x7900,-161479.94,94635.31,BOLTS,
2116,紧固件/螺栓,A$C4EA80240,200x4000,-161436.75,96779.7,BOLTS,
2117,紧固件/螺栓,A$C147C6879,6800x7900,-161438.07,96747.41,BOLTS,
2118,紧固件/螺栓,A$C4EA80240,200x4000,-161512.45,96732.03,BOLTS,
2119,紧固件/螺栓,A$C147C6879,6800x7900,-161480.17,96730.71,BOLTS,
2120,紧固件/螺栓,A$C4EA80240,200x4000,-161436.52,96779.7,BOLTS,
2121,紧固件/螺栓,A$C147C6879,6800x7900,-161437.84,96747.41,BOLTS,
2122,紧固件/螺栓,A$C4EA80240,200x4000,-161512.22,96732.03,BOLTS,
2123,紧固件/螺栓,A$C147C6879,6800x7900,-161479.94,96730.71,BOLTS,
2124,紧固件/螺栓,A$C4EA80240,200x4000,-161754.79,96779.7,BOLTS,
2125,紧固件/螺栓,A$C147C6879,6800x7900,-161753.47,96747.41,BOLTS,
2126,紧固件/螺栓,A$C4EA80240,200x4000,-161679.09,96732.03,BOLTS,
2127,紧固件/螺栓,A$C147C6879,6800x7900,-161711.37,96730.71,BOLTS,
2128,紧固件/螺栓,A$C4EA80240,200x4000,-161755.02,96779.7,BOLTS,
2129,紧固件/螺栓,A$C147C6879,6800x7900,-161753.7,96747.41,BOLTS,
2130,紧固件/螺栓,A$C4EA80240,200x4000,-161679.32,96732.03,BOLTS,
2131,紧固件/螺栓,A$C147C6879,6800x7900,-161711.6,96730.71,BOLTS,
2132,紧固件/螺栓,A$C4EA80240,200x4000,-163055.02,96446.33,BOLTS,
2133,紧固件/螺栓,A$C147C6879,6800x7900,-163053.7,96478.61,BOLTS,
2134,紧固件/螺栓,A$C4EA80240,200x4000,-163055.02,96279.7,BOLTS,
2135,紧固件/螺栓,A$C147C6879,6800x7900,-163053.7,96247.41,BOLTS,
2136,紧固件/螺栓,A$C4EA80240,200x4000,-163055.02,98306.33,BOLTS,
2137,紧固件/螺栓,A$C147C6879,6800x7900,-163053.7,98338.61,BOLTS,
2138,紧固件/螺栓,A$C4EA80240,200x4000,-163055.02,98139.7,BOLTS,
2139,紧固件/螺栓,A$C147C6879,6800x7900,-163053.7,98107.41,BOLTS,
2140,紧固件/螺栓,A$C4EA80240,200x4000,-163055.02,94586.33,BOLTS,
2141,紧固件/螺栓,A$C147C6879,6800x7900,-163053.7,94618.61,BOLTS,
2142,紧固件/螺栓,A$C4EA80240,200x4000,-170205.02,98306.33,BOLTS,
2143,紧固件/螺栓,A$C147C6879,6800x7900,-170203.7,98338.61,BOLTS,
2144,紧固件/螺栓,A$C4EA80240,200x4000,-170205.02,98139.7,BOLTS,
2145,紧固件/螺栓,A$C147C6879,6800x7900,-170203.7,98107.41,BOLTS,
2146,紧固件/螺栓,A$C4EA80240,200x4000,-170205.02,96446.33,BOLTS,
2147,紧固件/螺栓,A$C147C6879,6800x7900,-170203.7,96478.61,BOLTS,
2148,紧固件/螺栓,A$C4EA80240,200x4000,-170205.02,96279.7,BOLTS,
2149,紧固件/螺栓,A$C147C6879,6800x7900,-170203.7,96247.41,BOLTS,
2150,紧固件/螺栓,A$C4EA80240,200x4000,-170205.02,94586.33,BOLTS,
2151,紧固件/螺栓,A$C147C6879,6800x7900,-170203.7,94618.61,BOLTS,
2152,紧固件/螺栓,A$C4EA80240,200x4000,-169886.07,98306.33,BOLTS,
2153,紧固件/螺栓,A$C147C6879,6800x7900,-169887.39,98338.61,BOLTS,
2154,紧固件/螺栓,A$C4EA80240,200x4000,-169886.07,98139.7,BOLTS,
2155,紧固件/螺栓,A$C147C6879,6800x7900,-169887.39,98107.41,BOLTS,
2156,紧固件/螺栓,A$C4EA80240,200x4000,-169886.07,96446.33,BOLTS,
2157,紧固件/螺栓,A$C147C6879,6800x7900,-169887.39,96478.61,BOLTS,
2158,紧固件/螺栓,A$C4EA80240,200x4000,-169886.07,96279.7,BOLTS,
2159,紧固件/螺栓,A$C147C6879,6800x7900,-169887.39,96247.41,BOLTS,
2160,紧固件/螺栓,A$C4EA80240,200x4000,-169886.07,94586.33,BOLTS,
2161,紧固件/螺栓,A$C147C6879,6800x7900,-169887.39,94618.61,BOLTS,
2162,紧固件/螺栓,A$C4EA80240,200x4000,-146570.05,98306.33,BOLTS,
2163,紧固件/螺栓,A$C147C6879,6800x7900,-146568.73,98338.61,BOLTS,
2164,紧固件/螺栓,A$C4EA80240,200x4000,-146570.05,98139.7,BOLTS,
2165,紧固件/螺栓,A$C147C6879,6800x7900,-146568.73,98107.41,BOLTS,
2166,紧固件/螺栓,A$C4EA80240,200x4000,-146570.52,96446.33,BOLTS,
2167,紧固件/螺栓,A$C147C6879,6800x7900,-146569.2,96478.61,BOLTS,
2168,紧固件/螺栓,A$C4EA80240,200x4000,-146570.52,96279.7,BOLTS,
2169,紧固件/螺栓,A$C147C6879,6800x7900,-146569.2,96247.41,BOLTS,
2170,紧固件/螺栓,A$C4EA80240,200x4000,-146251.55,97246.33,BOLTS,
2171,紧固件/螺栓,A$C147C6879,6800x7900,-146252.87,97278.61,BOLTS,
2172,紧固件/螺栓,A$C4EA80240,200x4000,-146251.55,97079.7,BOLTS,
2173,紧固件/螺栓,A$C147C6879,6800x7900,-146252.87,97047.41,BOLTS,
2174,紧固件/螺栓,A$C4EA80240,200x4000,-146251.55,99739.7,BOLTS,
2175,紧固件/螺栓,A$C147C6879,6800x7900,-146252.87,99707.41,BOLTS,
2176,紧固件/螺栓,A$C4EA80240,200x4000,-146251.55,99906.33,BOLTS,
2177,紧固件/螺栓,A$C147C6879,6800x7900,-146252.87,99938.61,BOLTS,
2178,紧固件/螺栓,A$C4EA80240,200x4000,-146251.55,94586.33,BOLTS,
2179,紧固件/螺栓,A$C147C6879,6800x7900,-146252.87,94618.61,BOLTS,
2180,紧固件/螺栓,A$C4EA80240,200x4000,-146570.52,94586.33,BOLTS,
2181,紧固件/螺栓,A$C147C6879,6800x7900,-146569.2,94618.61,BOLTS,
2182,紧固件/螺栓,H10_40,,-172245.68,94453.37,ANCHOR BOLTS,
2183,紧固件/螺栓,H10_40,,-171595.68,94453.37,ANCHOR BOLTS,
2184,紧固件/螺栓,H10_40,,-170945.68,94453.37,ANCHOR BOLTS,
2185,紧固件/螺栓,H10_40,,-170295.68,94453.37,ANCHOR BOLTS,
2186,紧固件/螺栓,H10_40,,-172820.79,94453.37,ANCHOR BOLTS,
2187,紧固件/螺栓,H10_40,,-169645.68,94453.37,ANCHOR BOLTS,
2188,紧固件/螺栓,H10_40,,-168995.68,94453.37,ANCHOR BOLTS,
2189,紧固件/螺栓,H10_40,,-168345.68,94453.37,ANCHOR BOLTS,
2190,紧固件/螺栓,H10_40,,-167695.68,94452.73,ANCHOR BOLTS,
2191,紧固件/螺栓,H10_40,,-167284.06,94452.73,ANCHOR BOLTS,
2192,紧固件/螺栓,H10_40,,-165045.79,94453.37,ANCHOR BOLTS,
2193,紧固件/螺栓,H10_40,,-164395.79,94453.37,ANCHOR BOLTS,
2194,紧固件/螺栓,H10_40,,-163745.79,94453.37,ANCHOR BOLTS,
2195,紧固件/螺栓,H10_40,,-163095.79,94453.37,ANCHOR BOLTS,
2196,紧固件/螺栓,H10_40,,-165620.79,94453.37,ANCHOR BOLTS,
2197,紧固件/螺栓,H10_40,,-160720.77,94453.4,ANCHOR BOLTS,
2198,紧固件/螺栓,H10_40,,-160070.77,94452.76,ANCHOR BOLTS,
2199,紧固件/螺栓,H10_40,,-161370.77,94453.4,ANCHOR BOLTS,
2200,紧固件/螺栓,H10_40,,-148611.18,94453.37,ANCHOR BOLTS,
2201,紧固件/螺栓,H10_40,,-147961.18,94453.37,ANCHOR BOLTS,
2202,紧固件/螺栓,H10_40,,-147311.18,94453.37,ANCHOR BOLTS,
2203,紧固件/螺栓,H10_40,,-146661.18,94453.37,ANCHOR BOLTS,
2204,紧固件/螺栓,H10_40,,-149211.18,94453.37,ANCHOR BOLTS,
2205,紧固件/螺栓,H10_40,,-146011.18,94453.37,ANCHOR BOLTS,
2206,紧固件/螺栓,H10_40,,-145361.18,94453.37,ANCHOR BOLTS,
2207,紧固件/螺栓,H10_40,,-144711.18,94453.37,ANCHOR BOLTS,
2208,紧固件/螺栓,H10_40,,-144061.18,94452.73,ANCHOR BOLTS,
2209,紧固件/螺栓,H10_40,,-143499.56,94452.73,ANCHOR BOLTS,
2210,紧固件/螺栓,A$C4EA80240,200x4000,-172811.75,98139.65,BOLTS,
2211,紧固件/螺栓,A$C147C6879,6800x7900,-172813.07,98107.37,BOLTS,
2212,紧固件/螺栓,A$C4EA80240,200x4000,-172887.45,98091.99,BOLTS,
2213,紧固件/螺栓,A$C147C6879,6800x7900,-172855.17,98090.67,BOLTS,
2214,紧固件/螺栓,A$C4EA80240,200x4000,-172811.75,96446.28,BOLTS,
2215,紧固件/螺栓,A$C147C6879,6800x7900,-172813.07,96478.57,BOLTS,
2216,紧固件/螺栓,A$C4EA80240,200x4000,-172887.45,96493.95,BOLTS,
2217,紧固件/螺栓,A$C147C6879,6800x7900,-172855.17,96495.27,BOLTS,
2218,紧固件/螺栓,A$C4EA80240,200x4000,-172811.75,96279.65,BOLTS,
2219,紧固件/螺栓,A$C147C6879,6800x7900,-172813.07,96247.37,BOLTS,
2220,紧固件/螺栓,A$C4EA80240,200x4000,-172887.45,96231.99,BOLTS,
2221,紧固件/螺栓,A$C147C6879,6800x7900,-172855.17,96230.67,BOLTS,
2222,紧固件/螺栓,A$C4EA80240,200x4000,-172811.75,94586.28,BOLTS,
2223,紧固件/螺栓,A$C147C6879,6800x7900,-172813.07,94618.57,BOLTS,
2224,紧固件/螺栓,A$C4EA80240,200x4000,-172887.45,94633.95,BOLTS,
2225,紧固件/螺栓,A$C147C6879,6800x7900,-172855.17,94635.27,BOLTS,
2226,紧固件/螺栓,A$C4EA80240,200x4000,-167279.32,98139.65,BOLTS,
2227,紧固件/螺栓,A$C147C6879,6800x7900,-167278.0,98107.37,BOLTS,
2228,紧固件/螺栓,A$C4EA80240,200x4000,-167203.62,98091.99,BOLTS,
2229,紧固件/螺栓,A$C147C6879,6800x7900,-167235.9,98090.67,BOLTS,
2230,紧固件/螺栓,A$C4EA80240,200x4000,-167279.32,96446.28,BOLTS,
2231,紧固件/螺栓,A$C147C6879,6800x7900,-167278.0,96478.57,BOLTS,
2232,紧固件/螺栓,A$C4EA80240,200x4000,-167203.62,96493.95,BOLTS,
2233,紧固件/螺栓,A$C147C6879,6800x7900,-167235.9,96495.27,BOLTS,
2234,紧固件/螺栓,A$C4EA80240,200x4000,-167279.32,96279.65,BOLTS,
2235,紧固件/螺栓,A$C147C6879,6800x7900,-167278.0,96247.37,BOLTS,
2236,紧固件/螺栓,A$C4EA80240,200x4000,-167203.62,96231.99,BOLTS,
2237,紧固件/螺栓,A$C147C6879,6800x7900,-167235.9,96230.67,BOLTS,
2238,紧固件/螺栓,A$C4EA80240,200x4000,-167279.32,94586.28,BOLTS,
2239,紧固件/螺栓,A$C147C6879,6800x7900,-167278.0,94618.57,BOLTS,
2240,紧固件/螺栓,A$C4EA80240,200x4000,-167203.62,94633.95,BOLTS,
2241,紧固件/螺栓,A$C147C6879,6800x7900,-167235.9,94635.27,BOLTS,
2242,紧固件/螺栓,H10_40,,-167070.81,94753.01,ANCHOR BOLTS,
2243,紧固件/螺栓,H10_40,,-167070.81,95353.01,ANCHOR BOLTS,
2244,紧固件/螺栓,H10_40,,-167070.81,95953.01,ANCHOR BOLTS,
2245,紧固件/螺栓,H10_40,,-167070.81,96613.01,ANCHOR BOLTS,
2246,紧固件/螺栓,H10_40,,-167070.81,97213.01,ANCHOR BOLTS,
2247,紧固件/螺栓,H10_40,,-167070.81,97813.01,ANCHOR BOLTS,
2248,紧固件/螺栓,H10_40,,-173018.97,94753.01,ANCHOR BOLTS,
2249,紧固件/螺栓,H10_40,,-173018.97,95353.01,ANCHOR BOLTS,
2250,紧固件/螺栓,H10_40,,-173018.97,95953.01,ANCHOR BOLTS,
2251,紧固件/螺栓,H10_40,,-173018.97,96613.01,ANCHOR BOLTS,
2252,紧固件/螺栓,H10_40,,-173018.97,97213.01,ANCHOR BOLTS,
2253,紧固件/螺栓,H10_40,,-173018.97,97813.01,ANCHOR BOLTS,
2254,紧固件/螺栓,A$C4EA80240,200x4000,-165611.75,98139.65,BOLTS,
2255,紧固件/螺栓,A$C147C6879,6800x7900,-165613.07,98107.37,BOLTS,
2256,紧固件/螺栓,A$C4EA80240,200x4000,-165687.45,98091.99,BOLTS,
2257,紧固件/螺栓,A$C147C6879,6800x7900,-165655.17,98090.67,BOLTS,
2258,紧固件/螺栓,A$C4EA80240,200x4000,-165611.75,96446.28,BOLTS,
2259,紧固件/螺栓,A$C147C6879,6800x7900,-165613.07,96478.57,BOLTS,
2260,紧固件/螺栓,A$C4EA80240,200x4000,-165687.45,96493.95,BOLTS,
2261,紧固件/螺栓,A$C147C6879,6800x7900,-165655.17,96495.27,BOLTS,
2262,紧固件/螺栓,A$C4EA80240,200x4000,-165611.75,96279.65,BOLTS,
2263,紧固件/螺栓,A$C147C6879,6800x7900,-165613.07,96247.37,BOLTS,
2264,紧固件/螺栓,A$C4EA80240,200x4000,-165687.45,96231.99,BOLTS,
2265,紧固件/螺栓,A$C147C6879,6800x7900,-165655.17,96230.67,BOLTS,
2266,紧固件/螺栓,A$C4EA80240,200x4000,-165611.75,94586.28,BOLTS,
2267,紧固件/螺栓,A$C147C6879,6800x7900,-165613.07,94618.57,BOLTS,
2268,紧固件/螺栓,A$C4EA80240,200x4000,-165687.45,94633.95,BOLTS,
2269,紧固件/螺栓,A$C147C6879,6800x7900,-165655.17,94635.27,BOLTS,
2270,紧固件/螺栓,H10_40,,-165818.97,94753.01,ANCHOR BOLTS,
2271,紧固件/螺栓,H10_40,,-165818.97,95353.01,ANCHOR BOLTS,
2272,紧固件/螺栓,H10_40,,-165818.97,95953.01,ANCHOR BOLTS,
2273,紧固件/螺栓,H10_40,,-165818.97,96613.01,ANCHOR BOLTS,
2274,紧固件/螺栓,H10_40,,-165818.97,97213.01,ANCHOR BOLTS,
2275,紧固件/螺栓,H10_40,,-165818.97,97813.01,ANCHOR BOLTS,
2276,紧固件/螺栓,A$C4EA80240,200x4000,-149177.25,98139.65,BOLTS,
2277,紧固件/螺栓,A$C147C6879,6800x7900,-149178.57,98107.37,BOLTS,
2278,紧固件/螺栓,A$C4EA80240,200x4000,-149252.95,98091.99,BOLTS,
2279,紧固件/螺栓,A$C147C6879,6800x7900,-149220.67,98090.67,BOLTS,
2280,紧固件/螺栓,A$C4EA80240,200x4000,-149177.25,96446.28,BOLTS,
2281,紧固件/螺栓,A$C147C6879,6800x7900,-149178.57,96478.57,BOLTS,
2282,紧固件/螺栓,A$C4EA80240,200x4000,-149252.95,96493.95,BOLTS,
2283,紧固件/螺栓,A$C147C6879,6800x7900,-149220.67,96495.27,BOLTS,
2284,紧固件/螺栓,A$C4EA80240,200x4000,-149177.25,96279.65,BOLTS,
2285,紧固件/螺栓,A$C147C6879,6800x7900,-149178.57,96247.37,BOLTS,
2286,紧固件/螺栓,A$C4EA80240,200x4000,-149252.95,96231.99,BOLTS,
2287,紧固件/螺栓,A$C147C6879,6800x7900,-149220.67,96230.67,BOLTS,
2288,紧固件/螺栓,A$C4EA80240,200x4000,-149177.25,94586.28,BOLTS,
2289,紧固件/螺栓,A$C147C6879,6800x7900,-149178.57,94618.57,BOLTS,
2290,紧固件/螺栓,A$C4EA80240,200x4000,-149252.95,94633.95,BOLTS,
2291,紧固件/螺栓,A$C147C6879,6800x7900,-149220.67,94635.27,BOLTS,
2292,紧固件/螺栓,H10_40,,-149384.47,94753.01,ANCHOR BOLTS,
2293,紧固件/螺栓,H10_40,,-149384.47,95353.01,ANCHOR BOLTS,
2294,紧固件/螺栓,H10_40,,-149384.47,95953.01,ANCHOR BOLTS,
2295,紧固件/螺栓,H10_40,,-149384.47,96613.01,ANCHOR BOLTS,
2296,紧固件/螺栓,H10_40,,-149384.47,97213.01,ANCHOR BOLTS,
2297,紧固件/螺栓,H10_40,,-149384.47,97813.01,ANCHOR BOLTS,
2298,紧固件/螺栓,A$C4EA80240,200x4000,-143644.82,99739.65,BOLTS,
2299,紧固件/螺栓,A$C147C6879,6800x7900,-143643.5,99707.37,BOLTS,
2300,紧固件/螺栓,A$C4EA80240,200x4000,-143569.12,99691.99,BOLTS,
2301,紧固件/螺栓,A$C147C6879,6800x7900,-143601.4,99690.67,BOLTS,
2302,紧固件/螺栓,A$C4EA80240,200x4000,-143644.82,97246.28,BOLTS,
2303,紧固件/螺栓,A$C147C6879,6800x7900,-143643.5,97278.57,BOLTS,
2304,紧固件/螺栓,A$C4EA80240,200x4000,-143569.12,97293.95,BOLTS,
2305,紧固件/螺栓,A$C147C6879,6800x7900,-143601.4,97295.27,BOLTS,
2306,紧固件/螺栓,A$C4EA80240,200x4000,-143644.82,97079.65,BOLTS,
2307,紧固件/螺栓,A$C147C6879,6800x7900,-143643.5,97047.37,BOLTS,
2308,紧固件/螺栓,A$C4EA80240,200x4000,-143569.12,97031.99,BOLTS,
2309,紧固件/螺栓,A$C147C6879,6800x7900,-143601.4,97030.67,BOLTS,
2310,紧固件/螺栓,A$C4EA80240,200x4000,-143644.82,94586.28,BOLTS,
2311,紧固件/螺栓,A$C147C6879,6800x7900,-143643.5,94618.57,BOLTS,
2312,紧固件/螺栓,A$C4EA80240,200x4000,-143569.12,94633.95,BOLTS,
2313,紧固件/螺栓,A$C147C6879,6800x7900,-143601.4,94635.27,BOLTS,
2314,紧固件/螺栓,H10_40,,-143437.6,94753.01,ANCHOR BOLTS,
2315,紧固件/螺栓,H10_40,,-143437.6,95353.01,ANCHOR BOLTS,
2316,紧固件/螺栓,H10_40,,-143437.6,95953.01,ANCHOR BOLTS,
2317,紧固件/螺栓,H10_40,,-143437.6,96553.01,ANCHOR BOLTS,
2318,紧固件/螺栓,H10_40,,-143437.6,97413.01,ANCHOR BOLTS,
2319,紧固件/螺栓,H10_40,,-143437.6,98013.01,ANCHOR BOLTS,
2320,紧固件/螺栓,H10_40,,-143437.6,98613.01,ANCHOR BOLTS,
2321,紧固件/螺栓,H10_40,,-143437.6,99213.01,ANCHOR BOLTS,
2322,紧固件/螺栓,H10_40,,-173068.97,119487.01,ANCHOR BOLTS,
2323,紧固件/螺栓,H10_40,,-173068.97,120087.01,ANCHOR BOLTS,
2324,紧固件/螺栓,H10_40,,-173068.97,120687.01,ANCHOR BOLTS,
2325,紧固件/螺栓,H10_40,,-173068.97,121287.01,ANCHOR BOLTS,
2326,紧固件/螺栓,H10_40,,-173068.97,121847.01,ANCHOR BOLTS,
2327,紧固件/螺栓,H10_40,,-173068.97,122447.01,ANCHOR BOLTS,
2328,紧固件/螺栓,H10_40,,-173068.97,123047.01,ANCHOR BOLTS,
2329,紧固件/螺栓,H10_40,,-173068.97,123647.01,ANCHOR BOLTS,
2330,紧固件/螺栓,H10_40,,-167070.73,119487.02,ANCHOR BOLTS,
2331,紧固件/螺栓,H10_40,,-167070.73,120087.02,ANCHOR BOLTS,
2332,紧固件/螺栓,H10_40,,-167070.73,120687.02,ANCHOR BOLTS,
2333,紧固件/螺栓,H10_40,,-167070.73,121287.02,ANCHOR BOLTS,
2334,紧固件/螺栓,H10_40,,-167070.73,121847.02,ANCHOR BOLTS,
2335,紧固件/螺栓,H10_40,,-167070.73,122447.02,ANCHOR BOLTS,
2336,紧固件/螺栓,H10_40,,-167070.73,123047.02,ANCHOR BOLTS,
2337,紧固件/螺栓,H10_40,,-167070.73,123647.02,ANCHOR BOLTS,
2338,紧固件/螺栓,H10_40,,-165818.97,119337.01,ANCHOR BOLTS,
2339,紧固件/螺栓,H10_40,,-165818.97,119937.01,ANCHOR BOLTS,
2340,紧固件/螺栓,H10_40,,-165818.97,120537.01,ANCHOR BOLTS,
2341,紧固件/螺栓,H10_40,,-165818.97,121137.01,ANCHOR BOLTS,
2342,紧固件/螺栓,H10_40,,-159872.57,119487.01,ANCHOR BOLTS,
2343,紧固件/螺栓,H10_40,,-159872.57,120087.01,ANCHOR BOLTS,
2344,紧固件/螺栓,H10_40,,-159872.57,120687.01,ANCHOR BOLTS,
2345,紧固件/螺栓,H10_40,,-159872.57,121287.01,ANCHOR BOLTS,
2346,紧固件/螺栓,H10_40,,-149056.86,119337.01,ANCHOR BOLTS,
2347,紧固件/螺栓,H10_40,,-149056.86,119937.01,ANCHOR BOLTS,
2348,紧固件/螺栓,H10_40,,-149056.86,120537.01,ANCHOR BOLTS,
2349,紧固件/螺栓,H10_40,,-149056.86,121137.01,ANCHOR BOLTS,
2350,紧固件/螺栓,H10_40,,-143108.65,119487.01,ANCHOR BOLTS,
2351,紧固件/螺栓,H10_40,,-143108.65,120087.01,ANCHOR BOLTS,
2352,紧固件/螺栓,H10_40,,-143108.65,120687.01,ANCHOR BOLTS,
2353,紧固件/螺栓,H10_40,,-143108.65,121287.01,ANCHOR BOLTS,
2354,紧固件/螺栓,H10_40,,-141856.86,119487.01,ANCHOR BOLTS,
2355,紧固件/螺栓,H10_40,,-141856.86,120087.01,ANCHOR BOLTS,
2356,紧固件/螺栓,H10_40,,-141856.86,120687.01,ANCHOR BOLTS,
2357,紧固件/螺栓,H10_40,,-141856.86,121347.01,ANCHOR BOLTS,
2358,紧固件/螺栓,H10_40,,-141856.86,121947.01,ANCHOR BOLTS,
2359,紧固件/螺栓,H10_40,,-141856.86,122547.01,ANCHOR BOLTS,
2360,紧固件/螺栓,H10_40,,-135916.92,119487.01,ANCHOR BOLTS,
2361,紧固件/螺栓,H10_40,,-135916.92,120087.01,ANCHOR BOLTS,
2362,紧固件/螺栓,H10_40,,-135916.92,120687.01,ANCHOR BOLTS,
2363,紧固件/螺栓,H10_40,,-135916.92,121287.01,ANCHOR BOLTS,
2364,紧固件/螺栓,H10_40,,-135916.92,122147.01,ANCHOR BOLTS,
2365,紧固件/螺栓,H10_40,,-135916.92,122747.01,ANCHOR BOLTS,
2366,紧固件/螺栓,H10_40,,-135916.92,123347.01,ANCHOR BOLTS,
2367,紧固件/螺栓,H10_40,,-135916.92,123947.01,ANCHOR BOLTS,
2368,紧固件/螺栓,H10_40,,-143108.65,121847.01,ANCHOR BOLTS,
2369,紧固件/螺栓,H10_40,,-143108.65,122447.01,ANCHOR BOLTS,
2370,紧固件/螺栓,H10_40,,-143108.65,123047.01,ANCHOR BOLTS,
2371,紧固件/螺栓,H10_40,,-143108.65,123647.01,ANCHOR BOLTS,
2372,紧固件/螺栓,H10_40,,-159870.77,107120.01,ANCHOR BOLTS,
2373,紧固件/螺栓,H10_40,,-159870.77,107720.01,ANCHOR BOLTS,
2374,紧固件/螺栓,H10_40,,-159870.77,108320.01,ANCHOR BOLTS,
2375,紧固件/螺栓,H10_40,,-159870.77,108920.01,ANCHOR BOLTS,
2376,紧固件/螺栓,H10_40,,-159870.77,94753.01,ANCHOR BOLTS,
2377,紧固件/螺栓,H10_40,,-159870.77,95353.01,ANCHOR BOLTS,
2378,紧固件/螺栓,H10_40,,-159870.77,95953.01,ANCHOR BOLTS,
2379,紧固件/螺栓,H10_40,,-159870.77,96553.01,ANCHOR BOLTS,
